{"format":{"cpu":["energy"],"gpu":[]},"groups":[{"extra":null,"label":null,"sections":[{"executions":[{"cpu":[{"cores":[[74851.97714],[74852.836025],[74853.661645],[74854.485496],[74855.310811],[74856.141558],[74856.971207],[74857.804884],[74858.644665],[74859.479684],[74860.308845],[74861.133062],[74861.959964],[74862.791688],[74863.629637],[74864.456967],[74865.279108],[74866.100639],[74866.923086],[74867.760608],[74868.582872],[74869.430526],[74870.271344],[74871.097575],[74871.933632],[74872.771704],[74873.60477],[74874.432344],[74875.269988],[74876.109219],[74876.967921],[74877.954369],[74884.577826],[74891.623706],[74898.665741],[74905.748609],[74912.58282],[74919.591591],[74926.565755],[74933.437747],[74940.383164],[74947.365873],[74954.36555],[74961.120171],[74968.258459],[74975.361773],[74982.530334],[74989.39079],[74996.536951],[75003.667792],[75010.526539],[75017.550996],[75024.571791],[75031.632808],[75038.433084],[75045.623007],[75052.81],[75059.585617],[75066.573332],[75073.628916],[75080.384392],[75087.313818],[75094.290485],[75101.144532],[75108.282026],[75115.437464],[75122.448677],[75129.621754],[75136.765779],[75143.652907],[75150.685116],[75157.760171],[75164.553855],[75171.71619],[75178.799118],[75185.620756],[75192.626659],[75199.451531],[75206.568884],[75213.720172],[75220.483948],[75227.641706],[75234.647181],[75241.73957],[75248.765431],[75255.645235],[75262.642227],[75269.396604],[75276.269999],[75283.083886],[75290.141607],[75297.059253],[75304.160309],[75311.135144],[75318.228815],[75325.124061],[75332.18398],[75339.127138],[75346.248275],[75353.039456],[75359.994944],[75366.842338],[75373.64475],[75380.701861],[75387.607605],[75394.550824],[75401.643458],[75408.611518],[75415.549855],[75422.522249],[75429.518814],[75436.474728],[75443.380839],[75450.300865],[75457.251592],[75464.151904],[75470.995392],[75477.838819],[75484.640804],[75491.499551],[75498.273948],[75505.049809],[75511.82091],[75518.606598],[75525.384901],[75532.114681],[75538.779154],[75545.375084],[75548.687515],[75555.839108],[75563.060708],[75570.284383],[75577.477968],[75584.69493],[75591.884182],[75598.885751],[75605.433463],[75611.986974],[75618.528034],[75625.069521],[75631.641038],[75638.202666],[75644.751722],[75650.861325]],"dram":[[150866.24873],[150866.349559],[150866.450633],[150866.551768],[150866.652903],[150866.755137],[150866.856211],[150866.957468],[150867.058481],[150867.159616],[150867.26069],[150867.36213],[150867.463204],[150867.564339],[150867.666695],[150867.767769],[150867.868904],[150867.970161],[150868.071235],[150868.17237],[150868.273322],[150868.374823],[150868.476934],[150868.578008],[150868.679449],[150868.7804],[150868.881719],[150868.982976],[150869.08405],[150869.185185],[150869.286442],[150869.402896],[150869.783816],[150870.161867],[150870.5401],[150870.921935],[150871.307249],[150871.683835],[150872.066525],[150872.458064],[150872.869867],[150873.275628],[150873.679008],[150874.08483],[150874.464102],[150874.845754],[150875.23119],[150875.61925],[150875.996752],[150876.376694],[150876.782089],[150877.188582],[150877.600446],[150878.004559],[150878.396709],[150878.774821],[150879.157449],[150879.567543],[150879.975501],[150880.386206],[150880.794103],[150881.198276],[150881.605868],[150881.998445],[150882.34604],[150882.696808],[150883.072234],[150883.453336],[150883.837552],[150884.24258],[150884.65066],[150885.062768],[150885.467247],[150885.847434],[150886.239218],[150886.648824],[150887.055439],[150887.467242],[150887.848223],[150888.229325],[150888.63295],[150889.014174],[150889.400648],[150889.77998],[150890.172374],[150890.582896],[150890.991098],[150891.397347],[150891.798408],[150892.201849],[150892.59052],[150892.984135],[150893.365176],[150893.758364],[150894.138673],[150894.535828],[150894.924743],[150895.317381],[150895.697873],[150896.107662],[150896.514094],[150896.921991],[150897.331109],[150897.721977],[150898.101675],[150898.466787],[150898.847889],[150899.235584],[150899.616991],[150899.97014],[150900.354905],[150900.741256],[150901.112532],[150901.482587],[150901.870159],[150902.253337],[150902.649637],[150903.054666],[150903.451332],[150903.845984],[150904.241919],[150904.64475],[150905.046116],[150905.443698],[150905.839204],[150906.239167],[150906.639068],[150907.030791],[150907.43649],[150907.772427],[150908.103786],[150908.434901],[150908.766016],[150909.097436],[150909.429283],[150909.757163],[150910.048483],[150910.342123],[150910.636128],[150910.927631],[150911.219318],[150911.511065],[150911.803117],[150912.072892]],"gpu":[],"package":[[78417.480769],[78418.407707],[78419.302786],[78420.195606],[78421.089158],[78421.989119],[78422.896771],[78423.79899],[78424.707435],[78425.611913],[78426.509859],[78427.403717],[78428.299589],[78429.199977],[78430.116418],[78431.012656],[78431.90395],[78432.794389],[78433.685744],[78434.591992],[78435.482188],[78436.400215],[78437.318731],[78438.214053],[78439.118836],[78440.025877],[78440.927913],[78441.824334],[78442.73046],[78443.638722],[78444.565538],[78445.630477],[78452.395291],[78459.573557],[78466.743399],[78474.025668],[78480.992264],[78488.136594],[78495.305521],[78502.309958],[78509.458439],[78516.573777],[78523.714078],[78530.675669],[78537.944144],[78545.182651],[78552.557144],[78559.547361],[78566.828409],[78574.090536],[78581.161807],[78588.323227],[78595.486722],[78602.750985],[78609.696341],[78617.022311],[78624.396316],[78631.315182],[78638.446023],[78645.712118],[78652.61243],[78659.674241],[78666.855436],[78673.864268],[78681.105033],[78688.449741],[78695.595535],[78702.895993],[78710.240029],[78717.272055],[78724.448916],[78731.724105],[78738.662686],[78745.956612],[78753.244008],[78760.207003],[78767.348098],[78774.393673],[78781.63511],[78788.923238],[78795.827823],[78803.194747],[78810.325649],[78817.551644],[78824.784353],[78831.802035],[78838.956008],[78845.907956],[78852.912271],[78859.872153],[78867.138309],[78874.189072],[78881.424588],[78888.60383],[78895.822684],[78902.860019],[78910.123978],[78917.200437],[78924.451273],[78931.397117],[78938.560917],[78945.544541],[78952.514555],[78959.758616],[78966.819695],[78973.882421],[78981.118669],[78988.237303],[78995.391521],[79002.501122],[79009.647527],[79016.748949],[79023.793365],[79030.861584],[79037.96264],[79045.0073],[79052.080341],[79059.076722],[79066.029585],[79073.035548],[79079.969063],[79086.892385],[79093.82236],[79100.826187],[79107.75366],[79114.631389],[79121.465112],[79128.21308],[79131.726133],[79139.048135],[79146.403097],[79153.757937],[79161.082198],[79168.427455],[79175.75019],[79182.884632],[79189.551058],[79196.225418],[79202.944456],[79209.601727],[79216.289576],[79222.966927],[79229.631033],[79235.878576]],"socket":0,"sys":[],"uncore":[]}],"range":{"end":{"absolute_address":"0x7fffeff84493","compilation_unit":null,"function_return":true},"start":{"address":"0x4045f0","compilation_unit":{"path":"/home/vlad/energy-profiler-evaluation/lapacke/lapacke.cpp"},"function_call":{"function":{"declared":{"column":5,"file":"/home/vlad/energy-profiler-evaluation/lapacke/lapacke.cpp","line":609},"static":false},"symbol":{"address":"0x4045f0","binding":"global","demangled_name":"main","local_entrypoint":"0x4045f0","mangled_name":"main","size":"0x97c"}}}},