{"format":{"cpu":["energy"],"gpu":[]},"groups":[{"extra":null,"label":null,"sections":[{"executions":[{"cpu":[{"cores":[[40166.315997],[40166.439898],[40166.551592],[40166.658708],[40166.741472],[40166.845048],[40166.943559],[40167.028153],[40167.151444],[40167.249954],[40167.337295],[40167.438308],[40167.537978],[40167.628066],[40167.728957],[40167.830092],[40167.920302],[40168.019789],[40168.119093],[40168.20796],[40168.29408],[40168.39198],[40168.489331],[40168.57948],[40168.659252],[40168.767529],[40168.869152],[40168.950634],[40169.056224],[40169.154857],[40169.23646],[40169.329905],[40169.428293],[40169.513681],[40169.610117],[40169.708383],[40169.788583],[40169.888192],[40170.004708],[40170.086312],[40170.187996],[40170.286018],[40170.366646],[40170.475471],[40170.57624],[40170.659247],[40170.761237],[40170.859991],[40170.945135],[40171.0492],[40171.148199],[40171.229619],[40171.334294],[40171.44196],[40171.525517],[40171.630986],[40171.735783],[40171.818912],[40171.921634],[40172.020877],[40172.121707],[40172.217654],[40172.298037],[40172.380862],[40172.466433],[40172.572572],[40172.672426],[40172.753846],[40172.857545],[40172.954468],[40173.041688],[40173.144837],[40173.243286],[40173.329406],[40173.428588],[40173.522338],[40173.608153],[40173.714049],[40173.827574],[40173.909666],[40174.012693],[40174.110593],[40174.19592],[40174.284116],[40174.380795],[40174.479916],[40174.562741],[40174.663632],[40174.761227],[40174.844173],[40174.945003],[40175.040523],[40175.122127],[40175.226252],[40175.322077],[40175.408137],[40175.505854],[40175.60296],[40175.693231],[40175.781182],[40175.867425]],"dram":[[145272.781482],[145272.873278],[145272.965075],[145273.056994],[145273.149645],[145273.241441],[145273.333238],[145273.42595],[145273.517808],[145273.609543],[145273.702256],[145273.794052],[145273.885849],[145273.977584],[145274.070297],[145274.162093],[145274.25389],[145274.346602],[145274.438399],[145274.530195],[145274.622908],[145274.714643],[145274.80644],[145274.898297],[145274.990949],[145275.082745],[145275.174542],[145275.267193],[145275.35899],[145275.450786],[145275.543559],[145275.635234],[145275.727092],[145275.818827],[145275.911539],[145276.003336],[145276.095133],[145276.187784],[145276.279642],[145276.371377],[145276.463235],[145276.555947],[145276.647683],[145276.739479],[145276.832191],[145276.923927],[145277.015785],[145277.108497],[145277.200232],[145277.292029],[145277.383826],[145277.476477],[145277.568335],[145277.66007],[145277.752843],[145277.844579],[145277.936315],[145278.029088],[145278.120884],[145278.21262],[145278.305332],[145278.397129],[145278.488864],[145278.580722],[145278.673434],[145278.76517],[145278.857028],[145278.949679],[145279.041475],[145279.133272],[145279.225984],[145279.31772],[145279.409516],[145279.501313],[145279.594025],[145279.685761],[145279.777618],[145279.87027],[145279.962066],[145280.053863],[145280.14566],[145280.238372],[145280.330168],[145280.421965],[145280.514738],[145280.606474],[145280.698209],[145280.790922],[145280.882718],[145280.974515],[145281.06625],[145281.158963],[145281.25082],[145281.342556],[145281.435329],[145281.527065],[145281.6188],[145281.710658],[145281.80337],[145281.895106],[145281.960291]],"gpu":[],"package":[[40230.857091],[40231.056432],[40231.233311],[40231.404209],[40231.555515],[40231.723849],[40231.888156],[40232.038912],[40232.227937],[40232.390779],[40232.544343],[40232.712311],[40232.876678],[40233.031524],[40233.199492],[40233.365691],[40233.522123],[40233.6882],[40233.852201],[40234.006558],[40234.158169],[40234.322903],[40234.484951],[40234.6412],[40234.787501],[40234.960963],[40235.127771],[40235.27572],[40235.446557],[40235.6083],[40235.757775],[40235.917808],[40236.081687],[40236.232383],[40236.395468],[40236.558615],[40236.704061],[40236.87032],[40237.051106],[40237.19875],[40237.366047],[40237.529987],[40237.677203],[40237.851458],[40238.018023],[40238.167192],[40238.33516],[40238.497758],[40238.650895],[40238.819961],[40238.98384],[40239.132766],[40239.302626],[40239.475783],[40239.626112],[40239.796583],[40239.966687],[40240.114453],[40240.284252],[40240.446483],[40240.614513],[40240.777415],[40240.922739],[40241.070566],[40241.220895],[40241.391549],[40241.559151],[40241.707649],[40241.87519],[40242.038886],[40242.190925],[40242.359564],[40242.52503],[40242.67658],[40242.840825],[40243.001408],[40243.150456],[40243.324955],[40243.503543],[40243.649051],[40243.817263],[40243.983645],[40244.133974],[40244.287599],[40244.449464],[40244.615479],[40244.763184],[40244.929443],[40245.094054],[40245.240111],[40245.408018],[40245.569944],[40245.7171],[40245.886411],[40246.047543],[40246.199093],[40246.363033],[40246.525081],[40246.682551],[40246.835627],[40246.967341]],"socket":0,"sys":[],"uncore":[]}],"range":{"end":{"absolute_address":"0x7ffff6e47493","compilation_unit":null,"function_return":true},"start":{"address":"0x401be0","compilation_unit":{"path":"/home/vlad/energy-profiler-evaluation/sleep/sleep.cpp"},"function_call":{"function":{"declared":{"column":5,"file":"/home/vlad/energy-profiler-evaluation/sleep/sleep.cpp","line":19},"static":false},"symbol":{"address":"0x401be0","binding":"global","demangled_name":"main","local_entrypoint":"0x401be0","mangled_name":"main","size":"0xa5"}}}},"sample_times":[1652832774999482912,1652832775099820875,1652832775200151063,1652832775300381434,1652832775400701787,1652832775501034188,1652832775601270032,1652832775701589618,1652832775801919759,1652832775902153402,1652832776002471068,1652832776102802427,1652832776203044643,1652832776303367962,1652832776403689839,1652832776503921307,1652832776604245796,1652832776704572536,1652832776804801552,1652832776905119314,1652832777005443414,1652832777105764746,1652832777206000450,1652832777306326242,1652832777406651770,1652832777506979725,1652832777607214004,1652832777707539932,1652832777807874003,1652832777908106783,1652832778008424084,1652832778108745309,1652832778208979578,1652832778309302869,1652832778409642040,1652832778509872759,1652832778610189957,1652832778710527263,1652832778810767946,1652832778911089217,1652832779011411248,1652832779111644409,1652832779211983191,1652832779312306254,1652832779412542831,1652832779512868806,1652832779613186015,1652832779713424376,1652832779813749285,1652832779914073313,1652832780014306178,1652832780114631793,1652832780214956763,1652832780315189204,1652832780415523544,1652832780515848950,1652832780616083124,1652832780716406096,1652832780816729156,1652832780917055615,1652832781017384081,1652832781117615154,1652832781217936671,1652832781318266006,1652832781418584432,1652832781518916756,1652832781619148526,1652832781719473985,1652832781819803490,1652832781920034699,1652832782020366377,1652832782120686257,1652832782220920952,1652832782321252349,1652832782421571710,1652832782521801770,1652832782622127407,1652832782722454150,1652832782822689894,1652832782923013084,1652832783023336723,1652832783123566729,1652832783223795979,1652832783324119554,1652832783424451046,1652832783524690299,1652832783625013666,1652832783725350237,1652832783825583800,1652832783925914236,1652832784026242146,1652832784126483373,1652832784226807140,1652832784327131782,1652832784427366606,1652832784527689881,1652832784628020511,1652832784728250580,1652832784828576066,1652832784928900925,1652832784999663788]}],"extra":null,"label":null}]}],"idle":[],"units":{"energy":"J","power":"W","time":"ns"}}