{"format":{"cpu":["energy"],"gpu":[]},"groups":[{"extra":null,"label":null,"sections":[{"executions":[{"cpu":[{"cores":[[79334.14456],[79335.014553],[79335.859826],[79336.707481],[79337.556966],[79338.403582],[79339.257767],[79340.092237],[79340.941417],[79341.794198],[79342.642951],[79343.470097],[79344.319522],[79345.175354],[79346.044188],[79346.884212],[79347.734918],[79348.630485],[79349.51067],[79350.374377],[79351.224411],[79352.073835],[79352.952312],[79353.830972],[79354.701514],[79355.646824],[79356.487215],[79357.353241],[79358.22128],[79359.083034],[79359.997521],[79360.87612],[79361.734028],[79362.575822],[79363.459365],[79364.316724],[79365.16511],[79366.067818],[79366.946356],[79367.811588],[79368.711427],[79369.577758],[79370.420102],[79371.324885],[79372.260429],[79373.614063],[79380.340059],[79387.196304],[79393.946836],[79400.844584],[79407.767174],[79414.605902],[79421.55437],[79428.501252],[79435.332594],[79442.3316],[79449.303628],[79456.183554],[79463.048405],[79469.846483],[79476.812285],[79483.775524],[79490.647394],[79497.532874],[79504.358296],[79511.302004],[79518.270126],[79525.155851],[79532.141856],[79538.984062],[79545.935705],[79552.761371],[79559.683594],[79566.644636],[79573.456508],[79580.319772],[79587.125113],[79594.084995],[79600.950029],[79607.934569],[79614.774762],[79621.73562],[79628.573127],[79635.406057],[79642.151645],[79649.107132],[79655.967405],[79662.808025],[79669.601282],[79676.537665],[79683.355763],[79690.244844],[79697.077896],[79704.004758],[79710.871318],[79717.731713],[79724.671941],[79731.501392],[79738.404755],[79745.25685],[79752.060177],[79758.912271],[79765.735923],[79772.557317],[79779.372119],[79786.205048],[79793.039198],[79799.817196],[79806.655252],[79813.461021],[79820.269841],[79827.056079],[79833.846711],[79840.606947],[79847.407894],[79854.189249],[79860.977196],[79867.77741],[79874.578113],[79881.328706],[79888.045058],[79894.7348],[79901.481059],[79908.17843],[79914.893683],[79921.58611],[79928.289706],[79934.97017],[79941.546325],[79948.121198],[79954.678311],[79961.157054],[79967.537653],[79973.870278],[79978.842311],[79984.877879],[79991.939934],[79998.972387],[80005.995257],[80013.00885],[80020.030072],[80026.736659],[80033.280038],[80039.821464],[80046.355017],[80052.888264],[80059.415591],[80065.96245],[80072.164338]],"dram":[[57869.632065],[57869.729782],[57869.826767],[57869.92369],[57870.020614],[57870.118392],[57870.215316],[57870.312239],[57870.410262],[57870.507124],[57870.604048],[57870.700971],[57870.797834],[57870.895673],[57870.992596],[57871.089581],[57871.187481],[57871.284344],[57871.381389],[57871.478313],[57871.576274],[57871.673015],[57871.769938],[57871.866679],[57871.964762],[57872.065103],[57872.161966],[57872.258829],[57872.35679],[57872.453713],[57872.550637],[57872.648537],[57872.7454],[57872.842323],[57872.939186],[57873.037208],[57873.134009],[57873.230933],[57873.327979],[57873.425757],[57873.522741],[57873.619604],[57873.717565],[57873.814306],[57873.910924],[57874.039769],[57874.394748],[57874.743197],[57875.088106],[57875.440827],[57875.792572],[57876.149566],[57876.495146],[57876.842374],[57877.214748],[57877.588893],[57877.963526],[57878.323449],[57878.651757],[57878.999046],[57879.350973],[57879.706808],[57880.061299],[57880.387165],[57880.728839],[57881.082292],[57881.435319],[57881.791641],[57882.144301],[57882.501478],[57882.842847],[57883.178722],[57883.534434],[57883.887339],[57884.238595],[57884.567147],[57884.91938],[57885.272406],[57885.639043],[57886.01508],[57886.391727],[57886.750491],[57887.105836],[57887.434083],[57887.776855],[57888.130309],[57888.489012],[57888.818845],[57889.168942],[57889.522029],[57889.888422],[57890.242852],[57890.616875],[57890.993522],[57891.370291],[57891.738759],[57892.109486],[57892.483264],[57892.85924],[57893.227952],[57893.593918],[57893.942672],[57894.305159],[57894.671857],[57895.028851],[57895.386211],[57895.756754],[57896.110391],[57896.470253],[57896.823463],[57897.184607],[57897.544775],[57897.906651],[57898.2728],[57898.639498],[57899.002657],[57899.375397],[57899.74765],[57900.110869],[57900.474333],[57900.822842],[57901.173122],[57901.533046],[57901.899378],[57902.261987],[57902.630821],[57903.009543],[57903.365805],[57903.719258],[57904.074055],[57904.426288],[57904.781511],[57905.137468],[57905.486466],[57905.843459],[57906.181593],[57906.498792],[57906.816357],[57907.1338],[57907.4546],[57907.772226],[57908.06727],[57908.357125],[57908.646675],[57908.936408],[57909.226141],[57909.515996],[57909.808842],[57910.070438]],"gpu":[],"package":[[17437.646887],[17438.593662],[17439.50461],[17440.417998],[17441.33334],[17442.25564],[17443.176414],[17444.076741],[17444.992022],[17445.919388],[17446.835096],[17447.727855],[17448.642953],[17449.573981],[17450.508976],[17451.414064],[17452.33081],[17453.300595],[17454.247248],[17455.17797],[17456.092397],[17457.016711],[17457.961411],[17458.9055],[17459.852153],[17460.863014],[17461.768652],[17462.700778],[17463.644013],[17464.57144],[17465.55154],[17466.497094],[17467.428855],[17468.335529],[17469.283952],[17470.208022],[17471.130627],[17472.098459],[17473.043525],[17473.982854],[17474.948489],[17475.880859],[17476.789182],[17477.768855],[17478.770317],[17480.157399],[17487.028902],[17494.014236],[17500.971921],[17508.005106],[17515.065085],[17522.044254],[17529.12407],[17536.203703],[17543.252391],[17550.395805],[17557.506566],[17564.528521],[17571.519042],[17578.454327],[17585.555933],[17592.732977],[17599.742603],[17606.754548],[17613.714796],[17620.795039],[17627.904274],[17634.924214],[17642.122499],[17649.106002],[17656.185268],[17663.143014],[17670.205435],[17677.299167],[17684.316605],[17691.304136],[17698.252055],[17705.34951],[17712.358586],[17719.485826],[17726.483855],[17733.643322],[17740.618402],[17747.578467],[17754.465595],[17761.555238],[17768.552717],[17775.518337],[17782.519601],[17789.587515],[17796.544284],[17803.572098],[17810.553037],[17817.621317],[17824.705589],[17831.70667],[17838.79326],[17845.763091],[17852.822826],[17859.809808],[17866.824927],[17873.812397],[17880.774537],[17887.733687],[17894.69363],[17901.649423],[17908.700552],[17915.616855],[17922.59401],[17929.529539],[17936.497844],[17943.407617],[17950.410223],[17957.316333],[17964.256013],[17971.18025],[17978.114681],[17985.070046],[17992.009177],[17998.965763],[18005.820176],[18012.644988],[18019.538952],[18026.37176],[18033.237343],[18040.075887],[18046.993594],[18053.812668],[18060.529753],[18067.235608],[18073.950495],[18080.548928],[18087.14614],[18093.617498],[18098.753776],[18104.917884],[18112.106098],[18119.274354],[18126.424055],[18133.64181],[18140.792792],[18147.618214],[18154.284884],[18160.941178],[18167.594176],[18174.247052],[18180.895656],[18187.624887],[18193.936272]],"socket":0,"sys":[],"uncore":[]}],"range":{"end":{"absolute_address":"0x7fffeff84493","compilation_unit":null,"function_return":true},"start":{"address":"0x4045f0","compilation_unit":{"path":"/home/vlad/energy-profiler-evaluation/lapacke/lapacke.cpp"},"function_call":{"function":{"declared":{"column":5,"file":"/home/vlad/energy-profiler-evaluation/lapacke/lapacke.cpp","line":609},"static":false},"symbol":{"address":"0x4045f0","binding":"global","demangled_name":"main","local_entrypoint":"0x4045f0","mangled_name":"main","size":"0x97c"}}}},