{"format":{"cpu":["energy"],"gpu":[]},"groups":[{"extra":null,"label":null,"sections":[{"executions":[{"cpu":[{"cores":[[19932.247191],[19933.205806],[19934.137872],[19935.083243],[19936.005421],[19936.943468],[19937.879622],[19938.803448],[19939.741007],[19940.676246],[19941.597631],[19942.534396],[19943.467621],[19944.388822],[19945.325953],[19946.261559],[19947.190756],[19948.132221],[19949.068498],[19949.986464],[19950.918957],[19951.810068],[19952.674751],[19953.561894],[19954.44562],[19955.303101],[19956.19824],[19957.102352],[19958.00213],[19958.91033],[19959.780262],[19960.642198],[19961.525863],[19962.422467],[19963.286235],[19964.143776],[19965.05155],[19972.360186],[19979.637145],[19986.930583],[19994.219993],[20001.55402],[20008.868271],[20016.172208],[20023.478158],[20030.816457],[20038.134127],[20045.519911],[20052.842768],[20060.157691],[20067.502154],[20074.820556],[20082.143718],[20089.455223],[20096.76978],[20104.112534],[20111.442227],[20118.825021],[20126.141897],[20133.47574],[20140.783095],[20148.112666],[20155.417029],[20162.766071],[20170.095642],[20177.427471],[20184.774864],[20192.130314000002],[20199.503037],[20206.851712],[20214.198373],[20221.533804],[20228.905916],[20236.221327],[20243.540583],[20250.869849],[20258.194598],[20265.523498],[20272.956462],[20280.334556],[20287.666019],[20294.994797],[20302.329556],[20309.670968],[20317.004812],[20324.336031],[20331.67256],[20338.983027],[20346.378516],[20353.730487],[20361.068236],[20368.391155],[20375.71273],[20383.023747],[20390.350022],[20397.665738],[20404.980355],[20412.306753],[20419.703523],[20427.035902],[20434.359553],[20441.689612],[20448.992267],[20456.298034],[20463.634563],[20470.494531],[20477.283271],[20484.639942],[20491.94516],[20499.256603],[20506.567498],[20513.87412],[20521.237199],[20528.55554],[20535.858805],[20543.168356],[20550.501223],[20557.835189],[20565.153102],[20572.479743],[20579.818836],[20587.168915],[20594.484692],[20601.791253],[20609.119237],[20616.418474],[20623.741514],[20631.079081],[20638.392172],[20645.718997],[20653.025802],[20660.363002],[20667.649849],[20674.951039],[20682.254182],[20689.557508],[20696.883234],[20704.18302],[20711.506975],[20718.826476],[20726.078899],[20727.938757]],"dram":[[217086.594647],[217086.842388],[217087.091228],[217087.271159],[217087.387736],[217087.50413],[217087.620828],[217087.738504],[217087.855081],[217087.97178],[217088.088601],[217088.206459],[217088.323158],[217088.439735],[217088.5568],[217088.675025],[217088.791968],[217088.909033],[217089.025976],[217089.144323],[217089.261083],[217089.378575],[217089.495824],[217089.614171],[217089.731541],[217089.848911],[217089.966281],[217090.085056],[217090.202609],[217090.320162],[217090.437594],[217090.556063],[217090.673494],[217090.791047],[217090.90854],[217091.027253],[217091.151276],[217091.524261],[217091.922697],[217092.296048],[217092.661648],[217093.036098],[217093.415125],[217093.798547],[217094.193505],[217094.590659],[217094.980734],[217095.375203],[217095.769733],[217096.148395],[217096.519426],[217096.892411],[217097.268082],[217097.657119],[217098.051405],[217098.440808],[217098.839123],[217099.238963],[217099.618478],[217099.985787],[217100.364753],[217100.74549],[217101.129644],[217101.525944],[217101.921634],[217102.312807],[217102.712709],[217103.107422],[217103.475829],[217103.845274],[217104.212644],[217104.588253],[217104.974666],[217105.360956],[217105.752679],[217106.151848],[217106.541495],[217106.934317],[217107.318959],[217107.686268],[217108.052783],[217108.431078],[217108.813035],[217109.198288],[217109.595687],[217109.993208],[217110.384808],[217110.775798],[217111.167155],[217111.534158],[217111.905617],[217112.288185],[217112.676184],[217113.065465],[217113.462864],[217113.860752],[217114.258883],[217114.634858],[217115.001618],[217115.374603],[217115.754362],[217116.143766],[217116.535977],[217116.929591],[217117.328028],[217117.742394],[217118.140526],[217118.503684],[217118.867392],[217119.235616],[217119.600849],[217119.965655],[217120.329119],[217120.695329],[217121.059891],[217121.42549],[217121.794203],[217122.158643],[217122.523998],[217122.888866],[217123.253794],[217123.619149],[217123.984505],[217124.354011],[217124.719671],[217125.08637],[217125.450688],[217125.8147],[217126.178957],[217126.542543],[217126.909546],[217127.272277],[217127.636168],[217128.000974],[217128.366513],[217128.73315],[217129.099116],[217129.466241],[217129.831658],[217130.200553],[217130.582816],[217130.717215]],"gpu":[],"package":[[21276.977452],[21278.076692],[21279.150359],[21280.205654],[21281.191735],[21282.193747],[21283.194416],[21284.191117],[21285.192885],[21286.192394],[21287.177621],[21288.187445],[21289.185001],[21290.169618],[21291.170714],[21292.180172],[21293.17254],[21294.177786],[21295.179737],[21296.170152],[21297.166365],[21298.12315],[21299.052407],[21300.01261],[21300.961826],[21301.883577],[21302.843352],[21303.82272],[21304.787134],[21305.75936],[21306.695393],[21307.630816],[21308.578567],[21309.540784],[21310.468638],[21311.400215],[21312.36231],[21319.78087],[21327.269987],[21334.700937],[21342.123281],[21349.657319],[21357.106885],[21364.553277],[21372.066564],[21379.544938],[21387.002744],[21394.596352],[21402.052571],[21409.510377],[21417.052838],[21424.500695],[21431.958317],[21439.480698],[21446.933926],[21454.416817],[21461.883839],[21469.486053],[21476.946178],[21484.414115],[21491.924899],[21499.390945],[21506.839107],[21514.395423],[21521.867511],[21529.330687],[21536.893473],[21544.393088],[21551.884829],[21559.437117],[21566.915674],[21574.391485],[21581.967271],[21589.416349],[21596.87153],[21604.411916],[21611.87552],[21619.345716],[21626.987847],[21634.496861],[21641.953568],[21649.499936],[21656.963662],[21664.441426],[21671.992798],[21679.462505],[21686.932518],[21694.391178],[21702.003341],[21709.501064],[21716.980781],[21724.455859],[21731.922698],[21739.390819],[21746.941703],[21754.410006],[21761.879348],[21769.352778],[21776.898779],[21784.369585],[21791.837035],[21799.387919],[21806.84371],[21814.302675],[21821.79405],[21828.826686],[21835.765755],[21843.264881],[21850.721588],[21858.245068],[21865.700127],[21873.149937],[21880.655899],[21888.115719],[21895.562599],[21903.016376],[21910.568664],[21918.039775],[21925.497276],[21932.971988],[21940.454635],[21947.955043],[21955.401191],[21962.93053],[21970.400359],[21977.843883],[21985.303519],[21992.784701],[22000.242568],[22007.711055],[22015.235266],[22022.716143],[22030.144164],[22037.584635],[22045.042319],[22052.488772],[22059.958052],[22067.404505],[22074.872016],[22082.403185],[22089.810332],[22091.721277]],"socket":0,"sys":[],"uncore":[]}],"range":{"end":{"absolute_address":"0x7fffeff84493","compilation_unit":null,"function_return":true},"start":{"address":"0x4026e0","compilation_unit":{"path":"/home/vlad/energy-profiler-evaluation/cblas/cblas.cpp"},"function_call":{"function":{"declared":{"column":5,"file":"/home/vlad/energy-profiler-evaluation/cblas/cblas.cpp","line":208},"static":false},"symbol":{"address":"0x4026e0","binding":"global","demangled_name":"main","local_entrypoint":"0x4026e0","mangled_name":"main","size":"0x39d"}}}},