{"format":{"cpu":["energy"],"gpu":[]},"groups":[{"extra":null,"label":null,"sections":[{"executions":[{"cpu":[{"cores":[[71434.129933],[71434.259022],[71434.359241],[71434.46471],[71434.546253],[71434.649158],[71434.752856],[71434.837023],[71434.928515],[71435.03496],[71435.140062],[71435.227525],[71435.331834],[71435.414659],[71435.516526],[71435.618454],[71435.705124],[71435.816696],[71435.903976],[71436.00267],[71436.112289],[71436.195968],[71436.295638],[71436.399519],[71436.500227],[71436.597578],[71436.696516],[71436.792951],[71436.876874],[71436.977582],[71437.084637],[71437.162945],[71437.279095],[71437.37138],[71437.454753],[71437.569316],[71437.654277],[71437.782817],[71437.868021],[71437.971964],[71438.092142],[71438.174966],[71438.276529],[71438.382791],[71438.466653],[71438.575844],[71438.675514],[71438.77372],[71438.862526],[71438.963844],[71439.073646],[71439.162513],[71439.280188],[71439.379614],[71439.469275],[71439.57633],[71439.664587],[71439.766149],[71439.873326],[71439.973241],[71440.078465],[71440.164219],[71440.262547],[71440.36832],[71440.449253],[71440.551547],[71440.661593],[71440.751864],[71440.841708],[71440.943148],[71441.063814],[71441.152986],[71441.25345],[71441.365754],[71441.449921],[71441.563202],[71441.667572],[71441.751251],[71441.841644],[71441.928253],[71442.041778],[71442.133391],[71442.229644],[71442.330656],[71442.41989],[71442.520231],[71442.625394],[71442.73068],[71442.830838],[71442.928799],[71443.031949],[71443.130276],[71443.228786],[71443.332058],[71443.415676],[71443.527431],[71443.615199],[71443.718226],[71443.802577],[71443.907435],[71443.970606]],"dram":[[57403.602008],[57403.693866],[57403.785602],[57403.877398],[57403.97011],[57404.061907],[57404.153643],[57404.246416],[57404.338212],[57404.430009],[57404.521806],[57404.614518],[57404.706254],[57404.798966],[57404.890762],[57404.982559],[57405.074356],[57405.167007],[57405.258803],[57405.3506],[57405.443312],[57405.535109],[57405.626905],[57405.718702],[57405.811353],[57405.903211],[57405.995008],[57406.087659],[57406.179455],[57406.271252],[57406.364025],[57406.4557],[57406.547496],[57406.639293],[57406.732005],[57406.823802],[57406.915598],[57407.008311],[57407.100107],[57407.191843],[57407.284555],[57407.376352],[57407.468148],[57407.56086],[57407.652596],[57407.744393],[57407.836189],[57407.928902],[57408.020698],[57408.112495],[57408.205207],[57408.296943],[57408.388739],[57408.480536],[57408.573248],[57408.665045],[57408.75678],[57408.849492],[57408.941289],[57409.033086],[57409.125798],[57409.217533],[57409.30933],[57409.402164],[57409.4939],[57409.585697],[57409.677493],[57409.770205],[57409.862002],[57409.953738],[57410.046572],[57410.138307],[57410.230104],[57410.322877],[57410.414674],[57410.506471],[57410.598267],[57410.690979],[57410.782715],[57410.874512],[57410.967163],[57411.05902],[57411.150817],[57411.243468],[57411.335265],[57411.427062],[57411.519774],[57411.611509],[57411.703306],[57411.795164],[57411.887815],[57411.979611],[57412.071408],[57412.16412],[57412.255917],[57412.347652],[57412.440365],[57412.532161],[57412.623958],[57412.715693],[57412.78094]],"gpu":[],"package":[[9332.162327],[9332.3671],[9332.530552],[9332.70267],[9332.85068],[9333.016634],[9333.187471],[9333.337984],[9333.493806],[9333.665131],[9333.836578],[9333.9888],[9334.158233],[9334.307891],[9334.475676],[9334.643095],[9334.795011],[9334.973111],[9335.125149],[9335.288845],[9335.463772],[9335.613674],[9335.778163],[9335.946864],[9336.114161],[9336.275598],[9336.440515],[9336.603417],[9336.752404],[9336.916893],[9337.090721],[9337.235434],[9337.416037],[9337.572104],[9337.722372],[9337.903402],[9338.053426],[9338.248554],[9338.39748],[9338.566608],[9338.754901],[9338.902789],[9339.067156],[9339.241533],[9339.391313],[9339.564469],[9339.731034],[9339.895889],[9340.04866],[9340.215102],[9340.391493],[9340.544447],[9340.729017],[9340.894239],[9341.047803],[9341.220532],[9341.375744],[9341.543773],[9341.715892],[9341.881541],[9342.0525],[9342.203928],[9342.36744],[9342.538705],[9342.686348],[9342.854072],[9343.028999],[9343.185676],[9343.341132],[9343.508246],[9343.69544],[9343.849309],[9344.014958],[9344.192509],[9344.34296],[9344.519229],[9344.690799],[9344.840823],[9344.994143],[9345.146913],[9345.326295],[9345.484254],[9345.645874],[9345.811584],[9345.967041],[9346.13269],[9346.303038],[9346.474913],[9346.640501],[9346.803769],[9346.97308],[9347.137265],[9347.301205],[9347.469295],[9347.619929],[9347.79687],[9347.949885],[9348.118341],[9348.267816],[9348.439324],[9348.549431]],"socket":0,"sys":[],"uncore":[]}],"range":{"end":{"absolute_address":"0x7ffff6e47493","compilation_unit":null,"function_return":true},"start":{"address":"0x401be0","compilation_unit":{"path":"/home/vlad/energy-profiler-evaluation/sleep/sleep.cpp"},"function_call":{"function":{"declared":{"column":5,"file":"/home/vlad/energy-profiler-evaluation/sleep/sleep.cpp","line":19},"static":false},"symbol":{"address":"0x401be0","binding":"global","demangled_name":"main","local_entrypoint":"0x401be0","mangled_name":"main","size":"0xa5"}}}},"sample_times":[273076052267731,273076152606341,273076252935339,273076353175850,273076453498859,273076553818717,273076654051267,273076754379716,273076854701620,273076955026046,273077055258137,273077155581842,273077255903943,273077356218915,273077456541691,273077556772635,273077657093188,273077757419604,273077857745701,273077958073863,273078058309638,273078158629423,273078258958515,273078359188187,273078459509492,273078559832591,273078660067050,273078760392395,273078860714119,273078961037776,273079061270194,273079161597632,273079261920017,273079362101649,273079462433727,273079562751968,273079663070643,273079763393569,273079863713312,273079964040151,273080064274927,273080164596414,273080264917573,273080365157663,273080465479355,273080565803018,273080666043807,273080766368453,273080866689403,273080967020234,273081067248861,273081167568786,273081267891460,273081368126835,273081468451484,273081568784160,273081669111445,273081769438074,273081869779192,273081970115855,273082070349454,273082170670916,273082270996902,273082371229295,273082471549523,273082571874644,273082672106499,273082772434388,273082872762795,273082973088308,273083073319615,273083173648499,273083273976089,273083374206528,273083474523940,273083574811307,273083675039475,273083775370784,273083875693171,273083976016017,273084076344924,273084176670273,273084276992198,273084377226833,273084477552718,273084577880898,273084678209733,273084778448388,273084878773614,273084979092677,273085079333098,273085179649168,273085279975424,273085380213291,273085480534956,273085580862813,273085681186762,273085781506792,273085881830295,273085982154358,273086052452518]}],"extra":null,"label":null}]}],"idle":[],"units":{"energy":"J","power":"W","time":"ns"}}