{"format":{"cpu":["energy"],"gpu":[]},"groups":[{"extra":null,"label":null,"sections":[{"executions":[{"cpu":[{"cores":[[80903.70237],[80904.634863],[80905.557773],[80906.498384],[80907.433135],[80908.354397],[80909.295679],[80910.219016],[80911.157613],[80912.094988],[80913.018631],[80913.958387],[80914.879954],[80915.807503],[80916.731024],[80917.655948],[80918.59784],[80919.532835],[80920.470455],[80921.393487],[80922.333731],[80923.270558],[80924.192247],[80925.115279],[80926.05357],[80926.976114],[80927.918434],[80928.853978],[80929.775241],[80930.715241],[80931.650297],[80932.9443],[80939.852363],[80946.977894],[80954.118745],[80961.189894],[80968.106869],[80975.199685],[80982.360982],[80989.242618],[80996.279709],[81003.353605],[81010.467966],[81017.260612],[81024.391515],[81031.539934],[81038.779295],[81045.564068],[81052.623315],[81059.730535],[81066.578052],[81073.735749],[81080.997693],[81088.255609],[81095.120581],[81102.301715],[81109.523987],[81116.514265],[81123.710962],[81130.941779],[81137.857716],[81144.938935],[81152.044142],[81158.847225],[81166.045327],[81173.255818],[81180.337282],[81187.574446],[81194.795558],[81201.711678],[81208.802175],[81215.922824],[81222.830032],[81230.037778],[81237.218423],[81244.225119],[81251.43732],[81258.38054],[81265.582792],[81272.776438],[81279.779899],[81286.973789],[81293.94655],[81301.110472],[81308.170634],[81315.278465],[81322.480534],[81329.529222],[81336.718413],[81343.652172],[81350.838982],[81357.787023],[81364.978289],[81371.864563],[81378.913495],[81385.796717],[81392.869331],[81399.785512],[81406.924349],[81413.80043],[81420.82684],[81427.750406],[81434.709617],[81441.80518],[81448.671495],[81455.554534],[81462.582287],[81469.410151],[81476.30558],[81483.381367],[81490.295778],[81497.212875],[81504.174954],[81511.059397],[81517.949943],[81524.891881],[81531.812518],[81538.699402],[81545.665204],[81552.577784],[81559.446297],[81566.245352],[81573.149631],[81579.982377],[81586.821959],[81593.597943],[81600.389674],[81607.077523],[81611.288938],[81617.475506],[81624.754724],[81632.028936],[81639.301317],[81646.588286],[81653.874949],[81661.160636],[81667.758886],[81674.394672],[81681.025881],[81687.658005],[81694.272673],[81700.902661],[81707.511897],[81714.161111],[81715.337378]],"dram":[[57958.223757],[57958.324709],[57958.42676],[57958.5282],[57958.629396],[57958.730409],[57958.832765],[57958.933778],[57959.034913],[57959.137268],[57959.238342],[57959.339599],[57959.440673],[57959.542663],[57959.644164],[57959.745238],[57959.847533],[57959.948484],[57960.052976],[57960.154356],[57960.256528],[57960.357602],[57960.45892],[57960.559994],[57960.662411],[57960.763424],[57960.864559],[57960.966853],[57961.067805],[57961.169184],[57961.270503],[57961.408869],[57961.78991],[57962.168694],[57962.545768],[57962.925345],[57963.308827],[57963.689564],[57964.066516],[57964.463427],[57964.870408],[57965.277755],[57965.685469],[57966.091169],[57966.46922],[57966.852214],[57967.234354],[57967.645364],[57968.051979],[57968.458594],[57968.867834],[57969.247655],[57969.629368],[57970.01102],[57970.404085],[57970.782807],[57971.162872],[57971.548797],[57971.926115],[57972.307156],[57972.710476],[57973.117457],[57973.524622],[57973.932396],[57974.282554],[57974.629294],[57975.003683],[57975.387288],[57975.767475],[57976.17171],[57976.578081],[57976.984879],[57977.382339],[57977.766249],[57978.153211],[57978.542248],[57978.92097],[57979.314646],[57979.693429],[57980.072639],[57980.461127],[57980.843389],[57981.238408],[57981.619511],[57982.010257],[57982.392275],[57982.770631],[57983.158386],[57983.542784],[57983.939207],[57984.321713],[57984.715511],[57985.094599],[57985.495416],[57985.900872],[57986.315238],[57986.722098],[57987.121694],[57987.503773],[57987.909717],[57988.313524],[57988.724412],[57989.130722],[57989.517684],[57989.922163],[57990.331463],[57990.73814],[57991.146281],[57991.549295],[57991.930214],[57992.338782],[57992.738928],[57993.134496],[57993.541904],[57993.949008],[57994.354952],[57994.749177],[57995.144561],[57995.537261],[57995.942472],[57996.349636],[57996.728175],[57997.12942],[57997.509423],[57997.905296],[57998.307639],[57998.706076],[57999.099141],[57999.496601],[57999.847369],[58000.180315],[58000.510453],[58000.840531],[58001.170791],[58001.501112],[58001.830946],[58002.127515],[58002.417614],[58002.710887],[58003.001292],[58003.292062],[58003.583016],[58003.874336],[58004.16529],[58004.215217]],"gpu":[],"package":[[19046.567756],[19047.569158],[19048.559389],[19049.577392],[19050.580441],[19051.569086],[19052.58654],[19053.577138],[19054.583849],[19055.589095],[19056.588971],[19057.596659],[19058.586463],[19059.589879],[19060.580965],[19061.572051],[19062.580716],[19063.593897],[19064.599509],[19065.591389],[19066.607378],[19067.611709],[19068.601635],[19069.590708],[19070.607246],[19071.596928],[19072.607179],[19073.609252],[19074.608273],[19075.615106],[19076.618888],[19077.998584],[19085.048004],[19092.316174],[19099.599969],[19106.822729],[19113.882281],[19121.181396],[19128.482708],[19135.511865],[19142.710516],[19149.925646],[19157.195525],[19164.134411],[19171.419121],[19178.775304],[19186.160783],[19193.097105],[19200.30955],[19207.570945],[19214.57166],[19221.875413],[19229.35043],[19236.75306],[19243.765921],[19251.087008],[19258.451735],[19265.590816],[19272.957191],[19280.383564],[19287.450807],[19294.68498],[19301.9443],[19308.892646],[19316.225391],[19323.566986],[19330.8],[19338.253167],[19345.62235],[19352.684099],[19359.924925],[19367.19395],[19374.249779],[19381.671574],[19389.0056],[19396.158841],[19403.518564],[19410.61376],[19417.954501],[19425.297194],[19432.443233],[19439.860512],[19446.981526],[19454.285096],[19461.497968],[19468.74325],[19476.099433],[19483.28667],[19490.692108],[19497.775769],[19505.108208],[19512.205785],[19519.546038],[19526.597167],[19533.79124],[19540.820092],[19548.118291],[19555.186205],[19562.471343],[19569.502697],[19576.684197],[19583.764989],[19590.866534],[19598.190795],[19605.207928],[19612.246972],[19619.418768],[19626.415088],[19633.458283],[19640.668286],[19647.812128],[19654.879248],[19661.995319],[19669.029053],[19676.071089],[19683.172511],[19690.297737],[19697.33849],[19704.44626],[19711.52217],[19718.537105],[19725.481362],[19732.614401],[19739.597293],[19746.584946],[19753.521818],[19760.467113],[19767.310662],[19771.720075],[19778.017727],[19785.502144],[19792.909168],[19800.307953],[19807.721081],[19815.144219],[19822.558568],[19829.287005],[19836.030884],[19842.8477],[19849.594387],[19856.323801],[19863.065605],[19869.795324],[19876.561725],[19877.794937]],"socket":0,"sys":[],"uncore":[]}],"range":{"end":{"absolute_address":"0x7fffeff84493","compilation_unit":null,"function_return":true},"start":{"address":"0x4045f0","compilation_unit":{"path":"/home/vlad/energy-profiler-evaluation/lapacke/lapacke.cpp"},"function_call":{"function":{"declared":{"column":5,"file":"/home/vlad/energy-profiler-evaluation/lapacke/lapacke.cpp","line":609},"static":false},"symbol":{"address":"0x4045f0","binding":"global","demangled_name":"main","local_entrypoint":"0x4045f0","mangled_name":"main","size":"0x97c"}}}},