{"format":{"cpu":["energy"],"gpu":[]},"groups":[{"extra":null,"label":null,"sections":[{"executions":[{"cpu":[{"cores":[[73309.010326],[73309.843759],[73310.683539],[73311.522649],[73312.354067],[73313.175721],[73314.01544],[73314.852535],[73315.691156],[73316.513725],[73317.337026],[73318.17644],[73319.011094],[73319.834517],[73320.673565],[73321.506876],[73322.329933],[73323.169592],[73324.00455],[73324.825837],[73325.663482],[73326.497586],[73327.317713],[73328.155113],[73328.990072],[73329.809833],[73330.648027],[73331.484023],[73332.314832],[73333.135753],[73333.955208],[73334.793158],[73335.629093],[73336.450502],[73337.288696],[73338.120908],[73338.939388],[73339.776788],[73340.611808],[73341.433095],[73342.272936],[73343.107285],[73343.930036],[73344.753643],[73345.599161],[73346.88059],[73353.462055],[73360.145998],[73366.791977],[73373.530547],[73380.275097],[73386.927058],[73393.704384],[73400.466818],[73407.167484],[73413.993456],[73420.823211],[73427.572339],[73434.446589],[73441.160622],[73448.016989],[73454.790043],[73461.497607],[73468.343109],[73475.086012],[73481.945918],[73488.794717],[73495.565818],[73502.444096],[73509.179308],[73515.950714],[73522.648878],[73529.435909],[73536.251138],[73542.989219],[73549.752447],[73556.438465],[73563.266267],[73570.030044],[73576.882382],[73583.609049],[73590.440453],[73597.16358],[73604.001575],[73610.711031],[73617.531936],[73624.259946],[73631.035075],[73637.749231],[73644.564826],[73651.283681],[73658.076998],[73664.800248],[73671.480651],[73678.185711],[73684.876124],[73691.679329],[73698.381583],[73705.091221],[73711.831438],[73718.541687],[73725.33647],[73732.01852],[73738.69227],[73745.336968],[73752.076758],[73758.749653],[73765.391177],[73772.11522],[73778.809294],[73785.467175],[73792.189448],[73798.844948],[73805.505088],[73812.198003],[73818.806384],[73825.451814],[73832.127273],[73838.668394],[73845.305645],[73851.955713],[73858.568612],[73865.156607],[73871.784337],[73878.401996],[73884.896303],[73891.481186],[73897.958892],[73904.476819],[73911.003109],[73917.408366],[73923.776391],[73930.089241],[73936.26696],[73941.425577],[73946.992274],[73953.939888],[73960.874807],[73967.799533],[73974.70015],[73981.619017],[73988.264508],[73994.677272],[74001.092356],[74007.505852],[74013.909217],[74020.320944],[74026.749638],[74033.204639],[74033.267566]],"dram":[[150777.596491],[150777.693353],[150777.790277],[150777.888238],[150777.985101],[150778.082024],[150778.178887],[150778.276909],[150778.373833],[150778.470817],[150778.567863],[150778.665763],[150778.762687],[150778.85961],[150778.956473],[150779.054373],[150779.151235],[150779.248159],[150779.345144],[150779.442983],[150779.540089],[150779.636769],[150779.733631],[150779.831776],[150779.928455],[150780.025379],[150780.123279],[150780.220141],[150780.317126],[150780.414049],[150780.512072],[150780.608934],[150780.705919],[150780.802903],[150780.900743],[150780.997666],[150781.094651],[150781.191574],[150781.289536],[150781.386459],[150781.483505],[150781.580367],[150781.678206],[150781.775069],[150781.871687],[150781.9998],[150782.357709],[150782.708599],[150783.063701],[150783.417155],[150783.768289],[150784.131386],[150784.484168],[150784.816626],[150785.168005],[150785.519749],[150785.871372],[150786.24924],[150786.6149],[150786.982941],[150787.333221],[150787.66159],[150788.016508],[150788.368375],[150788.730923],[150789.096767],[150789.452112],[150789.827905],[150790.200707],[150790.563254],[150790.889914],[150791.22463],[150791.580159],[150791.932331],[150792.289507],[150792.628191],[150792.979996],[150793.332473],[150793.699233],[150794.063245],[150794.431409],[150794.786327],[150795.144542],[150795.49708],[150795.861825],[150796.237373],[150796.614997],[150796.971746],[150797.332829],[150797.689335],[150798.060184],[150798.434938],[150798.798524],[150799.129761],[150799.494628],[150799.85919],[150800.23425],[150800.601376],[150800.940608],[150801.302668],[150801.671502],[150802.048577],[150802.411308],[150802.765005],[150803.101919],[150803.45879],[150803.813526],[150804.167773],[150804.530626],[150804.887681],[150805.251388],[150805.613387],[150805.975752],[150806.334576],[150806.696087],[150807.044536],[150807.398233],[150807.760537],[150808.10215],[150808.457496],[150808.816809],[150809.170079],[150809.51743],[150809.88663],[150810.251498],[150810.602693],[150810.96164],[150811.312652],[150811.67459],[150812.042325],[150812.391263],[150812.746059],[150813.10171],[150813.450952],[150813.80581],[150814.152122],[150814.469993],[150814.788107],[150815.106221],[150815.424214],[150815.745502],[150816.044696],[150816.334856],[150816.625444],[150816.915909],[150817.206375],[150817.497268],[150817.787855],[150818.065198],[150818.070813]],"gpu":[],"package":[[76835.176104],[76836.074173],[76836.978894],[76837.893016],[76838.790535],[76839.677557],[76840.581974],[76841.485536],[76842.399535],[76843.287777],[76844.176691],[76845.081901],[76845.991384],[76846.879443],[76847.783798],[76848.692915],[76849.580791],[76850.486367],[76851.386633],[76852.2822],[76853.186006],[76854.085845],[76854.971463],[76855.883204],[76856.783348],[76857.669393],[76858.581805],[76859.483537],[76860.38008],[76861.266552],[76862.160776],[76863.0633],[76863.965642],[76864.852969],[76865.764587],[76866.662595],[76867.546138],[76868.449578],[76869.359244],[76870.246021],[76871.151353],[76872.05223],[76872.948895],[76873.838053],[76874.749611],[76876.054844],[76882.847185],[76889.663452],[76896.441999],[76903.310451],[76910.192696],[76916.987845],[76923.973789],[76930.865861],[76937.705321],[76944.664898],[76951.635217],[76958.52851],[76965.539539],[76972.469636],[76979.461013],[76986.359982],[76993.207498],[77000.191306],[77007.073613],[77014.070299],[77021.133758],[77028.044567],[77035.068475],[77041.944861],[77048.846821],[77055.68146],[77062.615097],[77069.569119],[77076.507761],[77083.404594],[77090.229101],[77097.19649],[77104.101013],[77111.086042],[77118.027675],[77124.995979],[77131.864065],[77138.835849],[77145.68837],[77152.655027],[77159.537334],[77166.508752],[77173.362494],[77180.314319],[77187.178132],[77194.116652],[77200.98254],[77207.797403],[77214.711082],[77221.544988],[77228.491381],[77235.337433],[77242.188673],[77249.06457],[77255.919472],[77262.868368],[77269.757694],[77276.568712],[77283.344756],[77290.21748],[77297.023981],[77303.80967],[77310.743429],[77317.576236],[77324.371629],[77331.243254],[77338.030957],[77344.831232],[77351.667823],[77358.486348],[77365.265018],[77372.092393],[77378.756804],[77385.531567],[77392.320979],[77399.144448],[77405.870077],[77412.63837],[77419.390184],[77426.039398],[77432.777174],[77439.436703],[77446.099161],[77452.767052],[77459.311896],[77465.840627],[77472.289402],[77478.610797],[77483.965397],[77489.674672],[77496.744784],[77503.810989],[77510.867672],[77517.894998],[77524.947348],[77531.788761],[77538.317797],[77544.852021],[77551.383255],[77557.905272],[77564.440411],[77570.987636],[77577.620004],[77577.670114]],"socket":0,"sys":[],"uncore":[]}],"range":{"end":{"absolute_address":"0x7fffeff84493","compilation_unit":null,"function_return":true},"start":{"address":"0x4045f0","compilation_unit":{"path":"/home/vlad/energy-profiler-evaluation/lapacke/lapacke.cpp"},"function_call":{"function":{"declared":{"column":5,"file":"/home/vlad/energy-profiler-evaluation/lapacke/lapacke.cpp","line":609},"static":false},"symbol":{"address":"0x4045f0","binding":"global","demangled_name":"main","local_entrypoint":"0x4045f0","mangled_name":"main","size":"0x97c"}}}},