{"format":{"cpu":["energy"],"gpu":[]},"groups":[{"extra":null,"label":null,"sections":[{"executions":[{"cpu":[{"cores":[[82412.585837],[82417.300058],[82422.279599],[82427.259932],[82432.241548],[82437.221272],[82442.40003],[82447.38067],[82452.362041],[82457.739408],[82462.719375],[82467.700442],[82472.683949],[82477.663917],[82482.649622],[82488.232249],[82494.919122],[82501.530006],[82508.139364],[82514.85535],[82521.466478],[82528.076752],[82534.685805],[82541.295285],[82547.902812],[82554.512903],[82561.12165],[82567.740713],[82574.368198],[82580.984881],[82587.715393],[82594.428633],[82601.166164],[82607.453807],[82614.062494],[82619.464335],[82624.46475],[82629.445999],[82634.427615],[82639.408071],[82644.389809],[82649.371669],[82654.442456],[82659.424194],[82664.454699],[82669.438329],[82674.419944],[82679.4004],[82684.382687],[82689.362777],[82694.346529],[82699.338887],[82704.394904],[82709.382074],[82714.387554],[82719.452178],[82724.454301],[82729.445194],[82734.519522],[82739.598977],[82744.678737],[82749.758008],[82754.835266],[82759.915087],[82764.916844],[82769.905601],[82774.898569],[82779.883908],[82784.873275],[82789.858797],[82794.839619],[82799.824164],[82804.825799],[82809.847759],[82814.915739],[82819.924027],[82825.000247],[82830.003286],[82835.011452],[82840.030116],[82845.020093],[82850.094055],[82855.108935],[82860.110875],[82865.122764],[82870.134226],[82875.12756],[82880.11235],[82885.104158],[82890.584735],[82895.570501],[82900.56939],[82905.649638],[82910.652677],[82915.660965],[82920.657412],[82925.671498],[82930.745643],[82935.823999],[82940.976147],[82946.021483],[82951.01909],[82956.032932],[82961.034079],[82966.031624],[82971.035335],[82976.055525],[82981.073578],[82986.067889],[82991.078924],[82996.063713],[83001.057292],[83006.126798],[83011.128738],[83016.122317],[83021.121388],[83026.11631],[83031.107874],[83036.095288],[83041.08258],[83046.072985],[83051.065831],[83055.79348],[83060.206798],[83064.617859],[83069.032032],[83073.445168],[83077.85513],[83081.936296],[83085.783393],[83089.454892],[83092.169241],[83094.493454],[83096.362834],[83096.733621]],"dram":[[58017.849948],[58017.943819],[58018.036471],[58018.129244],[58018.221956],[58018.314607],[58018.411042],[58018.503754],[58018.596467],[58018.696503],[58018.789276],[58018.881927],[58018.974701],[58019.067352],[58019.160125],[58019.273894],[58019.39688],[58019.519987],[58019.642973],[58019.765958],[58019.889005],[58020.011929],[58020.134915],[58020.257961],[58020.380947],[58020.503932],[58020.626918],[58020.749965],[58020.87295],[58020.994166],[58021.11709],[58021.240137],[58021.354882],[58021.476037],[58021.591698],[58021.688072],[58021.780785],[58021.873497],[58021.966148],[58022.05886],[58022.151572],[58022.244284],[58022.336997],[58022.429708999996],[58022.523336],[58022.616049],[58022.708761],[58022.801473],[58022.894124],[58022.986897],[58023.079548],[58023.172261],[58023.264973],[58023.357624],[58023.450397],[58023.543048],[58023.63576],[58023.728473],[58023.821185],[58023.913897],[58024.006609],[58024.09926],[58024.191972],[58024.284684],[58024.377397],[58024.470109],[58024.56276],[58024.655533],[58024.748245],[58024.840957],[58024.933609],[58025.026321],[58025.119155],[58025.211928],[58025.30464],[58025.397353],[58025.490004],[58025.582777],[58025.675428],[58025.768201],[58025.860852],[58025.953564],[58026.046277],[58026.138989],[58026.231701],[58026.324413],[58026.417125],[58026.509776],[58026.602489],[58026.704417],[58026.797068],[58026.889841],[58026.982554],[58027.075205],[58027.167917],[58027.260629],[58027.353341],[58027.445992],[58027.538766],[58027.634163],[58027.726875],[58027.819588],[58027.9123],[58028.005012],[58028.097663],[58028.190436],[58028.283087],[58028.375922],[58028.468634],[58028.561285],[58028.654058],[58028.746709],[58028.839421],[58028.932134],[58029.024846],[58029.117497],[58029.21027],[58029.302982],[58029.395633],[58029.488345],[58029.581058],[58029.67377],[58029.765566],[58029.857302],[58029.949099],[58030.040895],[58030.133608],[58030.225404],[58030.317201],[58030.408997],[58030.500794],[58030.592591],[58030.684387],[58030.776184],[58030.809143]],"gpu":[],"package":[[20584.822791],[20589.535913],[20594.634289],[20599.68109],[20604.729051],[20609.775424],[20615.023519],[20620.070808],[20625.118769],[20630.565166],[20635.614775],[20640.662552],[20645.712161],[20650.758718],[20655.810768],[20660.908045],[20667.691414],[20674.392569],[20681.090305],[20687.890703],[20694.595764],[20701.292402],[20707.989712],[20714.687998],[20721.385002],[20728.080602000002],[20734.778644],[20741.476503],[20748.200546],[20754.892179],[20761.713939],[20768.515435],[20775.340003],[20781.709188],[20788.407841],[20794.384998],[20799.506628],[20804.554528],[20809.599864],[20814.647214],[20819.695602],[20824.744051],[20829.881428],[20834.929755],[20840.028131],[20845.078228],[20850.129423],[20855.176835],[20860.222964],[20865.271841],[20870.322548],[20875.378565],[20880.500928],[20885.554626],[20890.626695],[20895.757541],[20900.826376],[20905.884102],[20911.024592],[20916.170392],[20921.316741],[20926.462602],[20931.606266],[20936.752432],[20941.821327],[20946.876673],[20951.936597],[20956.988708],[20962.04442],[20967.096348],[20972.143576],[20977.194833],[20982.262813],[20987.351484],[20992.486115],[20997.560809],[21002.700322],[21007.773368],[21012.847635],[21017.93301],[21022.989515],[21028.129639],[21033.210986],[21038.279882],[21043.357872],[21048.436289],[21053.496151],[21058.5446],[21063.602998],[21069.159624],[21074.211674],[21079.276908],[21084.423379],[21089.493068],[21094.567518],[21099.63031],[21104.71062],[21109.851537],[21114.996421],[21120.214914],[21125.329586],[21130.393843],[21135.474091],[21140.538714],[21145.602666],[21150.675529],[21155.759073],[21160.843716],[21165.907729],[21170.982057],[21176.037219],[21181.094885],[21186.230736],[21191.302439],[21196.362363],[21201.424972],[21206.489168],[21211.547382],[21216.598334],[21221.652398],[21226.709636],[21231.771696],[21236.562089],[21241.035893],[21245.509942],[21249.984418],[21254.505463],[21258.97762],[21263.120737],[21267.030822],[21270.766408],[21273.546369],[21275.936195],[21277.873262],[21278.270112]],"socket":0,"sys":[],"uncore":[]}],"range":{"end":{"absolute_address":"0x7ffff6c00493","compilation_unit":null,"function_return":true},"start":{"address":"0x402050","compilation_unit":{"path":"/home/vlad/energy-profiler-evaluation/rng/rng.cpp"},"function_call":{"function":{"declared":{"column":5,"file":"/home/vlad/energy-profiler-evaluation/rng/rng.cpp","line":70},"static":false},"symbol":{"address":"0x402050","binding":"global","demangled_name":"main","local_entrypoint":"0x402050","mangled_name":"main","size":"0x12b"}}}},