{"format":{"cpu":["energy"],"gpu":[]},"groups":[{"extra":null,"label":null,"sections":[{"executions":[{"cpu":[{"cores":[[18467.078944],[18468.032311],[18468.960348],[18469.88686],[18470.82631],[18471.760085],[18472.683727],[18473.624277],[18474.557868],[18475.481755],[18476.41028],[18477.331665],[18478.272824],[18479.195735],[18480.134697],[18481.072866],[18481.99541],[18482.922288],[18483.845442],[18484.787029],[18485.709329],[18486.633216],[18487.56284],[18488.485201],[18489.426971],[18491.824731],[18498.819891],[18505.36089],[18512.442659],[18519.481337],[18526.532955],[18533.184122],[18540.188498],[18546.948186],[18554.01671],[18561.132964],[18568.128002],[18574.849054],[18581.796119],[18588.923176],[18596.018312],[18602.78276],[18609.764675],[18616.573435],[18623.650992],[18630.624363],[18637.604631],[18644.351318],[18651.404583],[18658.460718],[18665.516303],[18672.294911],[18679.307344],[18686.439406],[18693.54742],[18700.270852],[18707.247031],[18714.128422],[18721.168382],[18728.108489],[18735.170848],[18741.8742],[18748.935767],[18755.945209],[18762.990296],[18769.684737],[18776.789699],[18783.864938],[18790.964224],[18797.664829],[18804.769425],[18811.797972],[18818.832683],[18825.597497],[18832.615484],[18839.633838],[18846.616852],[18853.434034],[18860.492854],[18867.512184],[18874.45693],[18881.29346],[18888.352036],[18895.391691],[18902.275157],[18909.16375],[18916.190832],[18923.248614],[18930.171387],[18936.946699],[18943.978114],[18951.074409],[18957.865164],[18964.69028],[18971.589921],[18978.578978],[18985.460979],[18992.183496],[18999.030402],[19005.933339],[19012.691195],[19019.485672],[19026.407346],[19033.290508],[19040.055261],[19046.775214],[19053.556935],[19060.364657],[19067.097916],[19073.868101],[19080.670269],[19087.433863],[19094.167488],[19100.85436],[19107.462742],[19114.034258],[19120.652589],[19125.035817]],"dram":[[216999.675192],[216999.923604],[217000.170552],[217000.328266],[217000.446796],[217000.566303],[217000.684894],[217000.803119],[217000.921588],[217001.041094],[217001.15938],[217001.277483],[217001.395463],[217001.514482],[217001.63215699999],[217001.749894],[217001.868729],[217001.986221],[217002.103774],[217002.221328],[217002.339919],[217002.45735],[217002.574965],[217002.69264],[217002.811719],[217002.982862],[217003.393749],[217003.819346],[217004.233774],[217004.650643],[217005.069892],[217005.4914],[217005.91541],[217006.337894],[217006.759219],[217007.174928],[217007.59546],[217008.020507],[217008.440062],[217008.8551],[217009.27795],[217009.699946],[217010.118341],[217010.543694],[217010.960624],[217011.37963],[217011.805959],[217012.230091],[217012.648364],[217013.069689],[217013.486558],[217013.912033],[217014.335799],[217014.753217],[217015.170269],[217015.601421],[217016.021341],[217016.444924],[217016.867347],[217017.289099],[217017.707983],[217018.137791],[217018.55643],[217018.976412],[217019.398591],[217019.822845],[217020.240203],[217020.662565],[217021.080899],[217021.508693],[217021.931116],[217022.351586],[217022.770836],[217023.199424],[217023.617269],[217024.036824],[217024.457416],[217024.883806],[217025.302262],[217025.721329],[217026.146865],[217026.56941],[217026.992383],[217027.410778],[217027.833689],[217028.259713],[217028.679268],[217029.097419],[217029.523809],[217029.947392],[217030.367923],[217030.79053],[217031.213807],[217031.637695],[217032.064391],[217032.48419],[217032.908444],[217033.334529],[217033.762324],[217034.186822],[217034.61718],[217035.041862],[217035.465566],[217035.894826],[217036.319568],[217036.745959],[217037.174546],[217037.599594],[217038.024764],[217038.454267],[217038.878827],[217039.303875],[217039.733012],[217040.156961],[217040.580788],[217040.999366],[217041.419165],[217041.628026]],"gpu":[],"package":[[19774.337683],[19775.441379],[19776.509369],[19777.524747],[19778.526942],[19779.53579],[19780.522359],[19781.526568],[19782.525711],[19783.523633],[19784.514781],[19785.501839],[19786.506109],[19787.502505],[19788.505493],[19789.509458],[19790.496333],[19791.497124],[19792.484365],[19793.490466],[19794.487106],[19795.474897],[19796.468974],[19797.455177],[19798.470617],[19800.930815],[19808.06892],[19814.8294],[19822.055944],[19829.241107],[19836.510802],[19843.284528],[19850.506677],[19857.414435],[19864.63573],[19871.963043],[19879.107373],[19885.981684],[19893.155555],[19900.427936],[19907.67334],[19914.660627],[19921.784876],[19928.749519],[19936.048267],[19943.160737],[19950.293409],[19957.258235],[19964.46128],[19971.677754],[19978.938905],[19985.868818],[19993.104701],[20000.385932],[20007.639087],[20014.517305],[20021.712416],[20028.743587],[20035.997963],[20043.084859],[20050.296449],[20057.220992],[20064.437587],[20071.589119],[20078.858082],[20085.709871],[20092.960585],[20100.180293],[20107.505348],[20114.363607],[20121.608888],[20128.861616],[20136.050624],[20142.968575],[20150.205373],[20157.371126],[20164.503493],[20171.542476],[20178.750039],[20185.90981],[20193.077761],[20200.069503],[20207.271145],[20214.530953],[20221.562368],[20228.599276],[20235.848342],[20243.054867],[20250.127541],[20257.12612],[20264.309024],[20271.543136],[20278.56625],[20285.542124],[20292.589164],[20299.805515],[20306.838578],[20313.722227],[20320.782573],[20327.833702],[20334.745001],[20341.762317],[20348.831817],[20355.875379],[20362.854914],[20369.725441],[20376.724324],[20383.689028],[20390.573837],[20397.568875],[20404.519724],[20411.437431],[20418.319616],[20425.232074],[20432.002015],[20438.73149],[20445.567654],[20450.051712]],"socket":0,"sys":[],"uncore":[]}],"range":{"end":{"absolute_address":"0x7fffeff84493","compilation_unit":null,"function_return":true},"start":{"address":"0x4045f0","compilation_unit":{"path":"/home/vlad/energy-profiler-evaluation/lapacke/lapacke.cpp"},"function_call":{"function":{"declared":{"column":5,"file":"/home/vlad/energy-profiler-evaluation/lapacke/lapacke.cpp","line":609},"static":false},"symbol":{"address":"0x4045f0","binding":"global","demangled_name":"main","local_entrypoint":"0x4045f0","mangled_name":"main","size":"0x97c"}}}},