{"format":{"cpu":["energy"],"gpu":[]},"groups":[{"extra":null,"label":null,"sections":[{"executions":[{"cpu":[{"cores":[[133875.316335],[133881.433324],[133887.1155],[133892.158455],[133897.164607],[133902.175398],[133907.193939],[133912.273699],[133917.353703],[133922.431876],[133927.514627],[133932.592373],[133937.673354],[133942.753541],[133947.833423],[133952.912572],[133957.993858],[133963.072153],[133968.152096],[133973.232833],[133978.313997],[133983.39217],[133988.479864],[133993.559807],[133998.63914],[134003.717679],[134008.798171],[134013.876222],[134019.35448],[134024.434301],[134029.515282],[134034.593271],[134039.673581],[134044.753158],[134049.817415],[134054.885456],[134059.961493],[134065.543265],[134070.875649],[134075.953273],[134081.030164],[134086.110535],[134091.189074],[134096.2692],[134101.34835],[134106.421213],[134111.497127],[134116.574385],[134121.646088],[134126.70412],[134131.745428],[134136.801811],[134141.874003],[134146.926785],[134151.993789],[134157.064699],[134162.142261],[134167.208838],[134172.279809],[134177.359813],[134182.439573],[134187.520004],[134192.599337],[134197.678242],[134202.758002],[134207.88305],[134212.996257],[134218.076505],[134223.158646],[134228.237734],[134233.317189],[134238.398048],[134243.456872],[134248.512707],[134253.58618],[134258.663926],[134263.715549],[134268.783712],[134273.847664],[134278.901728],[134283.95506],[134289.018279],[134294.064226],[134299.086308],[134304.12255],[134309.182839],[134314.251979],[134319.323805],[134324.404175],[134329.480212],[134334.561559],[134339.594383],[134344.672678],[134349.751095],[134354.83],[134359.910432],[134364.989459],[134370.047186],[134375.095696],[134380.151103],[134385.227689],[134390.267654],[134395.301332],[134400.345326],[134405.385047],[134410.39834],[134415.44923],[134420.525267],[134425.575547],[134430.653659],[134435.734212],[134440.814216],[134445.894098],[134450.97453],[134456.043975],[134461.093828],[134466.147037],[134471.179678],[134476.237771],[134481.723535],[134486.805065],[134491.886351],[134496.981858],[134502.065891],[134507.155355],[134512.234993],[134517.318476],[134522.335858],[134526.833772],[134531.336507],[134535.83796],[134540.338315],[134544.845749],[134549.360386],[134553.868737],[134558.381115],[134562.337282],[134565.338922],[134568.023546],[134570.306561],[134571.899818],[134573.082982]],"dram":[],"gpu":[],"package":[[88760.023201],[88765.63543],[88771.904518],[88777.064722],[88782.134716],[88787.215086],[88792.300034],[88797.446689],[88802.593343],[88807.7378],[88812.88714],[88818.031109],[88823.178495],[88828.325272],[88833.471682],[88838.617482],[88843.762427],[88848.910546],[88854.057262],[88859.201535],[88864.349594],[88869.497408],[88874.648395],[88879.798285],[88884.941216],[88890.086161],[88895.233426],[88900.3777],[88905.930969],[88911.077257],[88916.221714],[88921.369528],[88926.513009],[88931.658992],[88936.790326],[88941.92459],[88947.067216],[88952.725344],[88958.124622],[88963.268835],[88968.415123],[88973.559397],[88978.707821],[88983.851363],[88988.99716299999],[88994.139789],[88999.282537],[89004.423393],[89009.565225],[89014.686916],[89019.794935],[89024.920655],[89030.056506],[89035.175633],[89040.309226],[89045.446725],[89050.591121],[89055.724653],[89060.861664],[89066.008318],[89071.154667],[89076.30181],[89081.447793],[89086.593409],[89091.739453],[89096.930541],[89102.110337],[89107.257175],[89112.403158],[89117.551826],[89122.698053],[89127.842571],[89132.971098],[89138.093278],[89143.233157],[89148.377553],[89153.495643],[89158.627222],[89163.76112],[89168.881956],[89174.001389],[89179.131136],[89184.244038],[89189.32923],[89194.43548],[89199.559063],[89204.695036],[89209.836197],[89214.980105],[89220.125599],[89225.270484],[89230.369531],[89235.517406],[89240.662351],[89245.807968],[89250.955171],[89256.098041],[89261.222662],[89266.340386],[89271.462321],[89276.605496],[89281.708877],[89286.80945],[89291.923145],[89297.029272],[89302.109093],[89307.222788],[89312.365414],[89317.482589],[89322.62729],[89327.774188],[89332.920599],[89338.070183],[89343.21409],[89348.350064],[89353.466322],[89358.586243],[89363.688342],[89368.809972],[89374.367819],[89379.515938],[89384.666743],[89389.825604],[89394.976348],[89400.132402],[89405.2793],[89410.428457],[89415.512489],[89420.073818],[89424.637588],[89429.20209],[89433.81066],[89438.37736],[89442.952299],[89447.524187],[89452.096807],[89456.113093],[89459.184924],[89461.957866],[89464.30045],[89465.958527],[89467.209989]],"socket":0,"sys":[],"uncore":[]}],"range":{"end":{"absolute_address":"0x4020e0","compilation_unit":null,"function_return":true},"start":{"address":"0x402300","compilation_unit":{"path":"/home/vlad/energy-profiler-evaluation/rng/rng.cpp"},"function_call":{"function":{"declared":{"column":32,"file":"/home/vlad/energy-profiler-evaluation/rng/rng.cpp","line":43},"static":true},"symbol":{"address":"0x402300","binding":"local","demangled_name":"(anonymous namespace)::generate(std::vector<std::mersenne_twister_engine<unsigned long, 64ul, 312ul, 156ul, 31ul, 13043109905998158313ul, 29ul, 6148914691236517205ul, 17ul, 8202884508482404352ul, 37ul, 18444473444759240704ul, 43ul, 6364136223846793005ul>, std::allocator<std::mersenne_twister_engine<unsigned long, 64ul, 312ul, 156ul, 31ul, 13043109905998158313ul, 29ul, 6148914691236517205ul, 17ul, 8202884508482404352ul, 37ul, 18444473444759240704ul, 43ul, 6364136223846793005ul> > >&, unsigned long, double, double)","local_entrypoint":"0x402300","mangled_name":"_ZN12_GLOBAL__N_18generateERSt6vectorISt23mersenne_twister_engineImLm64ELm312ELm156ELm31ELm13043109905998158313ELm29ELm6148914691236517205ELm17ELm8202884508482404352ELm37ELm18444473444759240704ELm43ELm6364136223846793005EESaIS2_EEmdd","size":"0x2e"}}}},