{"format":{"cpu":["energy"],"gpu":[]},"groups":[{"extra":null,"label":null,"sections":[{"executions":[],"extra":null,"label":"dgemm_notrans"},{"executions":[{"cpu":[{"cores":[[170025.598974],[170034.495008],[170045.634994],[170057.067704],[170068.442248],[170079.97237],[170091.53069],[170102.901144],[170114.047783],[170125.539758],[170136.987482],[170148.492336],[170158.959289],[170168.409277],[170177.847241],[170187.194446],[170196.451747],[170205.92151],[170215.335365],[170224.838515],[170234.125845],[170243.604824],[170253.044741],[170262.496316],[170271.935867],[170281.430838],[170290.862027],[170300.311954],[170309.725077],[170319.229203],[170328.679252],[170338.990383],[170348.753969],[170358.421059],[170368.106398],[170377.853077],[170387.698083],[170397.437438],[170407.229405],[170416.925181],[170426.711594],[170436.477072],[170446.230282],[170456.103304],[170465.935737],[170475.618818],[170485.459491],[170495.235345],[170505.017485],[170514.76685],[170524.94114],[170534.641799],[170543.569755],[170552.017853],[170561.469367],[170570.901655],[170580.293598],[170589.732783],[170599.165071],[170608.622383],[170618.018783],[170627.453634],[170637.16534],[170646.844087],[170656.506721],[170666.221662],[170675.93703],[170685.599054],[170695.321685],[170705.003057],[170714.648479],[170725.509352],[170736.962753],[170747.278339],[170756.69427],[170766.134981],[170775.558357],[170784.928267],[170794.361349],[170803.776486],[170807.827074]],"dram":[],"gpu":[],"package":[[125640.79579],[125648.888482],[125660.114344],[125671.756831],[125683.4277],[125695.112179],[125706.865811],[125718.465818],[125729.83096200001],[125741.611572],[125753.206696],[125764.94037],[125776.606844],[125786.301155],[125795.913801],[125805.447407],[125814.889521],[125824.538728],[125834.137092],[125843.819562],[125853.278705],[125862.942377],[125872.564606],[125882.197455],[125891.821698],[125901.495989],[125911.10833],[125920.755461],[125930.330083],[125940.015483],[125949.650163],[125960.159108],[125970.105128],[125979.982422],[125989.840856],[125999.766245],[126009.801071],[126019.724324],[126029.701838],[126039.607757],[126049.563725],[126059.511515],[126069.451614],[126079.515065],[126089.534692],[126099.40747],[126109.43253],[126119.397348],[126129.368086],[126139.302692],[126149.691338],[126159.563749],[126168.700566],[126177.310469],[126186.936665],[126196.568232],[126206.134492],[126215.746222],[126225.360456],[126234.994769],[126244.664483],[126254.191986],[126264.093572],[126273.971781],[126283.794693],[126293.698965],[126303.691066],[126313.451722],[126323.352758],[126333.228404],[126343.054734],[126353.065512],[126364.74346],[126376.214317],[126385.910093],[126395.617161],[126405.134898],[126414.771409],[126424.300376],[126433.894468],[126438.072863]],"socket":0,"sys":[],"uncore":[]}],"range":{"end":{"absolute_address":"0x403f17","compilation_unit":null,"function_return":true},"start":{"address":"0x402df0","compilation_unit":{"path":"/home/vlad/energy-profiler-evaluation/cblas/cblas.cpp"},"function_call":{"function":{"declared":{"column":16,"file":"/home/vlad/energy-profiler-evaluation/cblas/cblas.cpp","line":41},"static":true},"symbol":{"address":"0x402df0","binding":"local","demangled_name":"void (anonymous namespace)::detail::gemm_compute<(anonymous namespace)::detail::transpose, double>(unsigned long, unsigned long, unsigned long, unsigned long, double const*, double const*, double*)","local_entrypoint":"0x402df0","mangled_name":"_ZN12_GLOBAL__N_16detail12gemm_computeINS0_9transposeEdEEvmmmmPKT0_S5_PS3_","size":"0xa4"}}}},"sample_times":[1492404470018732,1492404571037993,1492404694019386,1492404817019275,1492404940029329,1492405063018327,1492405186015590,1492405309017135,1492405428026389,1492405551027949,1492405674019363,1492405797021542,1492405920030813,1492406022027003,1492406123020780,1492406224021147,1492406325018438,1492406426020098,1492406527018435,1492406628018738,1492406729028320,1492406830019307,1492406931018294,1492407032020072,1492407133017608,1492407234016654,1492407335020999,1492407436027746,1492407537018856,1492407638017809,1492407739018590,1492407849027946,1492407953018533,1492408057030821,1492408161018476,1492408265018137,1492408370021527,1492408474017973,1492408578019122,1492408683025686,1492408787018407,1492408891018521,1492408995020806,1492409100023287,1492409205018700,1492409309019486,1492409414020084,1492409518018802,1492409622018303,1492409726019339,1492409835025342,1492409939022571,1492410043025954,1492410144023407,1492410245037431,1492410346019420,1492410447018253,1492410548018674,1492410649019835,1492410750018682,1492410851114977,1492410952016430,1492411056018854,1492411160026887,1492411264018157,1492411368027214,1492411472025945,1492411576015838,1492411680020872,1492411784021711,1492411888020292,1492411993025748,1492412116018418,1492412237021021,1492412339016909,1492412440018926,1492412541019995,1492412642034801,1492412743020305,1492412844018453,1492412895759446]}],"extra":null,"label":"dgemm"},{"executions":[],"extra":null,"label":"sgemm_notrans"},{"executions":[],"extra":null,"label":"sgemm"},{"executions":[],"extra":null,"label":"dgemv"},{"executions":[],"extra":null,"label":"sgemv"}]}],"idle":[],"units":{"energy":"J","power":"W","time":"ns"}}