{"format":{"cpu":["energy"],"gpu":[]},"groups":[{"extra":null,"label":null,"sections":[{"executions":[{"cpu":[{"cores":[[175250.352322],[175255.78877],[175262.424495],[175269.153482],[175275.587914],[175281.975837],[175287.033441],[175292.061993],[175297.088103],[175302.10518],[175307.184391],[175312.263906],[175317.344643],[175322.426295],[175327.505139],[175332.585937],[175338.112351],[175343.182345],[175348.256429],[175353.327583],[175358.455133],[175363.623211],[175368.799284],[175373.977433],[175379.157778],[175384.334584],[175389.423316],[175394.494958],[175399.570507],[175404.643492],[175409.715928],[175414.769076],[175419.839376],[175424.913643],[175429.967463],[175435.019391],[175440.098906],[175445.15822],[175450.234562],[175455.314077],[175460.391335],[175465.462672],[175470.534558],[175475.612548],[175480.691393],[175485.77097],[175490.845603],[175495.911447],[175500.98376],[175506.063093],[175511.142059],[175516.218401],[175521.29395],[175526.376762],[175531.453897],[175536.529079],[175541.584792],[175546.665833],[175551.739856],[175556.816686],[175561.894249],[175566.970713],[175572.050351],[175577.125899],[175582.204683],[175587.285419],[175592.360357],[175597.436211],[175602.515117],[175607.593595],[175612.668167],[175617.747499],[175622.827442],[175627.908179],[175632.987817],[175638.063732],[175643.12335],[175648.196396],[175653.27286],[175658.361653],[175663.492316],[175668.547845],[175673.598797],[175678.679289],[175683.746476],[175688.790897],[175693.832632],[175698.876625],[175703.933558],[175708.998548],[175714.058471],[175719.095323],[175724.140904],[175729.163474],[175734.236825],[175739.306514],[175744.371016],[175749.447968],[175754.514972],[175759.577703],[175764.634391],[175769.707254],[175774.76968],[175779.798415],[175784.861696],[175789.942615],[175795.054174],[175800.138146],[175805.213633],[175810.289487],[175815.360397],[175820.391756],[175825.437947],[175830.492072],[175835.520807],[175840.565166],[175845.64395],[175850.727494],[175855.752933],[175860.820608],[175865.859413],[175870.916224],[175875.990735],[175881.053832],[175886.059801],[175891.088413],[175896.13082],[175901.023569],[175905.431944],[175909.8463],[175914.281958],[175918.710718],[175923.135634],[175927.227847],[175931.088494],[175934.710128],[175937.547035],[175940.08603],[175942.149257],[175943.690818],[175944.930195]],"dram":[[152202.386178],[152202.4983],[152202.621346],[152202.744271],[152202.861824],[152202.970161],[152203.062812],[152203.155585],[152203.248298],[152203.34101],[152203.433722],[152203.526434],[152203.619146],[152203.711858],[152203.804571],[152203.897283],[152203.998235],[152204.091008],[152204.18372],[152204.276371],[152204.369144],[152204.461796],[152204.554508],[152204.64722],[152204.739932],[152204.832644],[152204.925356],[152205.018069],[152205.11072],[152205.203432],[152205.296144],[152205.388856],[152205.481629],[152205.57428],[152205.666993],[152205.759644],[152205.852356],[152205.945129],[152206.03778],[152206.130553],[152206.223205],[152206.315917],[152206.408629],[152206.50128],[152206.594053],[152206.686765],[152206.779478],[152206.872129],[152206.964902],[152207.057614],[152207.150326],[152207.242977],[152207.335751],[152207.428402],[152207.521114],[152207.613826],[152207.706538],[152207.799189],[152207.891901],[152207.984614],[152208.077326],[152208.170038],[152208.26275],[152208.355462],[152208.448113],[152208.540887],[152208.633538],[152208.726311],[152208.819023],[152208.911674],[152209.004386],[152209.097099],[152209.189811],[152209.282523],[152209.375174],[152209.467886],[152209.560598],[152209.653311],[152209.746023],[152209.838735],[152209.932363],[152210.025014],[152210.117726],[152210.210438],[152210.30315],[152210.395862],[152210.488513],[152210.581226],[152210.673938],[152210.766711],[152210.859362],[152210.952074],[152211.044786],[152211.137499],[152211.230211],[152211.322923],[152211.415574],[152211.508347],[152211.600998],[152211.693772],[152211.786423],[152211.879135],[152211.971847],[152212.064559],[152212.157271],[152212.249923],[152212.342635],[152212.435347],[152212.528242],[152212.620954],[152212.713605],[152212.806379],[152212.89903],[152212.991742],[152213.084454],[152213.177166],[152213.269878],[152213.362591],[152213.454326],[152213.547099],[152213.639812],[152213.732524],[152213.825175],[152213.917948],[152214.010599],[152214.103311],[152214.195962],[152214.287759],[152214.379617],[152214.472268],[152214.564065],[152214.655922],[152214.747658],[152214.839393],[152214.93119],[152215.023048],[152215.114783],[152215.20658],[152215.298377],[152215.391089],[152215.473669]],"gpu":[],"package":[[130973.498264],[130978.434591],[130985.155888],[130991.964159],[130998.789886],[131005.212294],[131010.638855],[131015.734423],[131020.826817],[131025.909628],[131031.055367],[131036.201472],[131041.348676],[131046.496734],[131051.642229],[131056.789737],[131062.388539],[131067.525],[131072.665673],[131077.803417],[131082.996824],[131088.231674],[131093.474031],[131098.718829],[131103.965825],[131109.206412],[131114.365029],[131119.503871],[131124.642347],[131129.785034],[131134.920946],[131140.040745],[131145.180502],[131150.321419],[131155.438777],[131160.557172],[131165.703033],[131170.832353],[131175.974979],[131181.121389],[131186.265297],[131191.403345],[131196.538464],[131201.68286],[131206.831529],[131211.977512],[131217.11849],[131222.251289],[131227.39007],[131232.536175],[131237.681608],[131242.821488],[131247.967043],[131253.113576],[131258.257605],[131263.39956],[131268.521983],[131273.669919],[131278.810531],[131283.953768],[131289.097736],[131294.243658],[131299.389763],[131304.53184],[131309.674161],[131314.821364],[131319.963197],[131325.108875],[131330.251135],[131335.396385],[131340.537363],[131345.683102],[131350.832381],[131355.976655],[131361.122699],[131366.265691],[131371.391471],[131376.531228],[131381.674343],[131386.829908],[131392.028198],[131397.150499],[131402.267979],[131407.415122],[131412.54902],[131417.656611],[131422.765363],[131427.876068],[131433.00197],[131438.133732],[131443.26055],[131448.363625],[131453.475917],[131458.564893],[131463.701782],[131468.841234],[131473.968662],[131479.115438],[131484.249153],[131489.378535],[131494.498456],[131499.641021],[131504.76674],[131509.865299],[131514.995046],[131520.13932],[131525.320093],[131530.467785],[131535.613158],[131540.752427],[131545.890597],[131550.991231],[131556.101508],[131561.22265],[131566.317181],[131571.428251],[131576.577103],[131581.727053],[131586.815358],[131591.953162],[131597.058252],[131602.181469],[131607.3197],[131612.453293],[131617.525851],[131622.617207],[131627.726997],[131632.684686],[131637.159467],[131641.67795],[131646.175558],[131650.667428],[131655.152891],[131659.307604],[131663.228798],[131666.917082],[131669.820334],[131672.427749],[131674.55549],[131676.16425],[131677.4787]],"socket":0,"sys":[],"uncore":[]}],"range":{"end":{"absolute_address":"0x4020e0","compilation_unit":null,"function_return":true},"start":{"address":"0x402300","compilation_unit":{"path":"/home/vlad/energy-profiler-evaluation/rng/rng.cpp"},"function_call":{"function":{"declared":{"column":32,"file":"/home/vlad/energy-profiler-evaluation/rng/rng.cpp","line":43},"static":true},"symbol":{"address":"0x402300","binding":"local","demangled_name":"(anonymous namespace)::generate(std::vector<std::mersenne_twister_engine<unsigned long, 64ul, 312ul, 156ul, 31ul, 13043109905998158313ul, 29ul, 6148914691236517205ul, 17ul, 8202884508482404352ul, 37ul, 18444473444759240704ul, 43ul, 6364136223846793005ul>, std::allocator<std::mersenne_twister_engine<unsigned long, 64ul, 312ul, 156ul, 31ul, 13043109905998158313ul, 29ul, 6148914691236517205ul, 17ul, 8202884508482404352ul, 37ul, 18444473444759240704ul, 43ul, 6364136223846793005ul> > >&, unsigned long, double, double)","local_entrypoint":"0x402300",