{"format":{"cpu":["energy"],"gpu":[]},"groups":[{"extra":null,"label":null,"sections":[{"executions":[{"cpu":[{"cores":[],"dram":[],"gpu":[],"package":[[129566.04453],[129570.965721],[129576.672982],[129582.276483],[129587.397015],[129592.503203],[129597.618851],[129602.733889],[129607.85497],[129612.984168],[129618.113306],[129623.241222],[129628.387022],[129633.515732],[129638.635714],[129643.752461],[129648.898871],[129654.046807],[129659.217326],[129664.379362],[129669.546646],[129674.694948],[129679.840931],[129684.987463],[129690.132592],[129695.27888],[129700.426266],[129705.928999],[129711.085907],[129716.22951],[129721.36237],[129726.470206],[129731.555703],[129736.660549],[129741.801405],[129746.92395],[129752.059313],[129757.192417],[129762.324667],[129767.438546],[129772.576655],[129777.719953],[129782.867767],[129788.001176],[129793.144596],[129798.278738],[129803.422951],[129808.5693],[129813.715649],[129818.846679],[129823.996263],[129829.16336399999],[129834.314168],[129839.458808],[129844.697442],[129850.375284],[129855.540371],[129860.647048],[129865.728761],[129870.812061],[129875.918798],[129880.992943],[129886.101267],[129891.207089],[129896.319014],[129901.464082],[129906.610065],[129911.712957],[129916.807548],[129921.989664],[129927.184536],[129932.321608],[129937.457947],[129942.603869],[129947.751439],[129952.898581],[129958.042184],[129963.190364],[129968.33006],[129973.472809],[129978.617571],[129983.77869],[129988.931631],[129994.073403],[129999.207972],[130004.341748],[130009.472106],[130014.609117],[130019.74148899999],[130024.882528],[130030.023262],[130035.16839],[130040.324993],[130045.472746],[130050.668961],[130055.808963],[130060.908498],[130065.97776],[130071.047205],[130076.123852],[130081.192198],[130086.28624],[130091.370639],[130096.452047],[130101.558418],[130106.635859],[130111.955364],[130117.102385],[130122.187333],[130127.304934],[130132.451222],[130137.600928],[130142.749658],[130147.894542],[130153.041135],[130158.186569],[130163.335299],[130168.480061],[130173.62757],[130178.765801],[130183.868327],[130188.977872],[130194.089309],[130199.161928],[130204.27129],[130209.400793],[130214.504723],[130219.652171],[130224.416197],[130228.958849],[130233.469579],[130237.939844],[130242.415052],[130246.933778],[130251.297659],[130255.217754],[130259.136506],[130262.526024],[130265.271378],[130267.782907],[130269.177313],[130269.861942]],"socket":0,"sys":[],"uncore":[]}],"range":{"end":{"absolute_address":"0x4020e0","compilation_unit":null,"function_return":true},"start":{"address":"0x402300","compilation_unit":{"path":"/home/vlad/energy-profiler-evaluation/rng/rng.cpp"},"function_call":{"function":{"declared":{"column":32,"file":"/home/vlad/energy-profiler-evaluation/rng/rng.cpp","line":43},"static":true},"symbol":{"address":"0x402300","binding":"local","demangled_name":"(anonymous namespace)::generate(std::vector<std::mersenne_twister_engine<unsigned long, 64ul, 312ul, 156ul, 31ul, 13043109905998158313ul, 29ul, 6148914691236517205ul, 17ul, 8202884508482404352ul, 37ul, 18444473444759240704ul, 43ul, 6364136223846793005ul>, std::allocator<std::mersenne_twister_engine<unsigned long, 64ul, 312ul, 156ul, 31ul, 13043109905998158313ul, 29ul, 6148914691236517205ul, 17ul, 8202884508482404352ul, 37ul, 18444473444759240704ul, 43ul, 6364136223846793005ul> > >&, unsigned long, double, double)","local_entrypoint":"0x402300","mangled_name":"_ZN12_GLOBAL__N_18generateERSt6vectorISt23mersenne_twister_engineImLm64ELm312ELm156ELm31ELm13043109905998158313ELm29ELm6148914691236517205ELm17ELm8202884508482404352ELm37ELm18444473444759240704ELm43ELm6364136223846793005EESaIS2_EEmdd","size":"0x2e"}}}},"sample_times":[1492463018560893,1492463119003026,1492463231002020,1492463341002458,1492463442001864,1492463543001818,1492463644001891,1492463745001863,1492463846001772,1492463947001717,1492464048001896,1492464149001954,1492464250001755,1492464351001818,1492464452001846,1492464553001876,1492464654001781,1492464755001779,1492464856001820,1492464957001767,1492465058001788,1492465159001739,1492465260001716,1492465361001718,1492465462001847,1492465563001751,1492465664001753,1492465772001877,1492465873001882,1492465974001798,1492466075001717,1492466176001722,1492466277001773,1492466378001726,1492466479001935,1492466580001719,1492466681001745,1492466782001798,1492466883001835,1492466984001778,1492467085001767,1492467186001751,1492467287001788,1492467388001718,1492467489001809,1492467590001754,1492467691001808,1492467792001777,1492467893001694,1492467994001748,1492468095001844,1492468196001750,1492468297001772,1492468398001746,1492468501003186,1492468613001930,1492468715001970,1492468816001868,1492468917001783,1492469018001763,1492469119001789,1492469220001883,1492469321001751,1492469422001745,1492469523001787,1492469624001797,1492469725001662,1492469826001768,1492469927001778,1492470029002762,1492470131001700,1492470232001784,1492470333001756,1492470434001804,1492470535001700,1492470636001801,1492470737001873,1492470838001860,1492470939001785,1492471040001763,1492471141001764,1492471242001738,1492471343001678,1492471444001757,1492471545001854,1492471646001819,1492471747001857,1492471848001793,1492471949001795,1492472050001770,1492472151001804,1492472252001748,1492472353001799,1492472454002005,1492472556001803,1492472657001878,1492472758001850,1492472859001736,1492472960001812,1492473061001829,1492473162001835,1492473263001722,1492473364002007,1492473465001854,1492473566001775,1492473667001837,1492473773001757,1492473874001830,1492473975001775,1492474076001813,1492474177001958,1492474278001687,1492474379001783,1492474480001762,1492474581001739,1492474682001879,1492474783001788,1492474884001826,1492474985001878,1492475086001779,1492475187001771,1492475288001727,1492475389001751,1492475490001702,1492475591001691,1492475692001814,1492475793001996,1492475894001800,1492475994085653,1492476094147410,1492476194232425,1492476294322774,1492476394411557,1492476494503051,1492476594592500,1492476694682667,1492476794777395,1492476894872396,1492476994962037,1492477095051332,1492477195141424,1492477271561071]}],"extra":null,"label":null}]}],"idle":[],"units":{"energy":"J","power":"W","time":"ns"}}