{"format":{"cpu":["energy"],"gpu":[]},"groups":[{"extra":null,"label":null,"sections":[{"executions":[],"extra":null,"label":"dgemm_notrans"},{"executions":[{"cpu":[{"cores":[[150490.311704],[150499.103185],[150511.307866],[150523.781589],[150535.846804],[150547.16367],[150559.282291],[150571.693392],[150584.157899],[150596.729278],[150608.663696],[150618.966587],[150628.42396],[150637.925156],[150648.111227],[150657.531613],[150666.977206],[150676.443613],[150685.922714],[150695.366294],[150704.875913],[150715.594086],[150728.23358],[150740.733121],[150753.355891],[150765.810449],[150778.409904],[150790.926535],[150803.504261],[150815.967853],[150828.094408],[150840.583268],[150853.159591],[150865.634412],[150878.245464],[150890.482127],[150902.6793],[150915.073129],[150926.36619],[150938.951852],[150951.432166],[150964.036016],[150976.468784],[150988.77344],[151000.579685],[151011.290595],[151023.778356],[151035.701787],[151045.069195],[151054.440387],[151063.803644],[151073.121003],[151082.426643],[151091.823531],[151101.252523],[151110.67596],[151120.038485],[151129.459176],[151138.89653],[151148.326438],[151157.701658],[151167.128575],[151176.541698],[151185.968553],[151195.343407],[151204.764465],[151214.648045],[151224.038524],[151233.422411],[151242.847253],[151252.27124],[151261.630957],[151270.754957],[151272.385446]],"dram":[[151139.292586],[151139.753706],[151140.332501],[151140.903117],[151141.443948],[151141.947548],[151142.510413],[151143.064244],[151143.633151],[151144.200044],[151144.690033],[151145.15573],[151145.581572],[151146.004239],[151146.467006],[151146.888148],[151147.317834],[151147.740441],[151148.167075],[151148.593222],[151149.016316],[151149.555866],[151150.120073],[151150.682084],[151151.246352],[151151.814527],[151152.378124],[151152.939707],[151153.502023],[151154.070747],[151154.614202],[151155.176457],[151155.739871],[151156.308534],[151156.873169],[151157.422484],[151157.969479],[151158.532283],[151159.054254],[151159.624321],[151160.187491],[151160.750722],[151161.318104],[151161.874499],[151162.409654],[151162.985885],[151163.547956],[151164.040875],[151164.465923],[151164.893046],[151165.320535],[151165.750893],[151166.180274],[151166.60697],[151167.031773],[151167.455966],[151167.88138],[151168.305085],[151168.728424],[151169.152495],[151169.577726],[151170.002652],[151170.42715],[151170.85116],[151171.275842],[151171.700096],[151172.146018],[151172.571371],[151172.994771],[151173.418414],[151173.84157],[151174.26613],[151174.696121],[151174.789993]],"gpu":[],"package":[[105709.025099],[105717.092705],[105729.393272],[105742.130544],[105754.779926],[105765.94518],[105778.296406],[105791.125719],[105803.642349],[105816.462263],[105829.193554],[105840.177534],[105849.81612],[105859.497431],[105869.879424],[105879.479558],[105889.107158],[105898.7538],[105908.413993],[105918.038968],[105927.720706],[105937.688149],[105950.47901],[105963.303379],[105976.066408],[105988.851348],[106001.616086],[106014.400172],[106027.174614],[106039.905905],[106052.248891],[106065.050799],[106077.782578],[106090.565687],[106103.358013],[106116.12861],[106128.630531],[106141.007025],[106152.402748],[106165.227483],[106177.963474],[106190.791017],[106203.459868],[106216.289059],[106228.72671],[106239.25421],[106251.756681],[106264.457942],[106274.481781],[106284.042121],[106293.58653],[106303.077472],[106312.573176],[106322.142487],[106331.76026],[106341.355939],[106350.899127],[106360.500238],[106370.11795],[106379.736517],[106389.292645],[106398.891863],[106408.487908],[106418.092559],[106427.648381],[106437.249797],[106447.322709],[106456.895133],[106466.457913],[106476.063113],[106485.667398],[106495.208999],[106504.516288],[106506.146105]],"socket":0,"sys":[],"uncore":[]}],"range":{"end":{"absolute_address":"0x403f17","compilation_unit":null,"function_return":true},"start":{"address":"0x402df0","compilation_unit":{"path":"/home/vlad/energy-profiler-evaluation/cblas/cblas.cpp"},"function_call":{"function":{"declared":{"column":16,"file":"/home/vlad/energy-profiler-evaluation/cblas/cblas.cpp","line":41},"static":true},"symbol":{"address":"0x402df0","binding":"local","demangled_name":"void (anonymous namespace)::detail::gemm_compute<(anonymous namespace)::detail::transpose, double>(unsigned long, unsigned long, unsigned long, unsigned long, double const*, double const*, double*)","local_entrypoint":"0x402df0","mangled_name":"_ZN12_GLOBAL__N_16detail12gemm_computeINS0_9transposeEdEEvmmmmPKT0_S5_PS3_","size":"0xa4"}}}},"sample_times":[1492062325244186,1492062426032888,1492062560020516,1492062694018863,1492062828016453,1492062945036185,1492063075030618,1492063209020036,1492063341021959,1492063475035464,1492063609017879,1492063724026962,1492063825021480,1492063926022522,1492064035021232,1492064136019215,1492064237016070,1492064338020644,1492064439018385,1492064540018698,1492064641028414,1492064746025879,1492064880031002,1492065014020431,1492065148020041,1492065282019490,1492065416019085,1492065550028167,1492065684017991,1492065818030373,1492065947021839,1492066081050330,1492066215018606,1492066349031172,1492066483017263,1492066617021003,1492066748025174,1492066878026650,1492066999017311,1492067133019767,1492067267019126,1492067401017625,1492067535024594,1492067669036660,1492067800019403,1492067927030903,1492068061019474,1492068195020329,1492068301019545,1492068402021655,1492068503020356,1492068604019928,1492068705018210,1492068806015612,1492068907022374,1492069008016756,1492069109017466,1492069210016840,1492069311019643,1492069412017878,1492069513015879,1492069614017900,1492069715018793,1492069816017809,1492069917017287,1492070018026401,1492070124016945,1492070225024999,1492070326019940,1492070427018476,1492070528018120,1492070629022010,1492070730021381,1492070752562616]}],"extra":null,"label":"dgemm"},{"executions":[],"extra":null,"label":"sgemm_notrans"},{"executions":[],"extra":null,"label":"sgemm"},{"executions":[],"extra":null,"label":"dgemv"},{"executions":[],"extra":null,"label":"sgemv"}]}],"idle":[],"units":{"energy":"J","power":"W","time":"ns"}}