{"format":{"cpu":["energy"],"gpu":[]},"groups":[{"extra":null,"label":null,"sections":[{"executions":[{"cpu":[{"cores":[[174558.519986],[174563.888564],[174569.952086],[174576.020247],[174582.088591],[174588.162672],[174593.764769],[174598.75609],[174603.752598],[174608.740256],[174613.734384],[174619.154109],[174624.224225],[174629.303619],[174634.381487],[174639.462162],[174644.540274],[174649.619302],[174654.700404],[174659.779615],[174664.831909],[174669.898547],[174674.978917],[174680.057639],[174685.137094],[174690.150448],[174695.140975],[174700.151948],[174705.194721],[174710.242132],[174715.260125],[174720.295878],[174725.337858],[174730.394852],[174735.466982],[174740.544789],[174745.624061],[174750.704858],[174755.783397],[174760.857542],[174765.913621],[174770.959628],[174775.987081],[174781.028694],[174786.040766],[174791.065656],[174796.079315],[174801.091692],[174806.117741],[174811.133903],[174816.147806],[174821.166714],[174826.212844],[174831.249086],[174836.451831],[174841.51383],[174846.565819],[174851.631114],[174856.683957],[174861.747238],[174866.800325],[174872.014789],[174877.061957],[174882.101922],[174887.159038],[174892.219511],[174897.245133],[174902.281802],[174907.337819],[174912.403724],[174917.461633],[174922.642345],[174927.700987],[174932.739548],[174937.77426499999],[174942.83077],[174947.879646],[174952.949641],[174958.021344],[174963.094878],[174968.153215],[174973.208378],[174978.270621],[174983.315652],[174988.370326],[174993.425306],[174998.477417],[175003.53319],[175008.59403],[175013.649192],[175018.713816],[175023.78088],[175028.959761],[175034.035493],[175039.110614],[175044.189275],[175049.261589],[175054.333109],[175059.409817],[175064.487075],[175069.567873],[175074.651783],[175079.736609],[175084.816552],[175089.894908],[175094.974973],[175100.053939],[175105.136568],[175110.481586],[175115.519049],[175120.564019],[175125.639506],[175130.70889],[175135.777908],[175140.850771],[175145.92278],[175150.995154],[175156.073144],[175161.138927],[175166.202208],[175171.242783],[175176.272372],[175181.322164],[175186.383186],[175191.422785],[175196.463483],[175201.499786],[175206.077045],[175210.48664],[175214.900081],[175219.312484],[175223.729221],[175228.14254],[175232.259045],[175235.388676],[175238.077878],[175240.766775],[175243.178451],[175244.958842],[175246.595984],[175247.805392],[175248.219515]],"dram":[],"gpu":[],"package":[[130272.106932],[130276.983445],[130283.127045],[130289.27449],[130295.421997],[130301.577437],[130307.755766],[130312.86171],[130317.925052],[130322.979299],[130328.04264099999],[130333.530542],[130338.667125],[130343.813291],[130348.961044],[130354.105379],[130359.249958],[130364.398993],[130369.543572],[130374.69224],[130379.808072],[130384.944717],[130390.088258],[130395.236682],[130400.382848],[130405.462975],[130410.516856],[130415.594785],[130420.703902],[130425.820344],[130430.901874],[130436.004339],[130441.112358],[130446.236125],[130451.374905],[130456.519424],[130461.66559],[130466.813098],[130471.958044],[130477.098961],[130482.222117],[130487.334408],[130492.428023],[130497.53592],[130502.614642],[130507.705938],[130512.783195],[130517.862589],[130522.957974],[130528.040542],[130533.120668],[130538.206165],[130543.318884],[130548.418602],[130553.692637],[130558.821164],[130563.939559],[130569.071381],[130574.191425],[130579.317632],[130584.440422],[130589.720254],[130594.836941],[130599.943678],[130605.067139],[130610.194262],[130615.283604],[130620.389854],[130625.509225],[130630.644222],[130635.765852],[130641.018097],[130646.140154],[130651.248295],[130656.349417],[130661.473],[130666.584926],[130671.7245],[130676.862793],[130681.999498],[130687.127476],[130692.245932],[130697.374764],[130702.486628],[130707.607465],[130712.729217],[130717.847673],[130722.970035],[130728.097342],[130733.218605],[130738.349574],[130743.483288],[130748.729918],[130753.872544],[130759.014316],[130764.159444],[130769.298225],[130774.436517],[130779.579998],[130784.723784],[130789.871109],[130795.021365],[130800.172474],[130805.315894],[130810.464135],[130815.610911],[130820.756467],[130825.902572],[130831.318208],[130836.425372],[130841.53687],[130846.676079],[130851.814981],[130856.950894],[130862.089979],[130867.228516],[130872.36748],[130877.508946],[130882.644431],[130887.770883],[130892.88116],[130897.976851],[130903.089813],[130908.220538],[130913.323857],[130918.430778],[130923.533731],[130928.177457],[130932.653153],[130937.125798],[130941.60241],[130946.124249],[130950.596833],[130954.773763],[130957.967175],[130960.716375],[130963.464903],[130965.966606],[130967.809008],[130969.508223],[130970.786662],[130971.233194]],"socket":0,"sys":[],"uncore":[]}],"range":{"end":{"absolute_address":"0x4020e0","compilation_unit":null,"function_return":true},"start":{"address":"0x402300","compilation_unit":{"path":"/home/vlad/energy-profiler-evaluation/rng/rng.cpp"},"function_call":{"function":{"declared":{"column":32,"file":"/home/vlad/energy-profiler-evaluation/rng/rng.cpp","line":43},"static":true},"symbol":{"address":"0x402300","binding":"local","demangled_name":"(anonymous namespace)::generate(std::vector<std::mersenne_twister_engine<unsigned long, 64ul, 312ul, 156ul, 31ul, 13043109905998158313ul, 29ul, 6148914691236517205ul, 17ul, 8202884508482404352ul, 37ul, 18444473444759240704ul, 43ul, 6364136223846793005ul>, std::allocator<std::mersenne_twister_engine<unsigned long, 64ul, 312ul, 156ul, 31ul, 13043109905998158313ul, 29ul, 6148914691236517205ul, 17ul, 8202884508482404352ul, 37ul, 18444473444759240704ul, 43ul, 6364136223846793005ul> > >&, unsigned long, double, double)","local_entrypoint":"0x402300","mangled_name":"_ZN12_GLOBAL__N_18generateERSt6vectorISt23mersenne_twister_engineImLm64ELm312ELm156ELm31ELm13043109905998158313ELm29ELm6148914691236517205ELm17ELm8202884508482404352ELm37ELm18444473444759240704ELm43ELm6364136223846793005EESaIS2_EEmdd","size":"0x2e"}}}},