{"format":{"cpu":["energy"],"gpu":[]},"groups":[{"extra":null,"label":null,"sections":[{"executions":[],"extra":null,"label":"dgemm_notrans"},{"executions":[{"cpu":[{"cores":[[130166.043605],[130174.829654],[130187.009066],[130199.461366],[130211.21689],[130223.437257],[130235.183198],[130247.701049],[130258.879915],[130270.292727],[130279.7418],[130289.234146],[130298.640067],[130308.028104],[130317.442631],[130326.90916],[130336.335161],[130345.771965],[130355.269011],[130364.672552],[130374.088726],[130383.49068],[130392.98089],[130402.423493],[130411.866156],[130421.365888],[130430.769673],[130440.223384],[130450.130951],[130459.63758],[130469.124128],[130478.550556],[130488.051997],[130497.468904],[130506.904671],[130516.33116],[130525.81606],[130535.273006],[130544.72098],[130554.213876],[130563.645614],[130573.135336],[130582.470883],[130591.996738],[130601.451914],[130610.929856],[130620.432212],[130629.859983],[130639.36179],[130648.687572],[130658.174974],[130667.640282],[130677.041076],[130685.166055],[130694.079423],[130703.405327],[130712.780608],[130722.222906],[130731.634381],[130741.04671],[130750.458246],[130759.894929],[130769.332282],[130778.705977],[130788.155537],[130797.563472],[130806.988497],[130816.360604],[130825.789535],[130835.201254],[130844.60687],[130853.976902],[130863.413157],[130872.843614],[130882.275292],[130891.637267],[130901.055517],[130910.476513],[130920.452867],[130929.845665],[130939.293578],[130947.953651],[130948.162452]],"dram":[[150268.182878],[150268.647476],[150269.226637],[150269.768201],[150270.336925],[150270.88331],[150271.430306],[150271.977973],[150272.493902],[150272.971501],[150273.398441],[150273.82007],[150274.250062],[150274.670898],[150275.101012],[150275.524473],[150275.950375],[150276.376094],[150276.798578],[150277.228143],[150277.649101],[150278.078971],[150278.501821],[150278.928578],[150279.354114],[150279.777575],[150280.207322],[150280.627304],[150281.082503],[150281.506147],[150281.932599],[150282.357768],[150282.78129],[150283.210732],[150283.632912],[150284.062964],[150284.485143],[150284.912083],[150285.337192],[150285.761263],[150286.189668],[150286.611481],[150287.042388],[150287.463651],[150287.891079],[150288.316432],[150288.739649],[150289.168176],[150289.5895],[150290.020774],[150290.442098],[150290.870076],[150291.297138],[150291.732195],[150292.161393],[150292.591202],[150293.017104],[150293.441236],[150293.865918],[150294.290599],[150294.714365],[150295.13807],[150295.562385],[150295.987189],[150296.411382],[150296.834599],[150297.258243],[150297.683108],[150298.107789],[150298.532593],[150298.957274],[150299.3822],[150299.805844],[150300.22961],[150300.653254],[150301.078301],[150301.502495],[150301.926932],[150302.376821],[150302.801197],[150303.224963],[150303.65581],[150303.668505]],"gpu":[],"package":[[84970.382267],[84978.438887],[84990.723097],[85003.432842],[85015.392833],[85028.042337],[85040.309212],[85052.587501],[85064.748054],[85076.571449],[85086.300855],[85095.96593],[85105.553064],[85115.128662],[85124.717321],[85134.372692],[85143.979906],[85153.597496],[85163.2666],[85172.860265],[85182.449718],[85192.031541],[85201.702171],[85211.325925],[85220.957554],[85230.629526],[85240.215134],[85249.850363],[85259.956538],[85269.644196],[85279.303901],[85288.919416],[85298.601398],[85308.20025],[85317.809845],[85327.416326],[85337.089764],[85346.719927],[85356.34887],[85366.02194],[85375.635563],[85385.307414],[85394.83101],[85404.528678],[85414.165189],[85423.832461],[85433.506936],[85443.118667],[85452.798391],[85462.305996],[85471.973329],[85481.61985],[85491.201796],[85499.515251],[85508.609405],[85518.118841],[85527.673077],[85537.295611],[85546.887322],[85556.47708],[85566.072149],[85575.689128],[85585.30739],[85594.863396],[85604.49301],[85614.079594],[85623.684977],[85633.237809],[85642.847221],[85652.439725],[85662.020023],[85671.570353],[85681.187088],[85690.797903],[85700.416104],[85709.958743],[85719.557229],[85729.153152],[85739.326649],[85748.899683],[85758.529481],[85767.370034],[85767.595192]],"socket":0,"sys":[],"uncore":[]}],"range":{"end":{"absolute_address":"0x403f17","compilation_unit":null,"function_return":true},"start":{"address":"0x402df0","compilation_unit":{"path":"/home/vlad/energy-profiler-evaluation/cblas/cblas.cpp"},"function_call":{"function":{"declared":{"column":16,"file":"/home/vlad/energy-profiler-evaluation/cblas/cblas.cpp","line":41},"static":true},"symbol":{"address":"0x402df0","binding":"local","demangled_name":"void (anonymous namespace)::detail::gemm_compute<(anonymous namespace)::detail::transpose, double>(unsigned long, unsigned long, unsigned long, unsigned long, double const*, double const*, double*)","local_entrypoint":"0x402df0","mangled_name":"_ZN12_GLOBAL__N_16detail12gemm_computeINS0_9transposeEdEEvmmmmPKT0_S5_PS3_","size":"0xa4"}}}},"sample_times":[1491707698447797,1491707799025954,1491707933019207,1491708067019684,1491708194025604,1491708327018643,1491708457028033,1491708586020025,1491708714087303,1491708838034680,1491708940026897,1491709041033034,1491709142019545,1491709243017572,1491709344016610,1491709445016484,1491709546017812,1491709647020757,1491709748017971,1491709849018757,1491709950039335,1491710051018246,1491710152023369,1491710253017117,1491710354022597,1491710455018820,1491710556019101,1491710657028223,1491710764017138,1491710865020816,1491710966017458,1491711067024539,1491711168017166,1491711269021541,1491711370026327,1491711471017837,1491711572020490,1491711673017973,1491711774018481,1491711875018746,1491711976018508,1491712077025355,1491712178017516,1491712279028057,1491712380020267,1491712481019722,1491712582018436,1491712683020057,1491712784019550,1491712885019195,1491712986014542,1491713087017933,1491713188019622,1491713289027184,1491713390025263,1491713491022826,1491713592016218,1491713693018974,1491713794019080,1491713895023711,1491713996017962,1491714097017103,1491714198027631,1491714299015454,1491714400015207,1491714501023870,1491714602017318,1491714703019137,1491714804018182,1491714905017802,1491715006016588,1491715107017401,1491715208017896,1491715309016850,1491715410017590,1491715511018785,1491715612018188,1491715713024240,1491715820016564,1491715921021684,1491716022020657,1491716123025044,1491716125970005]}],"extra":null,"label":"dgemm"},{"executions":[],"extra":null,"label":"sgemm_notrans"},{"executions":[],"extra":null,"label":"sgemm"},{"executions":[],"extra":null,"label":"dgemv"},{"executions":[],"extra":null,"label":"sgemv"}]}],"idle":[],"units":{"energy":"J","power":"W","time":"ns"}}