{"format":{"cpu":["energy"],"gpu":[]},"groups":[{"extra":null,"label":null,"sections":[{"executions":[{"cpu":[{"cores":[[154907.754314],[154912.702604],[154917.72493],[154922.707889],[154927.692983],[154932.716408],[154937.797572],[154942.876355],[154947.956847],[154953.034837],[154958.116367],[154963.197226],[154968.296273],[154973.374507],[154978.454084],[154983.534149],[154988.565996],[154993.564824],[154998.547965],[155003.536966],[155008.523465],[155013.508926],[155018.505312],[155023.49358],[155028.473609],[155033.45907],[155038.444226],[155043.604857],[155048.679185],[155053.756381],[155058.837911],[155063.915596],[155068.99444],[155074.073346],[155079.153228],[155084.228837],[155089.308597],[155094.389029],[155099.470437],[155104.547267],[155109.627088],[155114.706481],[155119.787889],[155124.86771],[155129.948569],[155135.027963],[155140.104366],[155145.4857],[155150.567107],[155155.64583],[155160.721378],[155165.798209],[155170.879372],[155175.959315],[155181.040784],[155186.119629],[155191.197558],[155196.240269],[155201.278525],[155206.35737],[155211.425289],[155216.495833],[155221.573823],[155226.650226],[155231.728521],[155236.809135],[155241.89097],[155246.970059],[155252.045974],[155257.089113],[155262.129932],[155267.166235],[155272.234643],[155277.312266],[155282.379636],[155287.456528],[155292.536043],[155297.598103],[155302.648932],[155307.704462],[155312.747356],[155317.793913],[155322.814835],[155327.86304],[155332.902151],[155337.980263],[155343.021449],[155348.04823],[155353.06842],[155358.116015],[155363.165135],[155368.187888],[155373.222055],[155378.265804],[155383.322066],[155388.388093],[155393.434406],[155398.496832],[155403.559868],[155408.622111],[155413.690824],[155418.753677],[155423.789369],[155428.825306],[155433.889807],[155438.955041],[155444.018016],[155449.070066],[155454.088852],[155459.124911],[155464.170431],[155469.187019],[155474.236872],[155479.293988],[155484.35324],[155489.425005],[155494.474674],[155499.534354],[155504.613992],[155509.694301],[155514.749281],[155519.807068],[155524.857653],[155530.01389],[155535.043662],[155540.096567],[155545.156368],[155550.210371],[155555.134919],[155559.542501],[155563.952219],[155568.364317],[155572.775804],[155577.184485],[155581.591212],[155585.616531],[155589.170233],[155591.857726],[155594.190972],[155595.96886],[155597.43547],[155598.256391],[155598.332136]],"dram":[[151330.789655],[151330.881512],[151330.974225],[151331.066937],[151331.159649],[151331.252422],[151331.345073],[151331.437785],[151331.530498],[151331.623271],[151331.715922],[151331.808634],[151331.901468],[151331.994119],[151332.086893],[151332.179605],[151332.272256],[151332.364968],[151332.45768],[151332.550392],[151332.643105],[151332.735817],[151332.828529],[151332.921241],[151333.013892],[151333.106604],[151333.199316],[151333.294836],[151333.387487],[151333.4802],[151333.572973],[151333.665624],[151333.758336],[151333.851048],[151333.94376],[151334.036412],[151334.129124],[151334.221836],[151334.314548],[151334.40726],[151334.499972],[151334.592623],[151334.685397],[151334.778109],[151334.87076],[151334.963472],[151335.056184],[151335.15439],[151335.247102],[151335.339814],[151335.432526],[151335.525238],[151335.617889],[151335.710602],[151335.803314],[151335.896026],[151335.988738],[151336.081511],[151336.174223],[151336.266936],[151336.359648],[151336.45236],[151336.545011],[151336.637784],[151336.730435],[151336.823148],[151336.91586],[151337.008572],[151337.101284],[151337.193996],[151337.286647],[151337.379421],[151337.472072],[151337.564784],[151337.657496],[151337.750208],[151337.84292],[151337.935632],[151338.028345],[151338.120996],[151338.213708],[151338.30642],[151338.399132],[151338.491844],[151338.584496],[151338.678184],[151338.770835],[151338.863548],[151338.95626],[151339.048972],[151339.141623],[151339.234335],[151339.327108],[151339.41976],[151339.512533],[151339.60518399999],[151339.697896],[151339.790608],[151339.883259],[151339.975971],[151340.068745],[151340.161396],[151340.254108],[151340.34682],[151340.439471],[151340.532183],[151340.624957],[151340.717608],[151340.81032],[151340.903032],[151340.995744],[151341.088395],[151341.181108],[151341.273881],[151341.36653199999],[151341.459244],[151341.551956],[151341.644668],[151341.737381],[151341.830093],[151341.922805],[151342.015456],[151342.108168],[151342.202711],[151342.295424],[151342.388136],[151342.480787],[151342.57356],[151342.665296],[151342.757092],[151342.848889],[151342.94154],[151343.033337],[151343.125133],[151343.21693],[151343.308727],[151343.400523],[151343.49232],[151343.585032],[151343.676829],[151343.768564],[151343.861276],[151343.869516]],"gpu":[],"package":[[110216.391612],[110221.377439],[110226.466232],[110231.515108],[110236.567219],[110241.659919],[110246.804498],[110251.949626],[110257.096464],[110262.24385],[110267.389101],[110272.53661],[110277.702612],[110282.847924],[110287.994395],[110293.140927],[110298.240157],[110303.305086],[110308.355122],[110313.410651],[110318.46386],[110323.516155],[110328.579313],[110333.634598],[110338.681277],[110343.733632],[110348.785255],[110354.01449],[110359.154674],[110364.298521],[110369.446823],[110374.590975],[110379.736409],[110384.882025],[110390.028191],[110395.170146],[110400.316434],[110405.463577],[110410.608339],[110415.754688],[110420.901159],[110426.046959],[110431.194895],[110436.341549],[110441.486067],[110446.632172],[110451.778155],[110457.229863],[110462.375113],[110467.520547],[110472.665858],[110477.809278],[110482.953979],[110488.100572],[110493.248691],[110498.394003],[110503.541756],[110508.651301],[110513.755475],[110518.898284],[110524.035905],[110529.172916],[110534.314565],[110539.460731],[110544.605676],[110549.749889],[110554.90045],[110560.04686],[110565.186617],[110570.299641],[110575.404121],[110580.51037],[110585.641887],[110590.786344],[110595.920181],[110601.063784],[110606.209767],[110611.33866],[110616.456201],[110621.578014],[110626.687559],[110631.80101],[110636.888399],[110642.006062],[110647.108893],[110652.254266],[110657.361552],[110662.45474],[110667.541702],[110672.655459],[110677.771412],[110682.860572],[110687.961572],[110693.071605],[110698.194578],[110703.327011],[110708.439852],[110713.568623],[110718.698126],[110723.826409],[110728.961711],[110734.087796],[110739.193496],[110744.295656],[110749.426502],[110754.555273],[110759.687706],[110764.806346],[110769.890988],[110774.993698],[110780.105623],[110785.189167],[110790.301642],[110795.428765],[110800.551554],[110805.693082],[110810.806899],[110815.935609],[110821.08208],[110826.229101],[110831.35067],[110836.475107],[110841.591733],[110846.815901],[110851.912019],[110857.028461],[110862.154729],[110867.278495],[110872.269266],[110876.738737],[110881.21187],[110885.726874],[110890.199091],[110894.671126],[110899.141146],[110903.229453],[110906.848096],[110909.59461],[110912.015502],[110913.855952],[110915.38909],[110916.283192],[110916.364002]],"socket":0,"sys":[],"uncore":[]}],"range":{"end":{"absolute_address":"0x4020e0","compilation_unit":null,"function_return":true},"start":{"address":"0x402300","compilation_unit":{"path":"/home/vlad/energy-profiler-evaluation/rng/rng.cpp"},"function_call":{"function":{"declared":{"column":32,"file":"/home/vlad/energy-profiler-evaluation/rng/rng.cpp","line":43},"static":true},"symbol":{"address":"0x402300","binding":"local","demangled_name":"(anonymous namespace)::generate(std::vector<std::mersenne_twister_engine<unsigned long, 64ul, 312ul, 156ul, 31ul, 13043109905998158313ul, 29ul, 6148914691236517205ul, 17ul, 8202884508482404352ul, 37ul, 18444473444759240704ul, 43ul, 6364136223846793005ul>, std::allocator<std::mersenne_twister_engine<unsigned long, 64ul, 312ul, 156ul, 31ul, 13043109905998158313ul, 29ul, 6148914691236517205ul, 17ul, 8202884508482404352ul, 37ul, 18444473444759240704ul, 43ul, 6364136223846793005ul> > >&, unsigned long, double, double)","local_entrypoint":"0x402300",