{"format":{"cpu":["energy"],"gpu":[]},"groups":[{"extra":null,"label":null,"sections":[{"executions":[],"extra":null,"label":"dgemm_notrans"},{"executions":[{"cpu":[{"cores":[[129346.281726],[129355.597315],[129365.828978],[129375.193029],[129384.546094],[129394.393908],[129403.789575],[129413.193664],[129423.358494],[129432.831737],[129442.303819],[129451.754906],[129461.224669],[129470.641271],[129480.039807],[129490.024827],[129499.490868],[129508.965697],[129518.401464],[129527.888134],[129537.315112],[129546.673303],[129556.094238],[129565.517615],[129574.959608],[129584.427113],[129593.861964],[129603.377626],[129612.699379],[129622.169509],[129631.606862],[129641.066616],[129650.823],[129660.258339],[129669.780227],[129679.098745],[129688.579922],[129698.032046],[129707.477152],[129716.96492],[129726.410026],[129735.92056],[129745.321171],[129754.752787],[129764.182878],[129773.650444],[129783.103667],[129792.546697],[129802.041485],[129811.415789],[129820.832513],[129830.268646],[129840.189764],[129849.637371],[129858.985065],[129866.695311],[129876.052587],[129885.460094],[129894.883166],[129904.303369],[129913.695191],[129923.107642],[129932.821973],[129942.186451],[129951.615931],[129961.044862],[129970.467933],[129979.838271],[129989.246633],[129998.663113],[130008.079837],[130017.440408],[130026.777848],[130036.165275],[130045.579558],[130054.945378],[130064.359844],[130073.967668],[130083.389641],[130092.778533],[130102.182135],[130111.580731],[130121.435015],[130127.799989]],"dram":[],"gpu":[],"package":[[84132.625806],[84141.136221],[84152.389183],[84162.029173],[84171.565892],[84181.592539],[84191.175217],[84200.776816],[84211.123286],[84220.775605],[84230.429633],[84240.064191],[84249.717364],[84259.312127],[84268.888275],[84279.065983],[84288.717386],[84298.376358],[84307.987112],[84317.65469],[84327.261416],[84336.80436],[84346.495864],[84356.004873],[84365.634609],[84375.372926],[84384.902504],[84394.594801],[84404.189076],[84413.838831],[84423.365967],[84433.009497],[84442.947033],[84452.568529],[84462.264305],[84471.86096],[84481.522374],[84491.063853],[84500.690782],[84510.360496],[84519.986936],[84529.68381],[84539.350168],[84548.86467],[84558.572836],[84568.130184],[84577.775728],[84587.393502],[84597.060835],[84606.621175],[84616.22198],[84625.925507],[84636.036566],[84645.572125],[84655.194598],[84663.092588],[84672.540684],[84682.218454],[84691.822067],[84701.422751],[84710.994748],[84720.587374],[84730.487496],[84739.939742],[84749.552266],[84759.252254],[84768.855256],[84778.405952],[84787.994978],[84797.59206],[84807.189143],[84816.730012],[84826.2378],[84835.81352],[84845.408039],[84854.954279],[84864.54953],[84874.341559],[84883.855694],[84893.514117],[84903.098443],[84912.67813],[84922.721806],[84929.173633]],"socket":0,"sys":[],"uncore":[]}],"range":{"end":{"absolute_address":"0x403f17","compilation_unit":null,"function_return":true},"start":{"address":"0x402df0","compilation_unit":{"path":"/home/vlad/energy-profiler-evaluation/cblas/cblas.cpp"},"function_call":{"function":{"declared":{"column":16,"file":"/home/vlad/energy-profiler-evaluation/cblas/cblas.cpp","line":41},"static":true},"symbol":{"address":"0x402df0","binding":"local","demangled_name":"void (anonymous namespace)::detail::gemm_compute<(anonymous namespace)::detail::transpose, double>(unsigned long, unsigned long, unsigned long, unsigned long, double const*, double const*, double*)","local_entrypoint":"0x402df0","mangled_name":"_ZN12_GLOBAL__N_16detail12gemm_computeINS0_9transposeEdEEvmmmmPKT0_S5_PS3_","size":"0xa4"}}}},"sample_times":[1491695187181083,1491695293033007,1491695416021136,1491695518022671,1491695619018213,1491695724018156,1491695825018792,1491695926025286,1491696035022325,1491696136029256,1491696237018151,1491696338024860,1491696439017392,1491696540021624,1491696641018465,1491696748018586,1491696849023364,1491696950016478,1491697051017536,1491697152018575,1491697253026665,1491697354019021,1491697455019299,1491697556016683,1491697657019324,1491697758019800,1491697859019122,1491697960018297,1491698061025496,1491698162017694,1491698263019046,1491698364027287,1491698468029443,1491698569017277,1491698670016824,1491698771029063,1491698872018202,1491698973018879,1491699074018719,1491699175019598,1491699276019411,1491699377015330,1491699478018683,1491699579027517,1491699680017638,1491699781022862,1491699882015157,1491699983018242,1491700084019424,1491700185017216,1491700286016916,1491700387017861,1491700493021180,1491700594019146,1491700695023143,1491700796025971,1491700897022665,1491700998017925,1491701099017094,1491701200030204,1491701301017112,1491701402018502,1491701506019925,1491701607016778,1491701708018175,1491701809031779,1491701910016200,1491702011017595,1491702112016823,1491702213018015,1491702314017949,1491702415016488,1491702515099217,1491702616018578,1491702717015890,1491702818021670,1491702919016310,1491703022027478,1491703123017755,1491703224018036,1491703325015788,1491703426018281,1491703532019570,1491703608719022]}],"extra":null,"label":"dgemm"},{"executions":[],"extra":null,"label":"sgemm_notrans"},{"executions":[],"extra":null,"label":"sgemm"},{"executions":[],"extra":null,"label":"dgemv"},{"executions":[],"extra":null,"label":"sgemv"}]}],"idle":[],"units":{"energy":"J","power":"W","time":"ns"}}