{"format":{"cpu":["energy"],"gpu":[]},"groups":[{"extra":null,"label":null,"sections":[{"executions":[{"cpu":[{"cores":[[134575.209014],[134581.481032],[134588.088803],[134594.79954],[134601.460473],[134608.067084],[134614.672658],[134621.279575],[134627.91469],[134634.536499],[134641.167707],[134647.842312],[134654.502939],[134661.15606],[134667.80094],[134674.469441],[134681.147402],[134687.548021],[134694.174469],[134700.872572],[134707.103879],[134712.183151],[134717.26346],[134722.3409],[134727.389838],[134732.436456],[134737.500896],[134742.550627],[134747.595047],[134752.644595],[134757.722463],[134762.807044],[134767.889978],[134772.96925],[134778.007933],[134783.044908],[134788.07584],[134793.156454],[134798.224068],[134803.228816],[134808.272931],[134813.303741],[134818.345415],[134823.371281],[134828.408012],[134833.44462],[134838.480007],[134843.488356],[134848.502504],[134853.530445],[134858.551794],[134863.582299],[134868.639415],[134873.720152],[134878.74437],[134883.823885],[134888.830525],[134893.88697],[134898.908381],[134903.964703],[134909.008758],[134914.067582],[134919.13538],[134924.367483],[134929.447731],[134934.507288],[134939.560071],[134944.628539],[134949.690904],[134954.758457],[134959.830832],[134964.892342],[134969.948909],[134974.963606],[134979.994477],[134985.026812],[134990.074041],[134995.111015],[135000.140299],[135005.177335],[135010.203079],[135015.233339],[135020.283131],[135025.295569],[135030.307947],[135035.326122],[135040.347838],[135045.344102],[135050.345493],[135055.340841],[135060.371773],[135065.449885],[135070.532209],[135075.603302],[135080.604693],[135085.593511],[135090.587883],[135095.585428],[135100.638943],[135105.721023],[135110.79889],[135115.879627],[135120.905249],[135125.972313],[135131.018199],[135136.047056],[135141.072861],[135146.083956],[135151.073079],[135156.056709],[135161.037959],[135166.0211],[135171.030426],[135176.035845],[135181.022893],[135186.043937],[135191.11387],[135196.128506],[135201.140151],[135206.136171],[135211.148182],[135216.155554],[135221.221764],[135225.784802],[135230.190858],[135234.598012],[135239.006265],[135243.411283],[135247.816301],[135251.665595],[135254.806273],[135257.490104],[135259.800462],[135261.549176]],"dram":[[150459.607193],[150459.724685],[150459.84767],[150459.970778],[150460.093764],[150460.21681],[150460.339796],[150460.462781],[150460.585828],[150460.708752],[150460.831799],[150460.954845],[150461.077831],[150461.200816],[150461.323741],[150461.446787],[150461.569773],[150461.682688],[150461.807504],[150461.932382],[150462.03608],[150462.128793],[150462.221505],[150462.314217],[150462.406929],[150462.499641],[150462.592292],[150462.685066],[150462.777778],[150462.870429],[150462.963141],[150463.055853],[150463.148565],[150463.241277],[150463.333929],[150463.426641],[150463.519353],[150463.612065],[150463.704777],[150463.797489],[150463.890202],[150463.982914],[150464.075626],[150464.168338],[150464.260989],[150464.35370099999],[150464.446475],[150464.539126],[150464.631838],[150464.72455],[150464.817323],[150464.909974],[150465.002687],[150465.095399],[150465.188111],[150465.280762],[150465.373474],[150465.466186],[150465.558898],[150465.651611],[150465.744323],[150465.837035],[150465.929686],[150466.025206],[150466.117918],[150466.210569],[150466.303281],[150466.395994],[150466.488706],[150466.581418],[150466.67413],[150466.766842],[150466.859554],[150466.952205],[150467.044979],[150467.137691],[150467.230342],[150467.323054],[150467.415766],[150467.508478],[150467.601191],[150467.693842],[150467.786615],[150467.879266],[150467.971978],[150468.06469],[150468.157342],[150468.250115],[150468.342766],[150468.435478],[150468.52819],[150468.620902],[150468.713615],[150468.806266],[150468.898978],[150468.99169],[150469.084463],[150469.177175],[150469.269888],[150469.362539],[150469.455251],[150469.547963],[150469.640614],[150469.733326],[150469.826099],[150469.918812],[150470.011524],[150470.104236],[150470.196948],[150470.289599],[150470.382311],[150470.475024],[150470.567675],[150470.660448],[150470.75316],[150470.845872],[150470.938584],[150471.031297],[150471.123948],[150471.21666],[150471.309372],[150471.402084],[150471.494796],[150471.58659300001],[150471.67839],[150471.771102],[150471.862898],[150471.954634],[150472.046431],[150472.138227],[150472.230024],[150472.321821],[150472.413617],[150472.503583]],"gpu":[],"package":[[89469.466209],[89475.244758],[89481.942434],[89488.740817],[89495.490556],[89502.184448],[89508.878461],[89515.576381],[89522.295175],[89529.005424],[89535.725255],[89542.487567],[89549.233155],[89555.980147],[89562.711575],[89569.464121],[89576.229424],[89582.712134],[89589.432454],[89596.312808],[89603.032578],[89608.228182],[89613.375142],[89618.522101],[89623.637628],[89628.751018],[89633.879362],[89638.998856],[89644.109438],[89649.222645],[89654.370154],[89659.518334],[89664.667979],[89669.813962],[89674.919296],[89680.022859],[89685.120503],[89690.267157],[89695.405205],[89700.473674],[89705.584134],[89710.684524],[89715.792055],[89720.884754],[89725.984656],[89731.087853],[89736.192638],[89741.264402],[89746.344955],[89751.439486],[89756.53072],[89761.62464],[89766.748162],[89771.895122],[89776.986539],[89782.132339],[89787.205996],[89792.329029],[89797.417212],[89802.540063],[89807.650707],[89812.775938],[89817.910446],[89823.21103],[89828.357685],[89833.484014],[89838.603081],[89843.7382],[89848.867093],[89853.998061],[89859.13971],[89864.26781],[89869.391088],[89874.469932],[89879.570261],[89884.668942],[89889.783004],[89894.886567],[89899.982074],[89905.082647],[89910.178154],[89915.27122],[89920.390774],[89925.466506],[89930.5459],[89935.630481],[89940.719275],[89945.785058],[89950.849925],[89955.912351],[89961.00914],[89966.157137],[89971.302692],[89976.441107],[89981.50927],[89986.564555],[89991.625272],[89996.692276],[90001.811586],[90006.957691],[90012.10221],[90017.249657],[90022.342113],[90027.475278],[90032.590744],[90037.683626],[90042.775837],[90047.856268],[90052.909051],[90057.958843],[90063.00662],[90068.056412],[90073.131777],[90078.204213],[90083.257606],[90088.345178],[90093.481518],[90098.563353],[90103.64116],[90108.70383],[90113.782552],[90118.856026],[90123.98852],[90128.620039],[90133.086702],[90137.600362],[90142.070749],[90146.536497],[90151.002794],[90154.918738],[90158.125884],[90160.872398],[90163.248856],[90165.074352]],"socket":0,"sys":[],"uncore":[]}],"range":{"end":{"absolute_address":"0x4020e0","compilation_unit":null,"function_return":true},"start":{"address":"0x402300","compilation_unit":{"path":"/home/vlad/energy-profiler-evaluation/rng/rng.cpp"},"function_call":{"function":{"declared":{"column":32,"file":"/home/vlad/energy-profiler-evaluation/rng/rng.cpp","line":43},"static":true},"symbol":{"address":"0x402300","binding":"local","demangled_name":"(anonymous namespace)::generate(std::vector<std::mersenne_twister_engine<unsigned long, 64ul, 312ul, 156ul, 31ul, 13043109905998158313ul, 29ul, 6148914691236517205ul, 17ul, 8202884508482404352ul, 37ul, 18444473444759240704ul, 43ul, 6364136223846793005ul>, std::allocator<std::mersenne_twister_engine<unsigned long, 64ul, 312ul, 156ul, 31ul, 13043109905998158313ul, 29ul, 6148914691236517205ul, 17ul, 8202884508482404352ul, 37ul, 18444473444759240704ul, 43ul, 6364136223846793005ul> > >&, unsigned long, double, double)","local_entrypoint":"0x402300","mangled_name":"_ZN12_GLOBAL__N_18generateERSt6vectorISt23mersenne_twister_engineImLm64ELm312ELm156ELm31ELm13043109905998158313ELm29ELm6148914691236517205ELm17ELm8202884508482404352ELm37ELm18444473444759240704ELm43ELm6364136223846793005EESaIS2_EEmdd","size":"0x2e"}}}},