{"format":{"cpu":["energy"],"gpu":[]},"groups":[{"extra":null,"label":null,"sections":[{"executions":[],"extra":null,"label":"dgemm_notrans"},{"executions":[{"cpu":[{"cores":[[149671.035542],[149679.808835],[149690.983489],[149702.406799],[149712.702305],[149722.101695],[149731.52611],[149741.008873],[149750.47412],[149759.927831],[149769.425671],[149778.861865],[149788.26272],[149797.678406],[149807.167395],[149816.606763],[149826.0714],[149835.578883],[149844.986696],[149854.377419],[149863.816665],[149873.310109],[149882.783413],[149892.234744],[149901.724588],[149911.146744],[149920.558035],[149929.987516],[149939.447635],[149948.887614],[149958.362016],[149967.817924],[149977.240569],[149986.712468],[149996.051678],[150005.538714],[150014.960137],[150024.407562],[150033.847479],[150043.307782],[150052.71645],[150062.120295],[150072.706511],[150084.256957],[150095.731415],[150107.284669],[150117.668981],[150127.181164],[150136.574267],[150145.970972],[150155.400086],[150164.866248],[150174.328321],[150183.675465],[150191.388824],[150200.778448],[150210.197492],[150219.627094],[150229.041682],[150238.410432],[150247.816841],[150257.254744],[150266.653036],[150276.064144],[150285.470492],[150294.899484],[150304.273789],[150313.983969],[150323.393491],[150332.814548],[150342.205943],[150351.629808],[150361.054771],[150370.500731],[150379.857092],[150389.278271],[150398.688647],[150408.1271],[150417.517945],[150426.956153],[150436.397962],[150445.81255],[150452.586459]],"dram":[],"gpu":[],"package":[[104871.753012],[104879.70575],[104890.969637],[104902.609683],[104914.068882],[104923.738596],[104933.346055],[104943.009299],[104952.652707],[104962.291049],[104971.971139],[104981.589217],[104991.172445],[105000.76617],[105010.441438],[105020.055427],[105029.70207],[105039.388874],[105048.982721],[105058.555146],[105068.173041],[105077.851727],[105087.507464],[105097.134515],[105106.807952],[105116.405461],[105126.019695],[105135.609087],[105145.257438],[105154.878813],[105164.53339],[105174.166178],[105183.773819],[105193.428519],[105202.944791],[105212.608096],[105222.219949],[105231.843581],[105241.467641],[105251.110317],[105260.708193],[105270.283669],[105280.003797],[105291.788557],[105303.579665],[105315.233993],[105326.897293],[105336.5949],[105346.169766],[105355.743655],[105365.353432],[105375.003737],[105384.643727],[105394.173],[105402.092901],[105411.643475],[105421.243548],[105430.85296],[105440.448272],[105449.992864],[105459.591228],[105469.292681],[105478.793511],[105488.367583],[105497.961369],[105507.568767],[105517.214616],[105527.017447],[105536.609464],[105546.302188],[105555.873697],[105565.477615],[105574.991934],[105584.709072],[105594.155581],[105603.847512],[105613.43843],[105623.057668],[105632.536403],[105642.152406],[105651.771706],[105661.464796],[105668.333858]],"socket":0,"sys":[],"uncore":[]}],"range":{"end":{"absolute_address":"0x403f17","compilation_unit":null,"function_return":true},"start":{"address":"0x402df0","compilation_unit":{"path":"/home/vlad/energy-profiler-evaluation/cblas/cblas.cpp"},"function_call":{"function":{"declared":{"column":16,"file":"/home/vlad/energy-profiler-evaluation/cblas/cblas.cpp","line":41},"static":true},"symbol":{"address":"0x402df0","binding":"local","demangled_name":"void (anonymous namespace)::detail::gemm_compute<(anonymous namespace)::detail::transpose, double>(unsigned long, unsigned long, unsigned long, unsigned long, double const*, double const*, double*)","local_entrypoint":"0x402df0","mangled_name":"_ZN12_GLOBAL__N_16detail12gemm_computeINS0_9transposeEdEEvmmmmPKT0_S5_PS3_","size":"0xa4"}}}},"sample_times":[1492049825278498,1492049926025361,1492050049018075,1492050172020572,1492050293026090,1492050395021400,1492050496018715,1492050597018657,1492050698017143,1492050799016438,1492050900021275,1492051001017554,1492051102020087,1492051203019938,1492051304021598,1492051405018156,1492051506022280,1492051607018000,1492051708018719,1492051809018626,1492051910020989,1492052011018928,1492052112016361,1492052213018748,1492052314017354,1492052415016182,1492052516023843,1492052617018577,1492052718027313,1492052819017358,1492052920021111,1492053021020266,1492053122021049,1492053223017208,1492053324017244,1492053425025736,1492053526016545,1492053627016717,1492053728026362,1492053829020299,1492053930016932,1492054031017989,1492054133033043,1492054256021644,1492054379020573,1492054502017669,1492054623026028,1492054725016813,1492054826029882,1492054927023230,1492055028017155,1492055129020298,1492055230017783,1492055331017118,1492055432025073,1492055533019821,1492055634019545,1492055735020934,1492055836026145,1492055937026570,1492056038015971,1492056139018343,1492056240020660,1492056341016285,1492056442018106,1492056543019479,1492056644016618,1492056748019042,1492056849018359,1492056950020364,1492057051018508,1492057152016304,1492057253016549,1492057354025491,1492057455017608,1492057556017981,1492057657018397,1492057758016975,1492057859017815,1492057960019982,1492058061016928,1492058162031668,1492058243778140]}],"extra":null,"label":"dgemm"},{"executions":[],"extra":null,"label":"sgemm_notrans"},{"executions":[],"extra":null,"label":"sgemm"},{"executions":[],"extra":null,"label":"dgemv"},{"executions":[],"extra":null,"label":"sgemv"}]}],"idle":[],"units":{"energy":"J","power":"W","time":"ns"}}