{"format":{"cpu":["energy"],"gpu":[]},"groups":[{"extra":null,"label":null,"sections":[{"executions":[{"cpu":[{"cores":[],"dram":[],"gpu":[],"package":[[108797.72404],[108802.806364],[108808.505385],[108813.676758],[108818.781359],[108823.930638],[108829.076621],[108834.222726],[108839.367793],[108844.512311],[108849.656952],[108854.788286],[108859.905644],[108864.994986],[108870.114541],[108875.261866],[108880.406507],[108885.552001],[108890.699693],[108895.844333],[108900.99233],[108906.138252],[108911.286127],[108916.432599],[108921.576811],[108926.723832],[108931.869449],[108937.015493],[108942.160499],[108947.306787],[108952.456127],[108957.599668],[108962.746323],[108967.891939],[108973.038472],[108978.227179],[108983.438836],[108988.91044],[108994.047817],[108999.188551],[109004.335144],[109009.476],[109014.616917],[109019.758628],[109024.903451],[109030.050289],[109035.197248],[109040.356964],[109045.503374],[109050.650456],[109055.79772],[109060.94291],[109066.089686],[109071.257947],[109076.404784],[109081.56688],[109086.712924],[109091.862936],[109097.007271],[109102.15539],[109107.304424],[109112.451323],[109117.598099],[109122.741702],[109127.891164],[109133.041114],[109138.186608],[109143.332225],[109148.476804],[109153.622604],[109158.772249],[109163.917866],[109169.063605],[109174.20916],[109179.355754],[109184.506192],[109189.649367],[109194.794496],[109199.941638],[109205.086278],[109210.235557],[109215.380625],[109220.52673],[109225.6743],[109230.821076],[109235.966571],[109241.113896],[109246.258231],[109251.404397],[109256.552516],[109261.700697],[109266.844909],[109271.990831],[109277.13718],[109282.284567],[109287.430794],[109292.578181],[109297.722211],[109302.869048],[109308.015641],[109313.164493],[109318.310354],[109323.456154],[109328.603785],[109333.750073],[109338.894652],[109344.04094],[109349.185702],[109354.333516],[109359.479743],[109364.626642],[109369.771892],[109374.917143],[109380.062576],[109385.205874],[109390.34557],[109395.49259],[109400.638451],[109405.784495],[109410.928708],[109416.064132],[109421.197725],[109426.318317],[109431.451849],[109436.571892],[109441.716776],[109446.860745],[109452.00154],[109457.146668],[109462.302173],[109467.203344],[109471.76095],[109476.291029],[109480.847413],[109485.412099],[109489.618753],[109493.373565],[109496.168968],[109498.914994],[109501.662179],[109503.993228],[109506.213681],[109507.940178],[109508.382011]],"socket":0,"sys":[],"uncore":[]}],"range":{"end":{"absolute_address":"0x4020e0","compilation_unit":null,"function_return":true},"start":{"address":"0x402300","compilation_unit":{"path":"/home/vlad/energy-profiler-evaluation/rng/rng.cpp"},"function_call":{"function":{"declared":{"column":32,"file":"/home/vlad/energy-profiler-evaluation/rng/rng.cpp","line":43},"static":true},"symbol":{"address":"0x402300","binding":"local","demangled_name":"(anonymous namespace)::generate(std::vector<std::mersenne_twister_engine<unsigned long, 64ul, 312ul, 156ul, 31ul, 13043109905998158313ul, 29ul, 6148914691236517205ul, 17ul, 8202884508482404352ul, 37ul, 18444473444759240704ul, 43ul, 6364136223846793005ul>, std::allocator<std::mersenne_twister_engine<unsigned long, 64ul, 312ul, 156ul, 31ul, 13043109905998158313ul, 29ul, 6148914691236517205ul, 17ul, 8202884508482404352ul, 37ul, 18444473444759240704ul, 43ul, 6364136223846793005ul> > >&, unsigned long, double, double)","local_entrypoint":"0x402300","mangled_name":"_ZN12_GLOBAL__N_18generateERSt6vectorISt23mersenne_twister_engineImLm64ELm312ELm156ELm31ELm13043109905998158313ELm29ELm6148914691236517205ELm17ELm8202884508482404352ELm37ELm18444473444759240704ELm43ELm6364136223846793005EESaIS2_EEmdd","size":"0x2e"}}}},"sample_times":[1492108354934645,1492108455003288,1492108567001909,1492108669002333,1492108770011930,1492108871001891,1492108972001908,1492109073001872,1492109174001848,1492109275001771,1492109376001809,1492109477001756,1492109578001730,1492109679001663,1492109780001824,1492109881001714,1492109982001842,1492110083001851,1492110184001750,1492110285001747,1492110386001790,1492110487001830,1492110588001756,1492110689001753,1492110790001822,1492110891001672,1492110992001771,1492111093001766,1492111194001750,1492111295001871,1492111396002141,1492111497001732,1492111598001754,1492111699001839,1492111800001866,1492111901001832,1492112002001799,1492112109001820,1492112210001830,1492112311001825,1492112412001834,1492112513001744,1492112614001796,1492112715001761,1492112816001970,1492112917001761,1492113018001959,1492113119001898,1492113220001802,1492113321001767,1492113422001813,1492113523001777,1492113624001801,1492113725001784,1492113826001790,1492113927001826,1492114028001756,1492114129001797,1492114230001739,1492114331001794,1492114432001826,1492114533001892,1492114634001790,1492114735001789,1492114836001844,1492114937001770,1492115038001674,1492115139001725,1492115240001807,1492115341001744,1492115442001752,1492115543001822,1492115644001752,1492115745002394,1492115846001829,1492115947002796,1492116048001814,1492116149001783,1492116250001813,1492116351001749,1492116452001722,1492116553001783,1492116654001733,1492116755001800,1492116856001866,1492116957001690,1492117058001742,1492117159001801,1492117260001792,1492117361001697,1492117462001764,1492117563001764,1492117664001698,1492117765001944,1492117866001822,1492117967001906,1492118068001804,1492118169001865,1492118270001691,1492118371001841,1492118472002060,1492118573001784,1492118674001790,1492118775001818,1492118876001731,1492118977001745,1492119078001762,1492119179001782,1492119280001796,1492119381001745,1492119482001744,1492119583001665,1492119684001838,1492119785001770,1492119886001777,1492119987001803,1492120088001818,1492120189001725,1492120290007702,1492120391001730,1492120492001777,1492120593001895,1492120694001812,1492120795001787,1492120896001771,1492120997001798,1492121098001721,1492121199001832,1492121300001844,1492121401001719,1492121501057328,1492121601116610,1492121701175868,1492121801259224,1492121901344067,1492122001431362,1492122101519935,1492122201607732,1492122301698005,1492122401785313,1492122501875270,1492122601962734,1492122702050852,1492122735014321]}],"extra":null,"label":null}]}],"idle":[],"units":{"energy":"J","power":"W","time":"ns"}}