{"format":{"cpu":["energy"],"gpu":[]},"groups":[{"extra":null,"label":null,"sections":[{"executions":[{"cpu":[{"cores":[[154211.470635],[154216.921243],[154222.111904],[154227.334669],[154232.53125],[154237.791246],[154243.059299],[154248.374715],[154253.645759],[154258.844842],[154264.247477],[154269.725368],[154275.001966],[154280.331603],[154285.71544],[154290.993258],[154296.216145],[154301.44538],[154306.517755],[154311.587139],[154316.644377],[154321.711014],[154326.77582],[154331.817678],[154336.872352],[154341.933374],[154347.088024],[154352.168517],[154357.249802],[154362.320102],[154367.395712],[154372.473701],[154377.548212],[154382.727887],[154387.805693],[154392.8835],[154397.962223],[154403.041128],[154408.120156],[154413.205348],[154418.282483],[154423.360717],[154428.442003],[154433.516636],[154438.934835],[154443.988777],[154449.063898],[154454.131268],[154459.192229],[154464.270036],[154469.344364],[154474.47106],[154479.548073],[154484.627467],[154489.703748],[154494.784423],[154499.862535],[154504.936131],[154510.010703],[154515.085275],[154520.162288],[154525.240644],[154530.310272],[154535.382708],[154540.463445],[154545.542045],[154550.62095],[154555.701748],[154560.782057],[154565.861817],[154570.942004],[154576.018896],[154581.097557],[154586.200388],[154591.281247],[154596.368392],[154601.449373],[154606.529438],[154611.607794],[154616.708733],[154621.85203],[154626.998013],[154632.086562],[154637.161622],[154642.23772],[154647.310339],[154652.383385],[154657.966989],[154663.1488],[154668.727582],[154673.792388],[154678.869218],[154683.950016],[154689.018667],[154694.098916],[154699.155849],[154704.203748],[154709.27832],[154714.34038],[154719.416173],[154724.474998],[154729.514535],[154734.56097],[154739.592818],[154744.650422],[154749.706378],[154754.746221],[154759.818779],[154764.901164],[154769.963773],[154775.008315],[154780.054018],[154785.102772],[154790.140845],[154795.178003],[154800.22517],[154805.390196],[154810.460373],[154815.525485],[154820.595113],[154825.674323],[154830.753046],[154835.865826],[154840.976897],[154846.054215],[154851.16553],[154856.2459],[154860.962929],[154865.46127],[154869.965043],[154874.464848],[154878.970269],[154883.46336],[154887.90268],[154891.76766],[154895.624218],[154899.439882],[154901.885798],[154903.633841],[154905.268541],[154905.607591]],"dram":[],"gpu":[],"package":[[109510.631151],[109515.586033],[109521.394185],[109526.686713],[109531.951531],[109537.280496],[109542.618068],[109548.00636],[109553.343199],[109558.635972],[109564.08365],[109569.63338],[109574.876164],[109580.377981],[109585.832862],[109591.180017],[109596.471385],[109601.768918],[109606.907699],[109612.043733],[109617.167255],[109622.299993],[109627.431145],[109632.539591],[109637.660794],[109642.788405],[109648.011109],[109653.158068],[109658.305699],[109663.442832],[109668.582101],[109673.72961],[109678.870893],[109684.118683],[109689.263262],[109694.407536],[109699.552969],[109704.698586],[109709.844203],[109714.996045],[109720.139708],[109725.284776],[109730.432651],[109735.573568],[109741.063178],[109746.183831],[109751.32603],[109756.46005],[109761.587356],[109766.728762],[109771.869679],[109777.065893],[109782.209679],[109787.352488],[109792.498776],[109797.643111],[109802.78824],[109807.931049],[109813.06928],[109818.210319],[109823.353922],[109828.498806],[109833.635451],[109838.776856],[109843.921435],[109849.06693],[109854.215598],[109859.360177],[109864.50732],[109869.653852],[109874.801178],[109879.947771],[109885.089665],[109890.262015],[109895.409768],[109900.563685],[109905.707959],[109910.854735],[109915.999559],[109921.167087],[109926.376485],[109931.588874],[109936.744318],[109941.885906],[109947.02841],[109952.167923],[109957.307741],[109962.964526],[109968.211278],[109973.866598],[109978.997688],[109984.140986],[109989.288128],[109994.423369],[109999.570023],[110004.693973],[110009.807851],[110014.949379],[110020.078394],[110025.220837],[110030.346251],[110035.452561],[110040.565524],[110045.663961],[110050.787849],[110055.910516],[110061.017193],[110066.156157],[110071.305191],[110076.434573],[110081.546071],[110086.657752],[110091.770166],[110096.877697],[110101.981077],[110107.094467],[110112.327791],[110117.464192],[110122.592536],[110127.729119],[110132.874675],[110138.023038],[110143.199111],[110148.377199],[110153.524524],[110158.70249],[110163.849632],[110168.629405],[110173.1911],[110177.758044],[110182.319189],[110186.931726],[110191.484083],[110195.984926],[110199.913566],[110203.833661],[110207.713595],[110210.229762],[110212.044516],[110213.743914],[110214.110734]],"socket":0,"sys":[],"uncore":[]}],"range":{"end":{"absolute_address":"0x4020e0","compilation_unit":null,"function_return":true},"start":{"address":"0x402300","compilation_unit":{"path":"/home/vlad/energy-profiler-evaluation/rng/rng.cpp"},"function_call":{"function":{"declared":{"column":32,"file":"/home/vlad/energy-profiler-evaluation/rng/rng.cpp","line":43},"static":true},"symbol":{"address":"0x402300","binding":"local","demangled_name":"(anonymous namespace)::generate(std::vector<std::mersenne_twister_engine<unsigned long, 64ul, 312ul, 156ul, 31ul, 13043109905998158313ul, 29ul, 6148914691236517205ul, 17ul, 8202884508482404352ul, 37ul, 18444473444759240704ul, 43ul, 6364136223846793005ul>, std::allocator<std::mersenne_twister_engine<unsigned long, 64ul, 312ul, 156ul, 31ul, 13043109905998158313ul, 29ul, 6148914691236517205ul, 17ul, 8202884508482404352ul, 37ul, 18444473444759240704ul, 43ul, 6364136223846793005ul> > >&, unsigned long, double, double)","local_entrypoint":"0x402300","mangled_name":"_ZN12_GLOBAL__N_18generateERSt6vectorISt23mersenne_twister_engineImLm64ELm312ELm156ELm31ELm13043109905998158313ELm29ELm6148914691236517205ELm17ELm8202884508482404352ELm37ELm18444473444759240704ELm43ELm6364136223846793005EESaIS2_EEmdd","size":"0x2e"}}}},