{"format":{"cpu":["energy"],"gpu":[]},"groups":[{"extra":null,"label":null,"sections":[{"executions":[],"extra":null,"label":"dgemm_notrans"},{"executions":[{"cpu":[{"cores":[[170845.188977],[170854.061086],[170865.754416],[170878.263417],[170890.661029],[170902.651965],[170914.356037],[170926.282093],[170938.063923],[170950.178821],[170962.004963],[170973.781422],[170985.759907],[170998.293017],[171009.645954],[171022.112231],[171034.358537],[171046.172106],[171057.173542],[171069.143543],[171081.654986],[171093.788195],[171104.618794],[171116.639882],[171128.397481],[171140.286672],[171151.981588],[171164.492176],[171177.062334],[171187.903615],[171199.82393399999],[171211.625112],[171224.198688],[171235.232718],[171244.697537],[171254.045292],[171263.548197],[171272.996964],[171282.477287],[171291.91519],[171301.400273],[171310.821697],[171320.257341],[171329.722039],[171339.194122],[171348.639532],[171358.093365],[171365.92617],[171375.204772],[171384.652745],[171394.114269],[171403.544238],[171412.908654],[171422.354858],[171431.787512],[171441.924571],[171451.353441],[171460.789635],[171470.214843],[171479.590918],[171489.004407],[171498.417713],[171507.859888],[171517.244203],[171526.692665],[171536.146193],[171545.584706],[171554.972317],[171564.409609],[171573.867654],[171583.309463],[171592.719168],[171602.180326],[171611.635074],[171621.067179],[171627.797387]],"dram":[[152010.808361],[152011.271799],[152011.830087],[152012.396369],[152012.966314],[152013.509403],[152014.042971],[152014.580324],[152015.108154],[152015.650816],[152016.19122],[152016.722774],[152017.263361],[152017.812554],[152018.342155],[152018.895376],[152019.428944],[152019.964404],[152020.492052],[152021.037766],[152021.580001],[152022.111371],[152022.644024],[152023.182291],[152023.717996],[152024.215919],[152024.786657],[152025.349034],[152025.877475],[152026.41385],[152026.947235],[152027.48709],[152028.026578],[152028.507778],[152028.93069],[152029.361658],[152029.782738],[152030.210594],[152030.636984],[152031.065877],[152031.492207],[152031.923297],[152032.343279],[152032.773514],[152033.20021],[152033.629774],[152034.06239],[152034.495556],[152034.921519],[152035.344614],[152035.768075],[152036.191108],[152036.616705],[152037.039312],[152037.461857],[152037.918826],[152038.342531],[152038.766663],[152039.190124],[152039.614195],[152040.038999],[152040.462826],[152040.887385],[152041.311762],[152041.7351],[152042.158073],[152042.581228],[152043.005666],[152043.430103],[152043.853869],[152044.27733],[152044.700791],[152045.124374],[152045.548506],[152045.971967],[152046.313519]],"gpu":[],"package":[[126478.402471],[126486.55162],[126498.34639],[126511.06999],[126523.708019],[126536.419718],[126547.853771],[126560.018473],[126572.051646],[126584.84568],[126597.153815],[126608.423806],[126620.639717],[126633.412573],[126645.84882],[126657.688572],[126670.155215],[126682.255526],[126694.281557],[126706.202975],[126718.378175],[126730.730317],[126741.79291],[126754.602692],[126766.815002],[126778.124849],[126790.048524],[126802.801177],[126815.602048],[126827.438626],[126839.482724],[126850.9205],[126863.655208],[126875.870753],[126885.601563],[126895.137794],[126904.820752],[126914.451221],[126924.112878],[126933.732482],[126943.398901],[126952.994945],[126962.617601],[126972.25631],[126981.918211],[126991.545628],[127001.182322],[127009.196217],[127018.662502],[127028.290712],[127037.924415],[127047.542433],[127057.087269],[127066.713282],[127076.317811],[127086.648961],[127096.258006],[127105.882493],[127115.487938],[127125.036253],[127134.630406],[127144.231821],[127153.846116],[127163.418906],[127173.047422],[127182.673557],[127192.300119],[127201.868393],[127211.48641],[127221.124386],[127230.746309],[127240.32795],[127249.969832],[127259.604573],[127269.216548],[127276.053811]],"socket":0,"sys":[],"uncore":[]}],"range":{"end":{"absolute_address":"0x403f17","compilation_unit":null,"function_return":true},"start":{"address":"0x402df0","compilation_unit":{"path":"/home/vlad/energy-profiler-evaluation/cblas/cblas.cpp"},"function_call":{"function":{"declared":{"column":16,"file":"/home/vlad/energy-profiler-evaluation/cblas/cblas.cpp","line":41},"static":true},"symbol":{"address":"0x402df0","binding":"local","demangled_name":"void (anonymous namespace)::detail::gemm_compute<(anonymous namespace)::detail::transpose, double>(unsigned long, unsigned long, unsigned long, unsigned long, double const*, double const*, double*)","local_entrypoint":"0x402df0","mangled_name":"_ZN12_GLOBAL__N_16detail12gemm_computeINS0_9transposeEdEEvmmmmPKT0_S5_PS3_","size":"0xa4"}}}},"sample_times":[1492416980086834,1492417081030490,1492417210021925,1492417344018245,1492417478019331,1492417612017218,1492417732025691,1492417859025602,1492417985038607,1492418119029450,1492418248035116,1492418367022573,1492418495020608,1492418629021998,1492418759023219,1492418884023206,1492419014020881,1492419141032010,1492419267018510,1492419392021093,1492419520030736,1492419649023496,1492419766027498,1492419900032927,1492420028018663,1492420147024463,1492420272022007,1492420406021215,1492420540017582,1492420665020221,1492420791018760,1492420911033857,1492421045022003,1492421173020662,1492421275035174,1492421376017405,1492421477020043,1492421578019757,1492421679016874,1492421780019199,1492421881017992,1492421982017454,1492422083025729,1492422184026742,1492422285017773,1492422386016202,1492422487016792,1492422588025744,1492422689017559,1492422790017157,1492422891018297,1492422992021482,1492423093018312,1492423194016731,1492423295029078,1492423404021886,1492423505020931,1492423606020026,1492423707019820,1492423808019766,1492423909019910,1492424010016794,1492424111020091,1492424212016893,1492424313016685,1492424414035061,1492424515016610,1492424616017740,1492424717016338,1492424818018221,1492424919018593,1492425020020297,1492425121015815,1492425222017114,1492425323022366,1492425403628993]}],"extra":null,"label":"dgemm"},{"executions":[],"extra":null,"label":"sgemm_notrans"},{"executions":[],"extra":null,"label":"sgemm"},{"executions":[],"extra":null,"label":"dgemv"},{"executions":[],"extra":null,"label":"sgemv"}]}],"idle":[],"units":{"energy":"J","power":"W","time":"ns"}}