{"format":{"cpu":["energy"],"gpu":[]},"groups":[{"extra":null,"label":null,"sections":[{"executions":[],"extra":null,"label":"dgemm_notrans"},{"executions":[{"cpu":[{"cores":[[253140.746428],[253144.995501],[253151.670899],[253158.236556],[253165.096951],[253171.875804],[253178.601067],[253185.400366],[253192.238056],[253199.125612],[253205.987838],[253212.771024],[253219.5926],[253226.43145],[253233.211096],[253240.198932],[253246.964723],[253253.230149],[253260.071562],[253266.879284],[253273.844659],[253280.648841],[253287.486042],[253294.314272],[253301.128158],[253308.004606],[253314.900645],[253321.775078],[253328.57395],[253335.385517],[253342.23755],[253349.115462],[253356.005398],[253362.794809],[253369.639213],[253376.47672],[253383.292621],[253390.28534],[253397.098066],[253403.957241],[253410.792611],[253417.604056],[253424.518834],[253431.380938],[253438.252319],[253445.083417],[253451.917506],[253458.781319],[253465.64971],[253472.54282],[253479.343705],[253486.180602],[253493.039959],[253499.831019],[253506.824836],[253513.397024],[253520.254306],[253527.067582],[253533.862975],[253540.836712],[253547.640284],[253554.506538],[253561.323781],[253568.149997],[253575.017045],[253581.908262],[253588.784465],[253595.585534],[253602.405829],[253609.263051],[253616.14377],[253623.051162],[253629.841306],[253636.687907],[253643.516076],[253650.351813],[253657.232715],[253662.429602],[253669.118244],[253676.869933],[253683.722455],[253690.538782],[253696.353465],[253701.061522],[253705.850389],[253710.529759],[253715.299889],[253720.284251],[253725.045469],[253729.825242],[253734.545506],[253739.32888],[253744.097605],[253748.876402],[253753.644883],[253758.435642],[253763.195457],[253767.925242],[253772.688719],[253777.470689],[253782.245518],[253787.032737],[253791.80897],[253796.850339],[253801.58989],[253806.35654],[253811.143393],[253815.897898],[253820.69],[253825.463181],[253830.245883],[253834.984458],[253839.77424],[253844.549314],[253849.33342],[253854.113376],[253858.905173],[253863.675485],[253868.41583],[253873.188461],[253877.960666],[253882.750571],[253887.524545],[253892.304562],[253897.07756],[253901.83237],[253906.612753],[253911.395334],[253916.184323],[253920.948471],[253924.888158],[253924.962133]],"dram":[],"gpu":[],"package":[[61199.137153],[61202.388304],[61209.241497],[61216.024744],[61222.896369],[61229.806263],[61236.660311],[61243.584732],[61250.592099],[61257.590311],[61264.56063],[61271.492375],[61278.425402],[61285.409576],[61292.410901],[61299.41601],[61306.335914],[61313.297261],[61319.690006],[61326.707016],[61333.723905],[61340.662425],[61347.61895],[61354.588049],[61361.522113],[61368.640808],[61375.558881],[61382.552821],[61389.507576],[61396.432668],[61403.437106],[61410.447769],[61417.441831],[61424.382487],[61431.331138],[61438.320805],[61445.345629],[61452.371917],[61459.334179],[61466.307123],[61473.292518],[61480.21706],[61487.352784],[61494.26512],[61501.25729],[61508.231881],[61515.189078],[61522.250461],[61529.197587],[61536.203306],[61543.151042],[61550.102135],[61557.09693],[61564.124988],[61571.139496],[61577.865126],[61584.824276],[61591.787759],[61598.750448],[61605.814273],[61612.750474],[61619.737882],[61626.697337],[61633.643181],[61640.748815],[61647.671283],[61654.668945],[61661.612897],[61668.546962],[61675.547554],[61682.589223],[61689.584383],[61696.524795],[61703.477292],[61710.46171],[61717.468284],[61724.438969],[61730.043386],[61736.595249],[61744.488051],[61751.482907],[61758.429239],[61765.410971],[61770.205271],[61775.085019],[61779.847397],[61784.714877],[61789.79366],[61794.646675],[61799.514522],[61804.329451],[61809.203645],[61814.063191],[61818.937446],[61823.797175],[61828.674176],[61833.527679],[61838.348163],[61843.203741],[61848.07409],[61852.940166],[61857.819182],[61862.687151],[61867.827885],[61872.655143],[61877.513834],[61882.390286],[61887.236038],[61892.119021],[61896.983999],[61901.864541],[61906.687221],[61911.568373],[61916.428773],[61921.310475],[61926.180701],[61931.063685],[61935.92201],[61940.758972],[61945.619983],[61950.483923],[61955.357995],[61960.230175],[61965.100096],[61969.965257],[61974.810826],[61979.677086],[61984.557017],[61989.430601],[61994.29271],[61998.317785],[61998.393102]],"socket":0,"sys":[],"uncore":[]}],"range":{"end":{"absolute_address":"0x403f17","compilation_unit":null,"function_return":true},"start":{"address":"0x402df0","compilation_unit":{"path":"/home/vlad/energy-profiler-evaluation/cblas/cblas.cpp"},"function_call":{"function":{"declared":{"column":16,"file":"/home/vlad/energy-profiler-evaluation/cblas/cblas.cpp","line":41},"static":true},"symbol":{"address":"0x402df0","binding":"local","demangled_name":"void (anonymous namespace)::detail::gemm_compute<(anonymous namespace)::detail::transpose, double>(unsigned long, unsigned long, unsigned long, unsigned long, double const*, double const*, double*)","local_entrypoint":"0x402df0","mangled_name":"_ZN12_GLOBAL__N_16detail12gemm_computeINS0_9transposeEdEEvmmmmPKT0_S5_PS3_","size":"0xa4"}}}},"sample_times":[93008812315990,93008863023846,93008936022449,93009009020065,93009082025360,93009155018527,93009228017020,93009301018088,93009374030680,93009447018337,93009520018766,93009593017998,93009666019723,93009739018119,93009812019966,93009885018649,93009958020392,93010031018346,93010098017521,93010171020536,93010244016518,93010317018607,93010390018118,93010463018590,93010536018061,93010609019319,93010682018892,93010755015936,93010828019654,93010901017299,93010974018166,93011047019696,93011120016765,93011193019702,93011266019368,93011339019433,93011412018932,93011485017034,93011558021643,93011631016451,93011704019312,93011777018644,93011850018051,93011923020351,93011996017143,93012069020131,93012142024180,93012215022704,93012288020454,93012361017223,93012434022329,93012507019027,93012580018477,93012653018769,93012726018511,93012797020015,93012870018111,93012943018450,93013016026165,93013089017976,93013162023612,93013235015788,93013308019638,93013381018163,93013454022377,93013527019387,93013600017968,93013673018757,93013746015377,93013819019800,93013892019118,93013965019058,93014038021605,93014111016543,93014184019957,93014257022175,93014330015866,93014403024941,93014476017756,93014559021734,93014632019156,93014705018465,93014778039830,93014829014709,93014880020365,93014930099762,93014981017987,93015034020205,93015085018534,93015136029142,93015187017465,93015238017922,93015289019075,93015340017383,93015391016041,93015442019960,93015493019752,93015544018010,93015595015055,93015646021527,93015697016352,93015748023936,93015799017473,93015853029246,93015904018568,93015955018113,93016006016220,93016057015087,93016108018277,93016159017206,93016210029321,93016261026475,93016312019447,93016363026197,93016414015617,93016465016173,93016516018333,93016567022449,93016618018168,93016669017849,93016720019636,93016771018506,93016822025489,93016873016001,93016924020454,93016975018617,93017026017945,93017077018043,93017128021791,93017179017895,93017229195194,93017230235249]}],"extra":null,"label":"dgemm"},{"executions":[],"extra":null,"label":"sgemm_notrans"},{"executions":[],"extra":null,"label":"sgemm"},{"executions":[],"extra":null,"label":"dgemv"},{"executions":[],"extra":null,"label":"sgemv"}]}],"idle":[],"units":{"energy":"J","power":"W","time":"ns"}}