{"format":{"cpu":["energy"],"gpu":[]},"groups":[{"extra":null,"label":null,"sections":[{"executions":[],"extra":null,"label":"dgemm_notrans"},{"executions":[{"cpu":[{"cores":[[122577.020552],[122581.313205],[122587.961869],[122594.502929],[122601.32237],[122608.08047],[122614.817697],[122621.592887],[122628.419407],[122635.259478],[122642.109375],[122649.158612],[122655.964625],[122662.752144],[122669.545096],[122676.498996],[122683.258073],[122690.098327],[122696.904767],[122703.710841],[122710.549507],[122717.420522],[122724.273776],[122731.056657],[122737.85504],[122744.670391],[122751.518763],[122758.383735],[122765.169851],[122771.987216],[122778.8116],[122785.584288],[122792.531902],[122799.280603],[122806.108711],[122812.925954],[122819.734042],[122826.573746],[122833.457762],[122840.312542],[122847.107263],[122853.9029],[122860.734425],[122867.585665],[122873.980912],[122880.772826],[122886.138169],[122893.000822],[122899.96577],[122905.657101],[122912.471659],[122919.342796],[122924.945931],[122931.814077],[122936.531106],[122942.514306],[122949.292731],[122953.993037],[122960.782997],[122967.719015],[122973.225348],[122980.139027],[122984.882728],[122991.840047],[122997.357489],[123003.501333],[123009.473302],[123015.643025],[123023.35199],[123030.168989],[123036.977627],[123044.023568],[123050.867423],[123057.721104],[123064.547502],[123071.323425],[123078.119428],[123084.781703],[123091.497018],[123096.756954],[123103.31077],[123110.030784],[123116.846929],[123123.628711],[123129.883395],[123136.67482],[123143.443418],[123150.263591],[123157.034692],[123163.863532],[123170.195852],[123176.94138],[123183.759905],[123190.546142],[123197.372052],[123204.144496],[123210.925057],[123217.738638],[123224.499852],[123230.269307],[123237.047854],[123243.825791],[123250.65103],[123257.434338],[123264.052607],[123269.780009],[123276.587365],[123283.378424],[123290.139332],[123296.934786],[123303.722427],[123310.49542],[123317.316325],[123324.085778],[123330.861945],[123337.666554],[123344.414401],[123351.222794],[123357.448425],[123358.346494]],"dram":[],"gpu":[],"package":[[77225.201594],[77228.443224],[77235.269806],[77242.022779],[77248.858883],[77255.738687],[77262.62374],[77269.502567],[77276.488756],[77283.451812],[77290.511608],[77297.614617],[77304.531225],[77311.466754],[77318.556458],[77325.466902],[77332.353298],[77339.314278],[77346.270682],[77353.192356],[77360.284867],[77367.278562],[77374.149822],[77381.076684],[77387.996527],[77395.045459],[77401.952912],[77408.912733],[77415.83459],[77422.783974],[77429.751425],[77436.732852],[77443.721482],[77450.607634],[77457.553783],[77464.609063],[77471.538305],[77478.628863],[77485.534058],[77492.509626],[77499.348964],[77506.262643],[77513.354543],[77520.3306],[77527.21608],[77533.750121],[77540.185346],[77546.406217],[77553.227793],[77560.075798],[77566.15525],[77572.954672],[77579.741764],[77585.681018],[77591.638339],[77597.73433200001],[77603.586612],[77609.346424],[77615.39664],[77622.327775],[77629.040893],[77635.019393],[77640.82492],[77646.863052],[77653.537473],[77659.517804],[77664.997222],[77671.971264],[77679.07586],[77685.913733],[77692.868671],[77700.136414],[77707.213788],[77714.103968],[77721.051643],[77727.974416],[77734.783908],[77741.739029],[77748.540282],[77754.19023],[77760.54904],[77767.501476],[77774.31762],[77781.33219],[77787.704976],[77794.528445],[77801.574509],[77808.466581],[77815.36671],[77822.33001],[77829.236913],[77835.715168],[77842.615968],[77849.431015],[77856.481411],[77863.384958],[77870.33831],[77877.22556],[77884.038653],[77891.065674],[77896.92308],[77903.880155],[77910.688853],[77917.69384],[77924.650732],[77930.276877],[77937.229679],[77944.141465],[77951.047881],[77957.964977],[77964.873651],[77971.831397],[77978.729573],[77985.627382],[77992.586959],[77999.467923],[78006.343516],[78013.295585],[78019.889074],[78021.622041]],"socket":0,"sys":[],"uncore":[]}],"range":{"end":{"absolute_address":"0x403f17","compilation_unit":null,"function_return":true},"start":{"address":"0x402df0","compilation_unit":{"path":"/home/vlad/energy-profiler-evaluation/cblas/cblas.cpp"},"function_call":{"function":{"declared":{"column":16,"file":"/home/vlad/energy-profiler-evaluation/cblas/cblas.cpp","line":41},"static":true},"symbol":{"address":"0x402df0","binding":"local","demangled_name":"void (anonymous namespace)::detail::gemm_compute<(anonymous namespace)::detail::transpose, double>(unsigned long, unsigned long, unsigned long, unsigned long, double const*, double const*, double*)","local_entrypoint":"0x402df0","mangled_name":"_ZN12_GLOBAL__N_16detail12gemm_computeINS0_9transposeEdEEvmmmmPKT0_S5_PS3_","size":"0xa4"}}}},"sample_times":[1491576964109295,1491577015031973,1491577088024084,1491577161020103,1491577234018627,1491577307018142,1491577380019285,1491577453017800,1491577526017038,1491577599027582,1491577672018443,1491577748021947,1491577821026630,1491577894018863,1491577967029485,1491578040018010,1491578113019973,1491578186019375,1491578259020081,1491578332015111,1491578405025383,1491578478019937,1491578551017859,1491578624018710,1491578697018463,1491578770017792,1491578843018309,1491578916017077,1491578989017571,1491579062019224,1491579135026453,1491579208027236,1491579281016757,1491579354020119,1491579427017376,1491579500020234,1491579573018543,1491579646017645,1491579719018314,1491579792016439,1491579865017940,1491579938018986,1491580011025668,1491580084027666,1491580157017844,1491580225038165,1491580294023677,1491580357018035,1491580430022648,1491580502022558,1491580565022815,1491580638018784,1491580708023098,1491580771021416,1491580833030887,1491580896031133,1491580958025676,1491581020022670,1491581083019651,1491581156019829,1491581226033531,1491581289018449,1491581351021067,1491581414020178,1491581484025043,1491581547028258,1491581603023066,1491581676015736,1491581751025039,1491581824017566,1491581897020643,1491581973019600,1491582046019207,1491582119019578,1491582192025480,1491582265014533,1491582338019843,1491582409049489,1491582482018135,1491582555023434,1491582628020104,1491582701017344,1491582774019739,1491582847025103,1491582914019545,1491582987017956,1491583060016108,1491583133017911,1491583206030037,1491583279015786,1491583352017260,1491583420021921,1491583493021612,1491583566016555,1491583639020116,1491583712019255,1491583785037214,1491583858017532,1491583931018482,1491584004024148,1491584066025943,1491584139018227,1491584212017164,1491584285020893,1491584358019976,1491584418017966,1491584491017472,1491584564020873,1491584637027737,1491584710019288,1491584783019129,1491584856025958,1491584929026942,1491585002019853,1491585075019515,1491585148017612,1491585221016111,1491585294019917,1491585367023487,1491585395038931]}],"extra":null,"label":"dgemm"},{"executions":[],"extra":null,"label":"sgemm_notrans"},{"executions":[],"extra":null,"label":"sgemm"},{"executions":[],"extra":null,"label":"dgemv"},{"executions":[],"extra":null,"label":"sgemv"}]}],"idle":[],"units":{"energy":"J","power":"W","time":"ns"}}