{"format":{"cpu":["energy"],"gpu":[]},"groups":[{"extra":null,"label":null,"sections":[{"executions":[],"extra":null,"label":"dgesv"},{"executions":[{"cpu":[{"cores":[[111326.711157],[111330.183072],[111336.743053],[111344.054802],[111350.134498],[111357.451801],[111364.843445],[111372.045758],[111379.559044],[111387.038273],[111394.349046],[111401.805081],[111408.944955],[111416.292166],[111423.673555],[111430.903639],[111438.386469],[111445.625892],[111452.993671],[111460.420593],[111467.561199],[111474.397303],[111480.786629],[111488.193227],[111495.58072],[111502.877332],[111510.382806],[111517.600683],[111525.03676],[111532.298521],[111539.767008],[111547.042502],[111554.346195],[111561.642563],[111568.968472],[111576.414497],[111583.693409],[111591.057526],[111598.320264],[111605.641779],[111612.874731],[111620.232684],[111627.531981],[111634.801738],[111642.15316],[111649.32227],[111656.774887],[111663.955411],[111671.33674],[111678.511099],[111685.70212],[111693.082961],[111700.226803],[111707.531105],[111714.76241],[111721.914613],[111729.233503],[111736.409205],[111743.526985],[111750.84148],[111758.01999],[111765.189466],[111772.387873],[111779.671912],[111786.881976],[111794.041443],[111801.288311],[111808.434228],[111815.621405],[111822.792407],[111829.940094],[111837.078686],[111844.234429],[111851.436254],[111858.551287],[111865.661804],[111872.798443],[111879.859338],[111886.991461],[111894.064197],[111901.065034],[111908.083997],[111915.048274],[111922.029274],[111929.016561],[111935.884097],[111942.747239],[111949.530913],[111956.207715],[111961.088928],[111966.962265],[111974.356228],[111981.769905],[111988.597585],[111995.922762],[112003.310072],[112010.571406],[112017.686378],[112024.803608],[112031.909608],[112039.017988],[112046.133266],[112053.266853],[112059.158562]],"dram":[[108849.173188],[108849.365754],[108849.70462],[108849.99179],[108850.335295],[108850.68765],[108851.034267],[108851.3782],[108851.711939],[108852.044641],[108852.381249],[108852.712791],[108853.055991],[108853.411947],[108853.759968],[108854.107502],[108854.428424],[108854.765703],[108855.100419],[108855.436478],[108855.767654],[108856.061781],[108856.405103],[108856.734631],[108857.044323],[108857.391368],[108857.733286],[108858.080575],[108858.427376],[108858.766364],[108859.090704],[108859.419988],[108859.768803],[108860.118839],[108860.455996],[108860.789369],[108861.108399],[108861.432251],[108861.769591],[108862.103636],[108862.453061],[108862.786496],[108863.119319],[108863.464411],[108863.810419],[108864.149285],[108864.486259],[108864.832877],[108865.169058],[108865.48882],[108865.824208],[108866.161853],[108866.510607],[108866.857103],[108867.206589],[108867.55455],[108867.900191],[108868.237531],[108868.58775],[108868.934978],[108869.251811],[108869.588175],[108869.921365],[108870.249855],[108870.592933],[108870.943823],[108871.276647],[108871.625767],[108871.965671],[108872.31119],[108872.647798],[108872.994111],[108873.335724],[108873.673431],[108874.000944],[108874.333097],[108874.674283],[108875.013576],[108875.346888],[108875.68429],[108876.013146],[108876.357567],[108876.691428],[108877.027121],[108877.363668],[108877.701374],[108878.035114],[108878.367266],[108878.701433],[108879.022355],[108879.329422],[108879.625076],[108879.920607],[108880.191847],[108880.487439],[108880.782971],[108881.065257],[108881.345225],[108881.625254],[108881.905282],[108882.185555],[108882.466011],[108882.746344],[108882.92652]],"gpu":[],"package":[[178428.532784],[178431.30475],[178437.789413],[178445.278103],[178451.552318],[178458.898429],[178466.477145],[178473.766799],[178481.439387],[178489.087988],[178496.495989],[178504.091978],[178511.511698],[178518.908774],[178526.431337],[178533.787153],[178541.405115],[178548.869756],[178556.287401],[178563.879484],[178571.18165],[178578.311087],[178584.68131],[178592.216081],[178599.757627],[178607.150918],[178614.813679],[178622.161866],[178629.766949],[178637.229333],[178644.776066],[178652.231797],[178659.622586],[178667.119454],[178674.543934],[178682.156952],[178689.559033],[178697.047112],[178704.446385],[178711.963089],[178719.326412],[178726.850075],[178734.271931],[178741.734009],[178749.13139],[178756.463952],[178764.042179],[178771.383164],[178778.928555],[178786.291085],[178793.673451],[178801.058503],[178808.367261],[178815.849298],[178823.208898],[178830.49727],[178837.983335],[178845.302408],[178852.554587],[178860.02936],[178867.362532],[178874.627834],[178882.022468],[178889.431079],[178896.790619],[178904.064282],[178911.442681],[178918.761571],[178926.08455],[178933.431272],[178940.776102],[178948.058737],[178955.325686],[178962.648727],[178969.880642],[178977.141365],[178984.428578],[178991.716523],[178998.930433],[179006.152643],[179013.311256],[179020.475483],[179027.628419],[179034.741193],[179041.807887],[179048.883247],[179055.879872],[179062.795992],[179069.647354],[179075.078065],[179080.585741],[179088.106535],[179095.655771],[179103.16271],[179110.05289],[179117.569839],[179125.184565],[179132.23362],[179139.470112],[179146.71222],[179153.936445],[179161.178553],[179168.429267],[179175.36742]],"socket":0,"sys":[],"uncore":[]}],"range":{"end":{"absolute_address":"0x408b59","compilation_unit":null,"function_return":true},"start":{"address":"0x405be0","compilation_unit":{"path":"/home/vlad/energy-profiler-evaluation/lapacke/lapacke.cpp"},"function_call":{"function":{"declared":{"column":25,"file":"/home/vlad/energy-profiler-evaluation/lapacke/lapacke.cpp","line":261},"static":true},"symbol":{"address":"0x405be0","binding":"local","demangled_name":"void (anonymous namespace)::detail::compute::gesv<float>(float*, float*, long long*, unsigned long, unsigned long)","local_entrypoint":"0x405be0","mangled_name":"_ZN12_GLOBAL__N_16detail7compute4gesvIfEEvPT_S4_Pxmm","size":"0x7b"}}}},"sample_times":[90567030642944,90567081032234,90567154015898,90567238014542,90567311049511,90567395015721,90567479013981,90567563016410,90567647014785,90567731010891,90567815013109,90567899012096,90567983019396,90568067022984,90568151012357,90568235027597,90568319016424,90568403018412,90568487013461,90568571010451,90568655027153,90568734015256,90568805012674,90568889013719,90568973014533,90569057013996,90569141014036,90569225020174,90569309014925,90569393020840,90569477015512,90569561016288,90569645022304,90569729010281,90569813012293,90569897010555,90569981016611,90570065011846,90570149036573,90570233012077,90570317027101,90570401030950,90570485041527,90570569022404,90570653014276,90570737025681,90570821014130,90570905020142,90570989012800,90571073014391,90571157021531,90571241010970,90571325016684,90571409012064,90571493014727,90571577015377,90571661013494,90571745020593,90571829015300,90571913014404,90571997020993,90572081031543,90572165016428,90572249013486,90572333022535,90572417021297,90572501017188,90572585014490,90572669014191,90572753021837,90572837017349,90572921016772,90573005035438,90573089016183,90573173012107,90573257013115,90573341012103,90573425018031,90573509021302,90573593015821,90573677015328,90573761022968,90573845028684,90573929012465,90574013018313,90574097016595,90574181016195,90574265025178,90574349010865,90574433023806,90574517029060,90574601011332,90574685014388,90574769011511,90574846016740,90574930023831,90575014007345,90575098014228,90575182012580,90575266012396,90575350012928,90575434009974,90575518011224,90575598005995]}],"extra":null,"label":"sgesv"},{"executions":[],"extra":null,"label":"dgetrs"},{"executions":[],"extra":null,"label":"sgetrs"},{"executions":[],"extra":null,"label":"dgels"},{"executions":[],"extra":null,"label":"sgels"},{"executions":[],"extra":null,"label":"dgetri"},{"executions":[],"extra":null,"label":"sgetri"},{"executions":[],"extra":null,"label":"dgetrf"},{"executions":[],"extra":null,"label":"sgetrf"},{"executions":[],"extra":null,"label":"dtptri"},{"executions":[],"extra":null,"label":"stptri"},{"executions":[],"extra":null,