{"format":{"cpu":["energy"],"gpu":[]},"groups":[{"extra":null,"label":null,"sections":[{"executions":[],"extra":null,"label":"dgesv"},{"executions":[{"cpu":[{"cores":[],"dram":[],"gpu":[],"package":[[95469.537762],[95472.339025],[95477.826865],[95483.338813],[95488.803399],[95494.035808],[95499.609585],[95505.195691],[95510.714598],[95515.994614],[95521.591828],[95526.294636],[95531.024849],[95535.515377],[95540.232223],[95544.953036],[95549.610128],[95554.120248],[95558.76727],[95563.553269],[95568.591769],[95573.084677],[95577.775583],[95582.494016],[95587.192307],[95591.73441],[95596.449059],[95601.032482],[95605.803771],[95610.313769],[95615.00791],[95619.74032],[95624.396558],[95628.828187],[95633.497182],[95638.294105],[95642.853054],[95647.36531],[95652.074771],[95656.879995],[95661.5543],[95666.147244],[95670.887772],[95675.523014],[95679.864494],[95684.838969],[95689.625944],[95694.179826],[95698.751043],[95703.448724],[95708.112896],[95712.605805],[95717.318012],[95721.98371],[95726.462581],[95731.18492],[95735.917513],[95740.575826],[95745.345772],[95750.027523],[95754.640304],[95759.17142],[95763.772117],[95768.33375],[95772.829833],[95777.605577],[95782.200353],[95786.725],[95791.34126],[95795.928711],[95800.461293],[95805.128395],[95810.19192],[95814.699232],[95819.360597],[95823.935659],[95828.599465],[95833.256985],[95837.794144],[95842.338444],[95846.941642],[95851.480998],[95856.127105],[95860.671527],[95865.313971],[95869.901117],[95874.432905],[95879.906707],[95885.332596],[95890.845827],[95896.259265],[95901.75858],[95907.173422],[95912.365486],[95917.792291],[95922.990825],[95928.504056],[95933.8683],[95939.340942],[95944.70952],[95950.066806],[95955.495869],[95960.838995],[95966.252189],[95971.709511],[95977.089014],[95982.450573],[95987.898435],[95993.297347],[95998.63089],[96003.999163],[96009.428409],[96014.7329],[96020.081763],[96025.421105],[96030.728342],[96035.669187],[96040.992598],[96046.280732],[96051.590288],[96056.819523],[96062.084158],[96067.324745],[96072.512049],[96077.500134],[96082.682128],[96087.920945],[96093.05643],[96098.234639],[96103.32154],[96108.389887],[96113.219464],[96116.564609],[96120.596459],[96126.164927],[96131.727595],[96137.290509],[96142.829557],[96148.349867],[96153.884643],[96159.435838],[96165.044832],[96170.259662],[96175.61176],[96180.957999],[96186.313698],[96191.649317],[96196.982494],[96202.324339],[96207.681014],[96213.466949],[96216.09768]],"socket":0,"sys":[],"uncore":[]}],"range":{"end":{"absolute_address":"0x408b59","compilation_unit":null,"function_return":true},"start":{"address":"0x405be0","compilation_unit":{"path":"/home/vlad/energy-profiler-evaluation/lapacke/lapacke.cpp"},"function_call":{"function":{"declared":{"column":25,"file":"/home/vlad/energy-profiler-evaluation/lapacke/lapacke.cpp","line":261},"static":true},"symbol":{"address":"0x405be0","binding":"local","demangled_name":"void (anonymous namespace)::detail::compute::gesv<float>(float*, float*, long long*, unsigned long, unsigned long)","local_entrypoint":"0x405be0","mangled_name":"_ZN12_GLOBAL__N_16detail7compute4gesvIfEEvPT_S4_Pxmm","size":"0x7b"}}}},"sample_times":[93541634881656,93541686049702,93541748025665,93541810023203,93541872026121,93541934015588,93541996015078,93542058015846,93542120013032,93542182024161,93542245021987,93542298014416,93542351031997,93542403017537,93542455029263,93542507023163,93542559012411,93542612023751,93542664017477,93542717016917,93542773010040,93542825039716,93542877015601,93542929014328,93542981011056,93543033018164,93543086018405,93543137031950,93543190027808,93543242043401,93543294017103,93543346039804,93543398010846,93543450015581,93543502017190,93543555014260,93543607011660,93543659015555,93543711020910,93543764018676,93543817013719,93543869016728,93543921014842,93543973012169,93544024031555,93544079017238,93544132014427,93544184022359,93544236014140,93544288017181,93544340017707,93544392013573,93544444017775,93544496012514,93544548014613,93544600017781,93544652013366,93544705030918,93544759023347,93544811029122,93544863015306,93544915018651,93544967015500,93545019019530,93545071015726,93545124032629,93545176014229,93545228019345,93545280016850,93545332014433,93545384038656,93545436017187,93545494029014,93545546015236,93545598020930,93545651035817,93545703014357,93545755034558,93545807014615,93545859018241,93545911022774,93545963014516,93546015013125,93546068016830,93546120022566,93546172015652,93546224054363,93546286019880,93546348016355,93546410012451,93546472013095,93546534011416,93546596016610,93546656024555,93546718019465,93546778025480,93546840017425,93546902014441,93546964011313,93547026013647,93547088014414,93547150010489,93547212012658,93547274016224,93547336010488,93547398036844,93547460028664,93547522013248,93547584013123,93547646013925,93547708015156,93547770013559,93547832011960,93547894015131,93547956009374,93548018011065,93548075019873,93548137011026,93548199038737,93548261021578,93548323011915,93548385026981,93548447015616,93548508017458,93548567014109,93548629014855,93548691022407,93548753030374,93548815024352,93548877037088,93548939018216,93549001012358,93549063012369,93549125020173,93549187018379,93549249009363,93549311013707,93549373012747,93549435010997,93549497013079,93549559014854,93549621021914,93549683015219,93549745011767,93549807011795,93549869010663,93549931012989,93549993013375,93550055011230,93550117011961,93550184013299,93550214047894]}],"extra":null,"label":"sgesv"},{"executions":[],"extra":null,"label":"dgetrs"},{"executions":[],"extra":null,"label":"sgetrs"},{"executions":[],"extra":null,"label":"dgels"},{"executions":[],"extra":null,"label":"sgels"},{"executions":[],"extra":null,"label":"dgetri"},{"executions":[],"extra":null,"label":"sgetri"},{"executions":[],"extra":null,"label":"dgetrf"},{"executions":[],"extra":null,"label":"sgetrf"},{"executions":[],"extra":null,"label":"dtptri"},{"executions":[],"extra":null,"label":"stptri"},{"executions":[],"extra":null,"label":"dtrtri"},{"executions":[],"extra":null,"label":"strtri"},{"executions":[],"extra":null,"label":"dpotrf"},{"executions":[],"extra":null,"label":"spotrf"}]}],"idle":[],"units":{"energy":"J","power":"W","time":"ns"}}