{"format":{"cpu":["energy"],"gpu":[]},"groups":[{"extra":null,"label":null,"sections":[{"executions":[],"extra":null,"label":"dgemm_notrans"},{"executions":[{"cpu":[{"cores":[[168797.823186],[168802.142572],[168809.849217],[168817.482498],[168825.274715],[168833.063208],[168840.865984],[168848.568417],[168855.891763],[168863.776386],[168871.586425],[168879.488565],[168887.302266],[168895.187439],[168903.034098],[168910.914205],[168918.747864],[168926.624858],[168934.490866],[168942.261049],[168949.955609],[168957.791038],[168965.690981],[168973.528669],[168981.44857],[168989.341617],[168997.260725],[169005.085351],[169013.007633],[169020.83055],[169028.734948],[169036.092535],[169043.976181],[169051.831874],[169059.690008],[169067.563706],[169075.454738],[169083.331671],[169091.166673],[169099.064175],[169106.891242],[169114.810351],[169122.698453],[169129.966318],[169137.773427],[169145.685333],[169153.522471],[169161.440724],[169169.277985],[169177.166392],[169185.039663],[169192.924103],[169200.786571],[169208.652396],[169216.528413],[169223.678114],[169231.596917],[169239.503269],[169247.423537],[169255.251703],[169263.164463],[169270.994704],[169278.883844],[169286.714696],[169294.61],[169302.463252],[169310.314489],[169316.692097],[169323.677675],[169331.500958],[169339.33065],[169347.161685],[169354.985395],[169363.565207],[169371.395753],[169379.237469],[169387.085227],[169394.947634],[169402.799848],[169411.403708],[169419.241944],[169427.089703],[169434.929587],[169442.774172],[169450.610944],[169458.460167],[169466.301882],[169474.183027],[169482.030907],[169489.8595],[169497.682539],[169505.517724],[169513.340214],[169521.168929],[169529.006251],[169536.876531],[169544.730148],[169552.57046],[169560.414679],[169568.260423],[169576.099392],[169581.424451]],"dram":[[124338.203116],[124338.459707],[124338.818532],[124339.181019],[124339.5396],[124339.896715],[124340.25316],[124340.548142],[124340.928512],[124341.276839],[124341.63603],[124341.984906],[124342.344036],[124342.693644],[124343.051065],[124343.401711],[124343.757484],[124344.110694],[124344.465551],[124344.815465],[124345.159824],[124345.516086],[124345.866488],[124346.224336],[124346.573578],[124346.932281],[124347.280486],[124347.639188],[124347.986538],[124348.345729],[124348.695338],[124349.032007],[124349.383569],[124349.739036],[124350.0931],[124350.447592],[124350.802022],[124351.154743],[124351.510211],[124351.861406],[124352.219255],[124352.56984],[124352.928298],[124353.246108],[124353.605115],[124353.953808],[124354.312511],[124354.662669],[124355.019357],[124355.371346],[124355.727058],[124356.08039],[124356.434637],[124356.789067],[124357.141605],[124357.468753],[124357.818972],[124358.177186],[124358.525208],[124358.883849],[124359.231505],[124359.590879],[124359.939999],[124360.298397],[124360.64831],[124361.005365],[124361.364556],[124361.694938],[124362.050589],[124362.403311],[124362.755544],[124363.108753],[124363.462329],[124363.848375],[124364.202195],[124364.555893],[124364.90898],[124365.261702],[124365.615094],[124366.00169],[124366.355083],[124366.707194],[124367.060098],[124367.412697],[124367.765724],[124368.118933],[124368.472082],[124368.824559],[124369.178013],[124369.530795],[124369.884493],[124370.238007],[124370.590423],[124370.943084],[124371.29611],[124371.649198],[124372.002224],[124372.35464],[124372.708094],[124373.06167],[124373.416771],[124373.652671]],"gpu":[],"package":[[242873.371528],[242876.677794],[242884.585184],[242892.333089],[242900.283813],[242908.219339],[242916.230549],[242924.30725],[242931.485637],[242939.505819],[242947.475281],[242955.513835],[242963.496969],[242971.518005],[242979.525126],[242987.539693],[242995.541565],[243003.548624],[243011.581379],[243019.58496],[243027.335673],[243035.316182],[243043.418944],[243051.457925],[243059.532429],[243067.488951],[243075.538491],[243083.522479],[243091.589659],[243099.574074],[243107.617999],[243115.603269],[243123.142129],[243131.166828],[243139.15814],[243147.210671],[243155.217853],[243163.262266],[243171.240395],[243179.316729],[243187.368771],[243195.449317],[243203.398698],[243211.445919],[243218.745217],[243226.798785],[243234.809751],[243242.85276],[243250.853533],[243258.880551],[243266.911109],[243274.935197],[243282.958981],[243290.968299],[243299.009538],[243306.965816],[243314.46305],[243322.43416],[243330.488522],[243338.461707],[243346.52498],[243354.513485],[243362.548926],[243370.532304],[243378.560543],[243386.582189],[243394.588822],[243401.878781],[243408.227337],[243416.219992],[243424.190248],[243432.170208],[243440.146505],[243448.890013],[243456.870767],[243464.907001],[243472.903624],[243480.894204],[243488.889667],[243497.65179],[243505.635718],[243513.632218],[243521.626033],[243529.617529],[243537.604569],[243545.654536],[243553.653356],[243561.629471],[243569.613276],[243577.596288],[243585.574844],[243593.564143],[243601.53568],[243609.577529],[243617.551142],[243625.524632],[243633.52156],[243641.50567],[243649.503758],[243657.499953],[243665.527459],[243672.027015]],"socket":0,"sys":[],"uncore":[]}],"range":{"end":{"absolute_address":"0x403f17","compilation_unit":null,"function_return":true},"start":{"address":"0x402df0","compilation_unit":{"path":"/home/vlad/energy-profiler-evaluation/cblas/cblas.cpp"},"function_call":{"function":{"declared":{"column":16,"file":"/home/vlad/energy-profiler-evaluation/cblas/cblas.cpp","line":41},"static":true},"symbol":{"address":"0x402df0","binding":"local","demangled_name":"void (anonymous namespace)::detail::gemm_compute<(anonymous namespace)::detail::transpose, double>(unsigned long, unsigned long, unsigned long, unsigned long, double const*, double const*, double*)","local_entrypoint":"0x402df0","mangled_name":"_ZN12_GLOBAL__N_16detail12gemm_computeINS0_9transposeEdEEvmmmmPKT0_S5_PS3_","size":"0xa4"}}}},"sample_times":[96025142182696,96025193028604,96025277019701,96025361020049,96025445020655,96025529020241,96025613030107,96025697023485,96025773019401,96025857029038,96025941020666,96026025017286,96026109021672,96026193020695,96026277019325,96026361020642,96026445020539,96026529021352,96026613018910,96026697021079,96026778027748,96026862018875,96026946027473,96027030018663,96027114017402,96027198022133,96027282015045,96027366018964,96027450017775,96027534018216,96027618017560,96027702028420,96027781020182,96027865019105,96027949018663,96028033033146,96028117018046,96028201020538,96028285018615,96028369019786,96028453017817,96028537018607,96028621017820,96028705026029,96028782020642,96028866017458,96028950020046,96029034018917,96029118019511,96029202018135,96029286025582,96029370019980,96029454019410,96029538018717,96029622028323,96029706019892,96029783020290,96029867018486,96029951018098,96030035019762,96030119019279,96030203020639,96030287013728,96030371019083,96030455018757,96030539027236,96030623018933,96030707026218,96030784018776,96030868019812,96030952017230,96031036020279,96031120018336,96031212018025,96031296019494,96031380024940,96031464018685,96031548025602,96031632019216,96031724018000,96031808016434,96031892019962,96031976022769,96032060019143,96032144019281,96032228022195,96032312018526,96032396017575,96032480024001,96032564017934,96032648019430,96032732017982,96032816018199,96032900022013,96032984018697,96033068016953,96033152018572,96033236019665,96033320018125,96033404019246,96033488025051,96033564825180]}],"extra":null,"label":"dgemm"},{"executions":[],"extra":null,"label":"sgemm_notrans"},{"executions":[],"extra":null,"label":"sgemm"},{"executions":[],"extra":null,"label":"dgemv"},{"executions":[],"extra":null,"label":"sgemv"}]}],"idle":[],"units":{"energy":"J","power":"W","time":"ns"}}