{"format":{"cpu":["energy"],"gpu":[]},"groups":[{"extra":null,"label":null,"sections":[{"executions":[],"extra":null,"label":"dgesv"},{"executions":[{"cpu":[{"cores":[[25335.023582],[25338.763501],[25344.579038],[25350.965191],[25357.17416],[25363.462962],[25369.922296],[25376.279213],[25382.487632],[25388.975836],[25395.391042],[25401.665196],[25408.13399],[25414.480593],[25420.713731],[25427.235015],[25433.665297],[25439.869322],[25446.368572],[25452.699062],[25459.032053],[25465.51397],[25471.86985],[25478.261557],[25484.769658],[25490.956227],[25497.338046],[25503.73604],[25509.92798],[25516.44133],[25522.845061],[25529.183912],[25535.66766],[25541.837322],[25548.320643],[25554.722665],[25560.990593],[25567.466712],[25573.690146],[25580.174748],[25586.563831],[25592.885531],[25599.300798],[25605.612611],[25612.043869],[25618.219451],[25624.648695],[25630.898984],[25637.329448],[25643.614955],[25649.980844],[25656.330315],[25662.687416],[25669.053732],[25675.326238],[25681.66985],[25687.608555],[25693.946064],[25700.332278],[25706.51433],[25712.909028],[25719.197525],[25725.472472],[25731.660139],[25738.071683],[25744.372631],[25750.771724],[25757.141581],[25763.336023],[25769.643929],[25775.936149],[25782.129004],[25788.436789],[25794.727788],[25800.982472],[25807.189121],[25813.535357],[25819.724123],[25825.953172],[25832.160554],[25838.474258],[25844.749327],[25850.93846],[25857.175748],[25863.397534],[25869.568539],[25875.740825],[25881.932948],[25888.069956],[25894.136713],[25900.264505],[25906.33883],[25912.385873],[25918.533929],[25924.568276],[25930.593102],[25936.642464],[25942.643486],[25948.588112],[25954.49453],[25960.320321],[25965.939874],[25969.892379],[25974.961152],[25981.408524],[25987.855467],[25994.312848],[26000.586941],[26006.060621],[26012.49133],[26018.893901],[26024.563198],[26030.772289],[26036.970088],[26043.138346],[26049.321558],[26055.507394],[26061.71093],[26067.837563],[26067.837563]],"dram":[],"gpu":[],"package":[[96274.292965],[96277.100697],[96283.038121],[96289.510578],[96295.941286],[96302.27556],[96308.834564],[96315.364516],[96321.66406],[96328.259624],[96334.824732],[96341.199654],[96347.818046],[96354.33457],[96360.64272],[96367.273257],[96373.850755],[96380.175629],[96386.798537],[96393.324277],[96399.713421],[96406.351892],[96412.870675],[96419.317619],[96425.917272],[96432.357563],[96438.800906],[96445.349595],[96451.646881],[96458.241286],[96464.839169],[96471.280498],[96477.889002],[96484.169564],[96490.752006],[96497.34403],[96503.68221],[96510.27698],[96516.668627],[96523.266632],[96529.815871],[96536.187314],[96542.754742],[96549.15774],[96555.739938],[96562.027336],[96568.567969],[96575.034017],[96581.504215],[96587.977038],[96594.44748],[96600.901321],[96607.338316],[96613.87962],[96620.260341],[96626.755503],[96633.134149],[96639.278298],[96645.740135],[96652.163885],[96658.572499],[96664.959629],[96671.415728],[96677.693605],[96684.228195],[96690.636138],[96697.237317],[96703.712459],[96710.010356],[96716.478418],[96722.86451],[96729.167106],[96735.661169],[96742.030782],[96748.394169],[96754.809558],[96761.221589],[96767.52443],[96773.869079],[96780.213423],[96786.722806],[96793.060314],[96799.382808],[96805.743814],[96812.088403],[96818.399849],[96824.694755],[96831.005163],[96837.309713],[96843.510014],[96849.718677],[96855.940036],[96862.117571],[96868.338869],[96874.557969],[96880.734772],[96886.893082],[96893.02716],[96899.09056],[96905.138396],[96911.081313],[96916.918151],[96921.337513],[96925.996192],[96932.550313],[96939.108707],[96945.676012],[96952.242219],[96957.636858],[96964.182801],[96970.794661],[96976.932219],[96982.811965],[96989.126035],[96995.403729],[97001.683803],[97007.980418],[97014.295771],[97020.590799],[97021.488623]],"socket":0,"sys":[],"uncore":[]}],"range":{"end":{"absolute_address":"0x408b59","compilation_unit":null,"function_return":true},"start":{"address":"0x405be0","compilation_unit":{"path":"/home/vlad/energy-profiler-evaluation/lapacke/lapacke.cpp"},"function_call":{"function":{"declared":{"column":25,"file":"/home/vlad/energy-profiler-evaluation/lapacke/lapacke.cpp","line":261},"static":true},"symbol":{"address":"0x405be0","binding":"local","demangled_name":"void (anonymous namespace)::detail::compute::gesv<float>(float*, float*, long long*, unsigned long, unsigned long)","local_entrypoint":"0x405be0","mangled_name":"_ZN12_GLOBAL__N_16detail7compute4gesvIfEEvPT_S4_Pxmm","size":"0x7b"}}}},"sample_times":[93555961085517,93556012047101,93556079013031,93556152014061,93556225022472,93556298021070,93556371013197,93556444012086,93556517015397,93556590025826,93556663011945,93556736018823,93556809013942,93556882014471,93556955016195,93557028020561,93557101016423,93557174017667,93557247023923,93557320025862,93557393025429,93557466013307,93557539027665,93557612015933,93557685011981,93557758023356,93557831015658,93557904019940,93557977016341,93558050011046,93558123010305,93558196015155,93558269016283,93558342024935,93558415016047,93558488010871,93558561027855,93558634011337,93558707020659,93558780014637,93558853028042,93558926010869,93558999012643,93559072016139,93559145015112,93559218016361,93559291016295,93559364016063,93559437013999,93559510014546,93559583051490,93559656015038,93559729015352,93559802013943,93559875014095,93559948016752,93560021014462,93560090014934,93560163011936,93560236019635,93560309017060,93560382019561,93560455016021,93560528016315,93560601025099,93560674017017,93560749018307,93560822013774,93560895015290,93560968033462,93561041012982,93561114016149,93561187017024,93561260017892,93561333012177,93561406016475,93561479015955,93561552018009,93561625028274,93561698011161,93561772028836,93561845016474,93561918022713,93561991011065,93562064016241,93562137023256,93562210013138,93562283023496,93562356010409,93562429010358,93562502019690,93562575014264,93562648014964,93562721011517,93562794027806,93562867026502,93562940010600,93563013015702,93563086034545,93563159011716,93563232010883,93563305019208,93563378018293,93563451023837,93563524015654,93563597015595,93563670012394,93563743008998,93563803017965,93563876014796,93563949013967,93564022010732,93564090009748,93564163013231,93564236012085,93564309011217,93564382011984,93564455012064,93564528010725,93564538057750]}],"extra":null,"label":"sgesv"},{"executions":[],"extra":null,"label":"dgetrs"},{"executions":[],"extra":null,"label":"sgetrs"},{"executions":[],"extra":null,"label":"dgels"},{"executions":[],"extra":null,"label":"sgels"},{"executions":[],"extra":null,"label":"dgetri"},{"executions":[],"extra":null,"label":"sgetri"},{"executions":[],"extra":null,"label":"dgetrf"},{"executions":[],"extra":null,"label":"sgetrf"},{"executions":[],"extra":null,"label":"dtptri"},{"executions":[],"extra":null,"label":"stptri"},{"executions":[],"extra":null,"label":"dtrtri"},{"executions":[],"extra":null,"label":"strtri"},{"executions":[],"extra":null,"label":"dpotrf"},{"executions":[],"extra":null,"label":"spotrf"}]}],"idle":[],"units":{"energy":"J","power":"W","time":"ns"}}