{"format":{"cpu":["energy"],"gpu":[]},"groups":[{"extra":null,"label":null,"sections":[{"executions":[],"extra":null,"label":"dgesv"},{"executions":[{"cpu":[{"cores":[[26122.282369],[26126.009411],[26133.329094],[26140.602574],[26147.580706],[26155.004698],[26162.342692],[26168.99038],[26176.524906],[26183.834397],[26191.175321],[26198.63038],[26205.863149],[26213.422517],[26220.771436],[26228.037287],[26235.540136],[26242.817889],[26250.261656],[26257.603007],[26264.929343],[26272.362674],[26279.568588],[26287.094936],[26294.367744],[26301.86626],[26309.177704],[26316.445325],[26322.915828],[26330.038735],[26336.327171],[26343.52692],[26350.947617],[26358.834132],[26366.254706],[26373.47826],[26380.767364],[26386.220781],[26393.477171],[26400.856119],[26408.081748],[26415.43201],[26422.579696],[26429.847927],[26437.176278],[26444.287221],[26452.123688],[26459.33833],[26466.687433],[26473.894323],[26481.200823],[26488.480529],[26495.591228],[26502.895226],[26510.138249],[26517.308702],[26524.704679],[26531.848093],[26539.072562],[26546.39664],[26553.580216],[26560.776181],[26567.894083],[26575.158468],[26582.364199],[26589.605697],[26596.604642],[26603.724313],[26610.841238],[26617.314366],[26624.511736],[26631.658568],[26638.731243],[26645.825585],[26652.941106],[26660.105456],[26667.23416],[26674.356884],[26681.346002],[26688.426733],[26695.332233],[26702.342286],[26709.317244],[26716.297694],[26723.178536],[26730.095022],[26736.903721],[26743.706011],[26750.385254],[26756.023545],[26761.76938],[26769.183851],[26776.613885],[26784.017858],[26791.380571],[26798.777769],[26806.004374],[26813.120689],[26820.230412],[26827.336961],[26834.442778],[26840.980664],[26848.10827],[26854.09971]],"dram":[[117433.647367],[117433.890469],[117434.220363],[117434.541041],[117434.886194],[117435.233117],[117435.575035],[117435.897361],[117436.233053],[117436.556844],[117436.904499],[117437.250934],[117437.591631],[117437.922807],[117438.23433],[117438.58345],[117438.929946],[117439.267653],[117439.58534],[117439.912426],[117440.247325],[117440.57844],[117440.925607],[117441.261666],[117441.601753],[117441.934028],[117442.279242],[117442.629033],[117442.929203],[117443.269473],[117443.570925],[117443.914674],[117444.262208],[117444.636901],[117444.976683],[117445.322447],[117445.622678],[117445.901364],[117446.25085],[117446.597407],[117446.946344],[117447.290703],[117447.648246],[117448.0017],[117448.339529],[117448.681386],[117449.046131],[117449.389575],[117449.728868],[117450.078355],[117450.41423],[117450.748275],[117451.098189],[117451.443158],[117451.782208],[117452.120647],[117452.459269],[117452.776285],[117453.116372],[117453.454323],[117453.799476],[117454.146216],[117454.486425],[117454.817173],[117455.159946],[117455.48746],[117455.81418],[117456.153596],[117456.496612],[117456.808562],[117457.149809],[117457.495206],[117457.845242],[117458.194301],[117458.533289],[117458.869348],[117459.208397],[117459.543968],[117459.87966],[117460.216696],[117460.541646],[117460.880329],[117461.227069],[117461.567095],[117461.899492],[117462.240494],[117462.571914],[117462.904311],[117463.240186],[117463.597485],[117463.902294],[117464.202403],[117464.499033],[117464.792367],[117465.089059],[117465.388924],[117465.669379],[117465.949286],[117466.229131],[117466.505925],[117466.789128],[117467.042728],[117467.326113],[117467.507754]],"gpu":[],"package":[[97079.882456],[97082.737185],[97090.105025],[97097.526637],[97104.722846],[97112.18169],[97119.705535],[97126.458997],[97134.108757],[97141.6171],[97149.068253],[97156.675106],[97164.043861],[97171.716449],[97179.23175],[97186.641704],[97194.268943],[97201.689761],[97209.284712],[97216.813807],[97224.232489],[97231.845079],[97239.258635],[97246.826975],[97254.340139],[97261.875032],[97269.394666],[97276.75506],[97284.32401],[97290.620442],[97297.01929],[97304.459335],[97311.953334],[97320.096807],[97327.550767],[97335.013028],[97342.528573],[97347.956721],[97355.329199],[97362.867266],[97370.234618],[97377.762431],[97385.023337],[97392.553469],[97399.872787],[97407.270412],[97415.165472],[97422.499987],[97430.020292],[97437.343699],[97444.810599],[97452.342745],[97459.581069],[97466.958919],[97474.315101],[97481.646747],[97489.189574],[97496.59605],[97503.943077],[97511.318424],[97518.726364],[97526.032437],[97533.242929],[97540.695973],[97548.079133],[97555.458265],[97562.581904],[97569.751075],[97577.130328],[97584.357605],[97591.055036],[97598.41366],[97605.648444],[97612.917651],[97620.008759],[97627.29768],[97634.675042],[97641.858556],[97648.997149],[97656.223754],[97663.333294],[97670.557274],[97677.552496],[97684.686144],[97691.862395],[97698.765759],[97705.774774],[97712.786964],[97719.651875],[97725.82703],[97731.212087],[97738.764253],[97746.229566],[97753.868157],[97761.360814],[97768.787797],[97776.364926],[97783.501809],[97790.656698],[97797.974001],[97805.199019],[97812.45248],[97819.102976],[97826.137748]],"socket":0,"sys":[],"uncore":[]}],"range":{"end":{"absolute_address":"0x408b59","compilation_unit":null,"function_return":true},"start":{"address":"0x405be0","compilation_unit":{"path":"/home/vlad/energy-profiler-evaluation/lapacke/lapacke.cpp"},"function_call":{"function":{"declared":{"column":25,"file":"/home/vlad/energy-profiler-evaluation/lapacke/lapacke.cpp","line":261},"static":true},"symbol":{"address":"0x405be0","binding":"local","demangled_name":"void (anonymous namespace)::detail::compute::gesv<float>(float*, float*, long long*, unsigned long, unsigned long)","local_entrypoint":"0x405be0","mangled_name":"_ZN12_GLOBAL__N_16detail7compute4gesvIfEEvPT_S4_Pxmm","size":"0x7b"}}}},"sample_times":[93570305157664,93570356046821,93570440014870,93570524011689,93570608046539,93570692013984,93570776010644,93570854019467,93570938015489,93571022014781,93571106015209,93571190024753,93571274017658,93571358015179,93571442015484,93571526021440,93571610015236,93571694017392,93571778016191,93571862012488,93571946011983,93572030022708,93572114033046,93572198031107,93572282020395,93572366014026,93572450009116,93572534033869,93572618013211,93572691013563,93572762014918,93572846018112,93572930015183,93573022024354,93573106018324,93573190016236,93573274022171,93573335010475,93573419021242,93573503010812,93573587019642,93573671014677,93573755017529,93573839019772,93573923017390,93574007014358,93574096014517,93574180016317,93574264014453,93574348015525,93574432021025,93574516013866,93574600015687,93574684012523,93574768014868,93574852017489,93574936011147,93575020013915,93575104012083,93575188011125,93575272019885,93575356025547,93575440015418,93575524012490,93575608012488,93575692018585,93575774016792,93575858014309,93575942016878,93576026020342,93576103014019,93576187014029,93576271015118,93576355021408,93576439013747,93576523017383,93576607015281,93576691013385,93576775019458,93576859012758,93576943014993,93577027012534,93577111019649,93577195011319,93577279045646,93577363016650,93577447012191,93577531015656,93577615022942,93577708020622,93577792023069,93577876010831,93577960010201,93578044011866,93578128017313,93578212016315,93578296017330,93578380013404,93578464010730,93578548011601,93578632011005,93578716010462,93578793010984,93578874005812]}],"extra":null,"label":"sgesv"},{"executions":[],"extra":null,"label":"dgetrs"},{"executions":[],"extra":null,"label":"sgetrs"},{"executions":[],"extra":null,"label":"dgels"},{"executions":[],"extra":null,"label":"sgels"},{"executions":[],"extra":null,"label":"dgetri"},{"executions":[],"extra":null,"label":"sgetri"},{"executions":[],"extra":null,"label":"dgetrf"},{"executions":[],"extra":null,"label":"sgetrf"},{"executions":[],"extra":null,"label":"dtptri"},{"executions":[],"extra":null,"label":"stptri"},{"executions":[],"extra":null,"label":"dtrtri"},{"executions":[],"extra":null,"label":"strtri"},{"executions":[],"extra":null,"label":"dpotrf"},{"executions":[],"extra":null,"label":"spotrf"}]}],"idle":[],"units":{"energy":"J","power":"W","time":"ns"}}