{"format":{"cpu":["energy"],"gpu":[]},"groups":[{"extra":null,"label":null,"sections":[{"executions":[],"extra":null,"label":"dgesv"},{"executions":[{"cpu":[{"cores":[[203006.07802],[203009.711617],[203017.043629],[203024.332429],[203031.349134],[203038.720026],[203046.085974],[203052.756001],[203060.132813],[203067.508405],[203074.801843],[203082.301763],[203089.43181],[203096.927519],[203104.404001],[203111.099113],[203118.537693],[203125.62996],[203133.093076],[203140.499001],[203147.686117],[203155.147951],[203161.238145],[203168.677091],[203175.977426],[203182.936515],[203190.364474],[203197.593704],[203205.067623],[203212.29789],[203219.65511],[203226.803651],[203234.218854],[203241.524805],[203248.864019],[203256.20769],[203263.485686],[203270.92512],[203278.215141],[203285.508945],[203292.795242],[203299.996518],[203307.310037],[203314.48018399999],[203321.871828],[203329.980328],[203337.350121],[203344.555303],[203351.790148],[203359.507596],[203364.847731],[203369.353457],[203373.784415],[203378.836282],[203383.31735],[203387.716508],[203392.120306],[203396.573602],[203400.904585],[203405.337618],[203409.675192],[203414.070201],[203418.500121],[203422.784106],[203427.241065],[203431.492946],[203435.942764],[203440.281376],[203444.711357],[203449.133404],[203453.424043],[203457.807759],[203462.141061],[203467.050839],[203471.372666],[203475.741307],[203480.03689],[203484.37422],[203488.737246],[203492.982718],[203497.413188],[203501.713592],[203506.105243],[203510.546089],[203515.062191],[203519.477401],[203523.96622],[203528.553611],[203532.867016],[203537.145813],[203541.619618],[203546.023537],[203550.532559],[203554.894852],[203559.261601],[203563.593988],[203568.056745],[203572.406099],[203576.740805],[203581.176645],[203585.516356],[203589.91228],[203594.217444],[203598.522426],[203602.893448],[203607.187443],[203611.450249],[203615.803571],[203620.08188],[203624.335837],[203628.523509],[203632.696289],[203636.646352],[203639.399763],[203642.106421],[203646.599757],[203651.094008],[203655.60187],[203660.081167],[203664.587443],[203669.085661],[203673.581377],[203678.065008],[203682.566156],[203687.107649],[203691.296359],[203695.609763],[203699.912914],[203704.244323],[203708.546864],[203712.846413],[203717.153714],[203721.463273],[203725.766302],[203730.08935],[203734.428572],[203737.448828]],"dram":[[126018.797264],[126019.040549],[126019.371054],[126019.70046],[126020.05257],[126020.401691],[126020.739886],[126021.076372],[126021.428788],[126021.775161],[126022.109572],[126022.444044],[126022.793957],[126023.127636],[126023.458995],[126023.772837],[126024.105111],[126024.457588],[126024.792488],[126025.130011],[126025.480779],[126025.818303],[126026.115055],[126026.431766],[126026.744326],[126027.076905],[126027.422913],[126027.769409],[126028.107115],[126028.446897],[126028.764401],[126029.099422],[126029.439326],[126029.775507],[126030.10473],[126030.438835],[126030.772147],[126031.111075],[126031.459768],[126031.807118],[126032.124378],[126032.445239],[126032.790941],[126033.137498],[126033.484299],[126033.861922],[126034.185286],[126034.537824],[126034.89024],[126035.248393],[126035.463969],[126035.667154],[126035.861612],[126036.105569],[126036.317116],[126036.519447],[126036.722206],[126036.922461],[126037.125403],[126037.321264],[126037.527318],[126037.730992],[126037.936314],[126038.150791],[126038.360507],[126038.5712],[126038.777498],[126038.979219],[126039.180146],[126039.381867],[126039.575531],[126039.771636],[126039.983672],[126040.206999],[126040.421659],[126040.63522],[126040.851773],[126041.062954],[126041.269557],[126041.479701],[126041.683558],[126041.890222],[126042.094506],[126042.305382],[126042.518089],[126042.717613],[126042.934348],[126043.151266],[126043.365072],[126043.577413],[126043.795613],[126043.995869],[126044.215289],[126044.428668],[126044.642962],[126044.847002],[126045.062211],[126045.273636],[126045.491409],[126045.709609],[126045.91487],[126046.128981],[126046.334913],[126046.548108],[126046.757824],[126046.965343],[126047.174877],[126047.387706],[126047.595774],[126047.804208],[126048.009835],[126048.214303],[126048.421944],[126048.621589],[126048.822699],[126049.003058],[126049.183111],[126049.363408],[126049.543584],[126049.72382],[126049.90424],[126050.084659],[126050.264956],[126050.444888],[126050.62134],[126050.786928],[126050.956788],[126051.126466],[126051.296387],[126051.466125],[126051.636108],[126051.805785],[126051.975768],[126052.145628],[126052.315488],[126052.485471],[126052.588254]],"gpu":[],"package":[[15676.148406],[15678.89846],[15686.346378],[15693.795273],[15700.95303],[15708.449349],[15715.985157],[15722.777437],[15730.287367],[15737.824518],[15745.236669],[15752.868852],[15760.159788],[15767.818643],[15775.403401],[15782.256594],[15789.830915],[15797.188563],[15804.660772],[15812.256883],[15819.561003],[15827.170969],[15833.456475],[15840.948765],[15848.443863],[15855.842831],[15863.089273],[15870.433065],[15878.0542],[15885.405744],[15892.986291],[15900.331609],[15907.766893],[15915.271024],[15922.685312],[15930.191457],[15937.630403],[15945.229504],[15952.620232],[15960.095067],[15967.481828],[15974.868772],[15982.289163],[15989.719808],[15997.151002],[16005.396342],[16012.944297],[16020.257755],[16027.684005],[16035.52804],[16041.953927],[16046.55145],[16051.07457],[16056.220187],[16060.787192],[16065.27534],[16069.760802],[16074.305163],[16078.723364],[16083.240809],[16087.665236],[16092.140993],[16096.658499],[16101.03599],[16105.577971],[16109.91817],[16114.455206],[16118.885127],[16123.409102],[16127.906222],[16132.29354],[16136.749461],[16141.175109],[16146.177903],[16150.591894],[16155.047632],[16159.433668],[16163.857851],[16168.312734],[16172.647257],[16177.159575],[16181.547747],[16186.032599],[16190.563166],[16195.164778],[16199.665987],[16204.252401],[16208.932504],[16213.334592],[16217.699144],[16222.264684],[16226.76101],[16231.357739],[16235.817139],[16240.2683],[16244.687844],[16249.249295],[16253.681718],[16258.114323],[16262.644707],[16267.069073],[16271.558198],[16275.94637],[16280.345163],[16284.818235],[16289.186815],[16293.540685],[16297.983972],[16302.354384],[16306.697939],[16310.981559],[16315.236431],[16319.288483],[16322.133019],[16324.911333],[16329.48908],[16334.062432],[16338.648785],[16343.20694],[16347.792133],[16352.368904],[16356.948787],[16361.505966],[16366.085788],[16370.705283],[16374.967479],[16379.35736],[16383.735218],[16388.141212],[16392.518154],[16396.894425],[16401.275639],[16405.661004],[16410.039472],[16414.436982],[16418.853719],[16421.909986]],"socket":0,"sys":[],"uncore":[]}],"range":{"end":{"absolute_address":"0x408b59","compilation_unit":null,"function_return":true},"start":{"address":"0x405be0","compilation_unit":{"path":"/home/vlad/energy-profiler-evaluation/lapacke/lapacke.cpp"},"function_call":{"function":{"declared":{"column":25,"file":"/home/vlad/energy-profiler-evaluation/lapacke/lapacke.cpp","line":261},"static":true},"symbol":{"address":"0x405be0","binding":"local","demangled_name":"void (anonymous namespace)::detail::compute::gesv<float>(float*, float*, long long*, unsigned long, unsigned long)","local_entrypoint":"0x405be0","mangled_name":"_ZN12_GLOBAL__N_16detail7compute4gesvIfEEvPT_S4_Pxmm","size":"0x7b"}}}},