{"format":{"cpu":["energy"],"gpu":[]},"groups":[{"extra":null,"label":null,"sections":[{"executions":[],"extra":null,"label":"dgemm_notrans"},{"executions":[{"cpu":[{"cores":[[164054.537416],[164058.879507],[164066.552583],[164074.152784],[164081.934868],[164089.696506],[164097.503432],[164105.363946],[164112.800451],[164119.939532],[164127.766599],[164135.611305],[164143.442035],[164151.26074],[164159.124063],[164166.77773],[164173.009281],[164180.894576],[164188.701074],[164195.768195],[164203.288317],[164210.808806],[164218.631906],[164225.551078],[164233.391817],[164240.26686],[164248.098871],[164255.005104],[164262.461078],[164268.095219],[164275.945053],[164282.491789],[164290.365914],[164296.880607],[164304.785555],[164311.412796],[164319.320979],[164325.831705],[164333.719258],[164340.253482],[164348.094892],[164354.679653],[164362.598212],[164369.192495],[164377.017121],[164383.581313],[164391.456903],[164397.967689],[164405.87337],[164412.448609],[164420.369793],[164426.855006],[164434.750371],[164441.265674],[164449.115813],[164455.684644],[164463.514152],[164470.207006],[164478.019059],[164484.555297],[164492.403483],[164499.948568],[164507.822633],[164515.514935],[164523.362754],[164530.305913],[164537.929245],[164543.847748],[164550.655958],[164558.52514],[164565.386206],[164572.565631],[164577.049079],[164584.888231],[164591.452118],[164599.287242],[164605.81463],[164613.651402],[164620.227435],[164628.067991],[164634.589459],[164641.987084],[164649.825321],[164657.653426],[164665.494837],[164673.329472],[164681.163009],[164688.976893],[164696.875677],[164704.726548],[164712.561],[164720.397467],[164728.260362],[164736.11874],[164743.938117],[164751.778002],[164759.647061],[164767.49128],[164775.330737],[164783.170683],[164791.015206],[164798.867847],[164806.721587],[164814.569589],[164822.455067],[164830.309112],[164836.981763],[164837.735179]],"dram":[[151720.113243],[151720.373923],[151720.731589],[151721.094503],[151721.449055],[151721.811542],[151722.163714],[151722.514604],[151722.826859],[151723.173294],[151723.531691],[151723.886244],[151724.243481],[151724.600841],[151724.953013],[151725.253733],[151725.584054],[151725.936775],[151726.294074],[151726.585455],[151726.927373],[151727.282292],[151727.593693],[151727.952212],[151728.26166],[151728.623719],[151728.933899],[151729.27124],[151729.621703],[151729.8775],[151730.235043],[151730.52972],[151730.883845],[151731.181574],[151731.532708],[151731.831658],[151732.181388],[151732.480643],[151732.833364],[151733.129018],[151733.484241],[151733.776538],[151734.135363],[151734.425645],[151734.784043],[151735.076767],[151735.432173],[151735.727949],[151736.08067],[151736.379376],[151736.728923],[151737.027811],[151737.379007],[151737.676858],[151738.031166],[151738.326148],[151738.682776],[151738.97495],[151739.333103],[151739.62955],[151739.986056],[151740.331453],[151740.671784],[151741.03067],[151741.340178],[151741.696379],[151741.999784],[151742.258023],[151742.615688],[151742.923487],[151743.286462],[151743.63955],[151743.903648],[151744.256736],[151744.551413],[151744.904561],[151745.198384],[151745.551166],[151745.844561],[151746.198137],[151746.493424],[151746.826309],[151747.17897],[151747.532179],[151747.885267],[151748.238232],[151748.591136],[151748.943919],[151749.296701],[151749.6493],[151750.001594],[151750.355048],[151750.708196],[151751.06165],[151751.415226],[151751.768863],[151752.122133],[151752.47516],[151752.828003],[151753.180602],[151753.533934],[151753.886777],[151754.239804],[151754.592586],[151754.945551],[151755.298273],[151755.603325],[151755.628899]],"gpu":[],"package":[[119549.42497],[119552.795201],[119560.673843],[119568.405329],[119576.331518],[119584.244949],[119592.246272],[119600.310582],[119608.273574],[119615.049009],[119623.030373],[119631.021624],[119639.009336],[119646.988197],[119654.987993],[119662.991879],[119669.717448],[119677.185263],[119685.220948],[119692.631879],[119700.009973],[119707.655217],[119715.648117],[119722.681912],[119730.691047],[119737.698536],[119745.677031],[119752.826244],[119760.326042],[119767.117345],[119774.056597],[119781.790464],[119788.758891],[119796.456076],[119803.55463],[119811.264632],[119818.247158],[119825.958991],[119832.923451],[119840.648285],[119847.578687],[119855.358269],[119862.384679],[119870.147599],[119877.068113],[119884.812906],[119891.779441],[119899.47571],[119906.47734],[119914.226771],[119921.242561],[119928.915515],[119935.890534],[119943.602245],[119950.533318],[119958.297398],[119965.278947],[119973.095761],[119980.002237],[119987.721639],[119994.661196],[120002.345625],[120010.368431],[120018.219119],[120026.204572],[120033.30691],[120041.346746],[120047.080496],[120054.02756],[120062.033643],[120069.070613],[120076.637061],[120082.032799],[120089.011907],[120096.711655],[120103.64047],[120111.341378],[120118.330924],[120126.029024],[120132.962722],[120140.668513],[120147.159402],[120155.1404],[120163.120543],[120171.114419],[120179.104389],[120187.140745],[120195.102394],[120203.084735],[120211.084775],[120219.073219],[120227.063799],[120235.075131],[120243.083473],[120251.105547],[120259.086972],[120267.071754],[120275.055437],[120283.0509],[120291.038672],[120299.035295],[120307.036556],[120315.083716],[120323.089555],[120331.071224],[120339.064611],[120346.585039],[120347.68843]],"socket":0,"sys":[],"uncore":[]}],"range":{"end":{"absolute_address":"0x403f17","compilation_unit":null,"function_return":true},"start":{"address":"0x402df0","compilation_unit":{"path":"/home/vlad/energy-profiler-evaluation/cblas/cblas.cpp"},"function_call":{"function":{"declared":{"column":16,"file":"/home/vlad/energy-profiler-evaluation/cblas/cblas.cpp","line":41},"static":true},"symbol":{"address":"0x402df0","binding":"local","demangled_name":"void (anonymous namespace)::detail::gemm_compute<(anonymous namespace)::detail::transpose, double>(unsigned long, unsigned long, unsigned long, unsigned long, double const*, double const*, double*)","local_entrypoint":"0x402df0","mangled_name":"_ZN12_GLOBAL__N_16detail12gemm_computeINS0_9transposeEdEEvmmmmPKT0_S5_PS3_","size":"0xa4"}}}},"sample_times":[1492298530947130,1492298582032066,1492298666017068,1492298750019974,1492298834019364,1492298918019730,1492299002028569,1492299086019847,1492299170018846,1492299241028173,1492299325019489,1492299409017599,1492299493018553,1492299577018741,1492299661018586,1492299745021009,1492299816017981,1492299894022711,1492299978019707,1492300055019515,1492300133050960,1492300213022052,1492300297024151,1492300371019986,1492300455024417,1492300529023586,1492300613019239,1492300687019844,1492300766022001,1492300837022224,1492300910021194,1492300991028482,1492301064019888,1492301145023311,1492301218017913,1492301299027218,1492301372018032,1492301453024917,1492301526024336,1492301607028732,1492301680020025,1492301761021310,1492301834021345,1492301915027444,1492301988025893,1492302069021156,1492302142024380,1492302223022097,1492302296018956,1492302377032671,1492302450020980,1492302531025885,1492302604019056,1492302685025394,1492302758024690,1492302839025290,1492302912031426,1492302993021478,1492303066024855,1492303147025323,1492303220019550,1492303301025180,1492303385022079,1492303467019700,1492303551017954,1492303625041508,1492303709019565,1492303769020082,1492303842037603,1492303926019979,1492304000021827,1492304084024709,1492304155022771,1492304228019280,1492304309023049,1492304382018505,1492304463024241,1492304536023282,1492304617020409,1492304690017909,1492304771035786,1492304839019806,1492304923020419,1492305007019558,1492305091020940,1492305175017823,1492305259018418,1492305343020017,1492305427028940,1492305511019493,1492305595017597,1492305679023763,1492305763018244,1492305847017569,1492305931019132,1492306015017279,1492306099018823,1492306183017159,1492306267017794,1492306351018853,1492306435023957,1492306519017079,1492306603018869,1492306687018796,1492306771017740,1492306855018119,1492306939024748,1492306954461245]}],