{"format":{"cpu":["energy"],"gpu":[]},"groups":[{"extra":null,"label":null,"sections":[{"executions":[],"extra":null,"label":"dgemm_notrans"},{"executions":[{"cpu":[{"cores":[[77058.141658],[77062.472214],[77070.140651],[77076.563181],[77084.328664],[77092.081818],[77099.943248],[77107.854239],[77115.67331],[77123.565868],[77131.319694],[77139.105318],[77146.925611],[77154.732476],[77162.562473],[77169.734451],[77177.558955],[77185.360693],[77193.190629],[77201.018185],[77208.922583],[77216.817339],[77224.751644],[77232.592201],[77240.514116],[77248.332273],[77256.231056],[77263.402302],[77271.301269],[77279.141459],[77286.994527],[77294.857849],[77302.688518],[77310.566122],[77318.413514],[77326.293255],[77334.107199],[77341.995851],[77349.896283],[77357.171777],[77364.985294],[77372.896773],[77380.707361],[77388.604802],[77396.43785],[77404.335779],[77412.186589],[77420.062912],[77427.940699],[77435.787908],[77443.668748],[77450.858426],[77458.730049],[77466.58855],[77474.567167],[77482.386483],[77490.301685],[77498.139067],[77506.028878],[77513.830494],[77521.728789],[77529.561289],[77537.416127],[77544.610567],[77552.456372],[77560.312309],[77568.122958],[77575.61537],[77582.086362],[77589.939552],[77597.747882],[77605.573668],[77613.432839],[77621.294941],[77629.142699],[77636.332012],[77644.171469],[77651.987916],[77659.820355],[77667.676475],[77675.327823],[77683.154646],[77690.994714],[77698.825565],[77706.669661],[77714.507227],[77722.360783],[77729.78563],[77737.60696],[77745.434699],[77753.279405],[77761.106289],[77768.938545],[77776.771044],[77784.641324],[77792.480538],[77800.306262],[77808.124724],[77815.969125],[77823.142386],[77830.961946],[77838.777538],[77841.66956]],"dram":[[107167.510806],[107167.764407],[107168.113161],[107168.429139],[107168.788025],[107169.146056],[107169.504942],[107169.854245],[107170.212765],[107170.560237],[107170.920649],[107171.276422],[107171.63372],[107171.990287],[107172.346365],[107172.673818],[107173.030934],[107173.389758],[107173.745165],[107174.101732],[107174.452073],[107174.810226],[107175.159041],[107175.518049],[107175.865765],[107176.224651],[107176.572978],[107176.901529],[107177.252603],[107177.608376],[107177.960609],[107178.315039],[107178.669225],[107179.021946],[107179.377536],[107179.728304],[107180.085664],[107180.434845],[107180.792999],[107181.110991],[107181.47006],[107181.818753],[107182.177517],[107182.527064],[107182.88418],[107183.235131],[107183.591148],[107183.944419],[107184.297995],[107184.651754],[107185.004658],[107185.331439],[107185.681475],[107186.039445],[107186.388138],[107186.747207],[107187.094801],[107187.453809],[107187.801465],[107188.160045],[107188.509654],[107188.867075],[107189.221261],[107189.547615],[107189.903449],[107190.25849],[107190.618535],[107190.979313],[107191.337161],[107191.690676],[107192.043886],[107192.397339],[107192.750549],[107193.103819],[107193.456602],[107193.77966],[107194.132625],[107194.485041],[107194.837518],[107195.190179],[107195.534477],[107195.88671],[107196.240225],[107196.593495],[107196.946461],[107197.299853],[107197.653002],[107197.985338],[107198.337754],[107198.690475],[107199.043257],[107199.395795],[107199.748395],[107200.101116],[107200.453837],[107200.806314],[107201.159158],[107201.512367],[107201.865271],[107202.189245],[107202.542699],[107202.900303],[107203.023838]],"gpu":[],"package":[[143421.805995],[143425.113665],[143432.981504],[143439.491009],[143447.490439],[143455.434694],[143463.341595],[143471.378745],[143479.357606],[143487.395061],[143495.320822],[143503.236207],[143511.208843],[143519.178488],[143527.148865],[143534.462689],[143542.435081],[143550.397829],[143558.370892],[143566.428001],[143574.505434],[143582.470684],[143590.533469],[143598.522096],[143606.584697],[143614.565329],[143622.600892],[143629.928326],[143637.95919],[143645.963136],[143653.955242],[143661.981406],[143669.944093],[143677.9893],[143685.973288],[143694.020264],[143702.059306],[143710.121358],[143718.09021],[143725.459698],[143733.451682],[143741.499269],[143749.467937],[143757.500998],[143765.499696],[143773.53355],[143781.550863],[143789.561585],[143797.599955],[143805.590108],[143813.627807],[143821.023174],[143829.085898],[143837.039369],[143845.114177],[143853.091818],[143861.146912],[143869.139018],[143877.17513],[143885.139099],[143893.17222],[143901.172749],[143909.162902],[143916.499492],[143924.493734],[143932.508301],[143940.49937],[143948.406454],[143954.728093],[143962.735153],[143970.743616],[143978.723942],[143986.707015],[143994.697534],[144002.692997],[144010.02501],[144018.017909],[144026.039922],[144034.029038],[144041.979579],[144049.759344],[144057.744797],[144065.733485],[144073.709783],[144081.697983],[144089.744349],[144097.753484],[144105.264207],[144113.24081],[144121.217474],[144129.215989],[144137.189113],[144145.219976],[144153.194687],[144161.17361],[144169.149175],[144177.131454],[144185.09933],[144193.093816],[144200.455797],[144208.441006],[144216.36994],[144220.431209]],"socket":0,"sys":[],"uncore":[]}],"range":{"end":{"absolute_address":"0x403f17","compilation_unit":null,"function_return":true},"start":{"address":"0x402df0","compilation_unit":{"path":"/home/vlad/energy-profiler-evaluation/cblas/cblas.cpp"},"function_call":{"function":{"declared":{"column":16,"file":"/home/vlad/energy-profiler-evaluation/cblas/cblas.cpp","line":41},"static":true},"symbol":{"address":"0x402df0","binding":"local","demangled_name":"void (anonymous namespace)::detail::gemm_compute<(anonymous namespace)::detail::transpose, double>(unsigned long, unsigned long, unsigned long, unsigned long, double const*, double const*, double*)","local_entrypoint":"0x402df0","mangled_name":"_ZN12_GLOBAL__N_16detail12gemm_computeINS0_9transposeEdEEvmmmmPKT0_S5_PS3_","size":"0xa4"}}}},"sample_times":[90017997089023,90018048029970,90018132026564,90018203021275,90018287029562,90018371019837,90018455020000,90018539019878,90018623018215,90018707030410,90018791019839,90018875017290,90018959022311,90019043017680,90019127018030,90019204017646,90019288019820,90019372018589,90019456027279,90019540020623,90019624020049,90019708019008,90019792018850,90019876019558,90019960019250,90020044020589,90020128019671,90020205018794,90020289013785,90020373017694,90020457016736,90020541019281,90020625019940,90020709021844,90020793019668,90020877021494,90020961020917,90021045018067,90021129022331,90021206019049,90021290019274,90021374020893,90021458019085,90021542018522,90021626016281,90021710016913,90021794017737,90021878016653,90021962019572,90022046019059,90022130018846,90022207030013,90022291019628,90022375020640,90022459018525,90022543018212,90022627018486,90022711018572,90022795020180,90022879020457,90022963019462,90023047026004,90023131020700,90023208021330,90023292020494,90023376019298,90023460018888,90023544027669,90023628017707,90023712018880,90023796026302,90023880021323,90023964019601,90024048020639,90024132020646,90024209030260,90024293019815,90024377032276,90024461015354,90024545020117,90024627018497,90024711017017,90024795016656,90024879018746,90024963017885,90025047018395,90025131019063,90025210021951,90025294019105,90025378019838,90025462020787,90025546019880,90025630016938,90025714019059,90025798021175,90025882017130,90025966017832,90026050018845,90026134017879,90026211017101,90026295026533,90026379017576,90026429371098]}],"extra":null,"label":"dgemm"},{"executions":[],"extra":null,"label":"sgemm_notrans"},{"executions":[],"extra":null,"label":"sgemm"},{"executions":[],"extra":null,"label":"dgemv"},{"executions":[],"extra":null,"label":"sgemv"}]}],"idle":[],"units":{"energy":"J","power":"W","time":"ns"}}