{"format":{"cpu":["energy"],"gpu":[]},"groups":[{"extra":null,"label":null,"sections":[{"executions":[{"cpu":[{"cores":[[205500.422464],[205503.611848],[205510.995924],[205518.586664],[205526.196813],[205533.224077],[205540.332519],[205547.479595],[205554.720604],[205561.806035],[205569.252488],[205576.702726],[205584.431954],[205590.820487],[205597.339086],[205605.730117],[205612.197508],[205619.356059],[205625.381434],[205632.815009],[205639.09136],[205646.202609],[205652.453142],[205660.036436],[205666.304608],[205673.192347],[205680.432807],[205687.797717],[205694.97171],[205702.677562],[205710.365347],[205717.41605],[205724.655655],[205731.98486],[205739.23002],[205746.437826],[205753.960329],[205761.215132],[205768.364344],[205775.56031],[205782.896107],[205790.173371],[205797.639416],[205804.890252],[205812.267858],[205819.868424],[205827.255734],[205835.01487],[205842.466877],[205849.807923],[205857.540752],[205864.875267],[205872.640201],[205880.127181],[205887.253078],[205894.609688],[205902.486621],[205910.152922],[205917.413951],[205924.923392],[205932.183932],[205939.639968],[205946.886165],[205953.995034],[205961.330342],[205968.593873],[205976.075605],[205983.353601],[205990.729803],[205997.869616],[206005.090057],[206012.562206],[206019.746513],[206027.257603],[206034.579666],[206041.981808],[206049.602882],[206056.968342],[206063.087955],[206070.539169],[206077.888027],[206085.216927],[206092.555958],[206099.988434],[206107.159925],[206114.511346],[206121.906225],[206129.228472],[206136.584776],[206143.903605],[206150.966087],[206158.230534],[206165.547715],[206172.778653],[206179.928171],[206187.071036],[206194.229221],[206201.297806],[206208.181944],[206213.324997],[206217.786961],[206225.569839],[206233.4024],[206241.23435],[206248.207782],[206256.022642],[206263.811379],[206271.080221],[206278.28705],[206285.488936],[206292.681301],[206299.87812],[206307.084462],[206314.271272],[206321.311415],[206322.556773]],"dram":[[126143.834907],[126144.057014],[126144.40589],[126144.753362],[126145.107731],[126145.472415],[126145.841677],[126146.211061],[126146.577027],[126146.942871],[126147.304015],[126147.664243],[126147.979306],[126148.333858],[126148.635127],[126149.012079],[126149.308221],[126149.673088],[126149.976981],[126150.34014],[126150.646169],[126151.009022],[126151.310169],[126151.667956],[126151.963182],[126152.332078],[126152.70134],[126153.069686],[126153.424666],[126153.771588],[126154.123272],[126154.489055],[126154.854594],[126155.20469],[126155.566323],[126155.934364],[126156.295386],[126156.659521],[126157.02866],[126157.397067],[126157.759371],[126158.121187],[126158.48111],[126158.84201],[126159.205535],[126159.565336],[126159.920315],[126160.267666],[126160.628688],[126160.981958],[126161.328576],[126161.6791],[126162.008384],[126162.375082],[126162.744405],[126163.108723],[126163.479755],[126163.831255],[126164.193132],[126164.552811],[126164.912551],[126165.273573],[126165.63368],[126166.003125],[126166.367198],[126166.728342],[126167.088205],[126167.448983],[126167.811958],[126168.180426],[126168.544195],[126168.905156],[126169.26807],[126169.628054],[126169.963442],[126170.309693],[126170.663696],[126171.007872],[126171.319944],[126171.680173],[126172.033993],[126172.385066],[126172.733698],[126173.093377],[126173.456414],[126173.79235],[126174.14501],[126174.502248],[126174.852833],[126175.208606],[126175.565722],[126175.9265],[126176.279099],[126176.634689],[126176.987288],[126177.340498],[126177.691876],[126178.045574],[126178.404216],[126178.750956],[126179.088906],[126179.400917],[126179.712928],[126180.017493],[126180.303625],[126180.616063],[126180.928929],[126181.215183],[126181.490512],[126181.765413],[126182.040803],[126182.316071],[126182.5914],[126182.866973],[126183.100554],[126183.141081]],"gpu":[],"package":[[18226.18149],[18228.955897],[18235.944648],[18243.707446],[18251.390471],[18258.851572],[18265.947867],[18273.182346],[18280.505692],[18288.002193],[18295.348915],[18303.005268],[18310.769225],[18317.384137],[18323.980861],[18332.476872],[18340.133469],[18346.491362],[18353.590832],[18360.219538],[18367.568213],[18373.841939],[18381.204897],[18387.899093],[18395.331997],[18401.409801],[18408.760063],[18416.258457],[18423.612808],[18431.450312],[18439.210241],[18446.540423],[18453.863951],[18461.298991],[18468.890463],[18476.125735],[18483.744734],[18491.378199],[18498.457953],[18505.796558],[18513.378325],[18520.655406],[18528.286002],[18535.829257],[18543.240126],[18550.927607],[18558.467077],[18566.362626],[18574.215633],[18581.451515],[18589.312945],[18596.857726],[18604.75358],[18612.617024],[18619.771547],[18627.144025],[18635.168297],[18642.974063],[18650.444198],[18658.074732],[18665.515997],[18673.10039],[18680.675321],[18687.784068],[18695.334891],[18702.638949],[18710.365309],[18717.712702],[18725.450903],[18732.574969],[18739.951171],[18747.507304],[18754.850608],[18762.472292],[18769.940596],[18777.526026],[18785.249272],[18792.780625],[18799.208282],[18806.617504],[18814.098137],[18821.568027],[18829.177016],[18836.726191],[18843.99253],[18851.474689],[18858.998229],[18866.489299],[18873.977561],[18881.468509],[18888.863143],[18896.121425],[18903.572761],[18910.941211],[18918.322235],[18925.620129],[18932.847588],[18940.10288],[18947.215288],[18952.970889],[18956.95678],[18964.86777],[18972.837354],[18980.793877],[18988.54874],[18995.850174],[19003.770747],[19011.251074],[19018.574725],[19025.904662],[19033.212993],[19040.531883],[19047.842289],[19055.160935],[19062.49307],[19064.512229]],"socket":0,"sys":[],"uncore":[]}],"range":{"end":{"absolute_address":"0x408f61","compilation_unit":null,"function_return":true},"start":{"address":"0x405b60","compilation_unit":{"path":"/home/vlad/energy-profiler-evaluation/lapacke/lapacke.cpp"},"function_call":{"function":{"declared":{"column":25,"file":"/home/vlad/energy-profiler-evaluation/lapacke/lapacke.cpp","line":261},"static":true},"symbol":{"address":"0x405b60","binding":"local","demangled_name":"void (anonymous namespace)::detail::compute::gesv<double>(double*, double*, long long*, unsigned long, unsigned long)","local_entrypoint":"0x405b60","mangled_name":"_ZN12_GLOBAL__N_16detail7compute4gesvIdEEvPT_S4_Pxmm","size":"0x7b"}}}},