{"format":{"cpu":["energy"],"gpu":[]},"groups":[{"extra":null,"label":null,"sections":[{"executions":[],"extra":null,"label":"dgemm_notrans"},{"executions":[{"cpu":[{"cores":[[253963.669797],[253968.003099],[253975.688748],[253983.329537],[253991.137805],[253998.931792],[254006.75007],[254014.658985],[254022.514373],[254030.478769],[254038.322255],[254046.256805],[254054.105784],[254062.028493],[254069.873139],[254077.780467],[254085.658071],[254093.567963],[254101.426464],[254109.291251],[254117.165986],[254125.045605],[254132.944999],[254140.816316],[254148.729565],[254156.589103],[254164.49637],[254172.259168],[254180.214592],[254188.043612],[254195.971021],[254203.837212],[254211.751193],[254219.617445],[254227.534661],[254235.02683],[254242.937332],[254250.835749],[254258.998082],[254266.904006],[254274.772577],[254282.669896],[254290.522598],[254298.447016],[254306.34403],[254314.341019],[254322.215388],[254330.16599],[254337.99556],[254345.931758],[254353.773352],[254361.676896],[254369.533138],[254377.443091],[254385.32039],[254393.203365],[254401.108863],[254408.977739],[254416.887387],[254424.729408],[254432.025288],[254439.75769],[254447.5236],[254455.379293],[254463.113282],[254470.963237],[254478.709433],[254485.379277],[254492.710801],[254500.57272],[254508.237983],[254516.149279],[254524.012113],[254531.878731],[254539.726306],[254547.577787],[254555.405221],[254563.245472],[254571.084563],[254578.980356],[254586.819264],[254594.684539],[254602.540903],[254610.395436],[254618.250275],[254626.091807],[254633.913626],[254641.811555],[254649.66029],[254657.490409],[254665.32419],[254673.167554],[254680.991752],[254688.82413],[254696.688428],[254704.544609],[254712.382541],[254720.237746],[254728.092584],[254735.948094],[254743.812575],[254749.508178]],"dram":[[115752.948727],[115753.205746],[115753.563411],[115753.92663],[115754.285638],[115754.643425],[115755.000724],[115755.352408],[115755.710317],[115756.060109],[115756.418994],[115756.766894],[115757.126024],[115757.474839],[115757.833664],[115758.183699],[115758.54112],[115758.892621],[115759.249065],[115759.601909],[115759.956217],[115760.311257],[115760.664467],[115761.02024],[115761.372351],[115761.729589],[115762.080296],[115762.430698],[115762.779757],[115763.138582],[115763.486725],[115763.846038],[115764.195586],[115764.553678],[115764.904446],[115765.244289],[115765.597255],[115765.951502],[115766.318322],[115766.672386],[115767.027305],[115767.379477],[115767.735982],[115768.087727],[115768.445636],[115768.795733],[115769.155168],[115769.502335],[115769.861404],[115770.21028],[115770.568799],[115770.919446],[115771.276744],[115771.628733],[115771.985056],[115772.338387],[115772.69355],[115773.047736],[115773.400762],[115773.756169],[115774.086063],[115774.449039],[115774.811342],[115775.170106],[115775.532837],[115775.890441],[115776.253843],[115776.615476],[115776.971066],[115777.323787],[115777.668513],[115778.021112],[115778.373955],[115778.726432],[115779.079154],[115779.432241],[115779.785756],[115780.139393],[115780.492419],[115780.845507],[115781.19835],[115781.550766],[115781.903548],[115782.256208],[115782.609113],[115782.961773],[115783.313823],[115783.666849],[115784.019204],[115784.370949],[115784.724037],[115785.077673],[115785.430944],[115785.784581],[115786.137851],[115786.490756],[115786.843965],[115787.196564],[115787.549469],[115787.901946],[115788.256926],[115788.505338]],"gpu":[],"package":[[62040.048574],[62043.380414],[62051.247215],[62059.014895],[62066.973188],[62074.921349],[62082.957278],[62091.042218],[62099.009239],[62107.067568],[62115.060162],[62123.124533],[62131.134034],[62139.198406],[62147.213644],[62155.250794],[62163.290934],[62171.344014],[62179.369873],[62187.36204],[62195.410115],[62203.423705],[62211.488077],[62219.489399],[62227.572996],[62235.664101],[62243.743792],[62251.749814],[62259.637367],[62267.633807],[62275.693662],[62283.72953],[62291.777544],[62299.809262],[62307.864905],[62315.90175],[62323.555966],[62331.612647],[62339.927628],[62347.989314],[62356.000219],[62364.058853],[62372.11059],[62380.234715],[62388.261062],[62396.350457],[62404.35532],[62412.446302],[62420.445366],[62428.51163],[62436.526563],[62444.553276],[62452.581759],[62460.629834],[62468.671622],[62476.690828],[62484.760692],[62492.766714],[62500.839814],[62508.819286],[62516.372245],[62524.190096],[62532.075391],[62540.080497],[62547.974032],[62555.963269],[62563.891105],[62570.946446],[62578.181352],[62586.230342],[62594.241064],[62602.049149],[62610.065486],[62618.079321],[62626.086441],[62634.084102],[62642.072973],[62650.106216],[62658.095881],[62666.100682],[62674.082779],[62682.102594],[62690.102452],[62698.112319],[62706.10705],[62714.164097],[62722.133559],[62730.117913],[62738.106601],[62746.098341],[62754.079827],[62762.066806],[62770.071669],[62778.075798],[62786.067965],[62794.057508],[62802.045952],[62810.050387],[62818.048963],[62826.055961],[62834.102999],[62840.944046]],"socket":0,"sys":[],"uncore":[]}],"range":{"end":{"absolute_address":"0x403f17","compilation_unit":null,"function_return":true},"start":{"address":"0x402df0","compilation_unit":{"path":"/home/vlad/energy-profiler-evaluation/cblas/cblas.cpp"},"function_call":{"function":{"declared":{"column":16,"file":"/home/vlad/energy-profiler-evaluation/cblas/cblas.cpp","line":41},"static":true},"symbol":{"address":"0x402df0","binding":"local","demangled_name":"void (anonymous namespace)::detail::gemm_compute<(anonymous namespace)::detail::transpose, double>(unsigned long, unsigned long, unsigned long, unsigned long, double const*, double const*, double*)","local_entrypoint":"0x402df0","mangled_name":"_ZN12_GLOBAL__N_16detail12gemm_computeINS0_9transposeEdEEvmmmmPKT0_S5_PS3_","size":"0xa4"}}}},"sample_times":[93021312190380,93021363031332,93021447022561,93021531019692,93021615018473,93021699020266,93021783025436,93021867019288,93021951022519,93022035028585,93022119017978,93022203016929,93022287019302,93022371019163,93022455022129,93022539018264,93022623019325,93022707018450,93022791018777,93022875019463,93022959025719,93023043020318,93023127019444,93023211018854,93023295017865,93023379015213,93023463017745,93023547014487,93023629016889,93023713022020,93023797020533,93023881025135,93023965019212,93024049019938,93024133018620,93024217018847,93024297017778,93024381020569,93024468018004,93024552019213,93024636016522,93024720020241,93024804028151,93024888026956,93024972018122,93025056018787,93025140017755,93025224020785,93025308020204,93025392019264,93025476021855,93025560019430,93025644021605,93025728018271,93025812024958,93025896017041,93025980022482,93026064020297,93026148025671,93026232019393,93026310016155,93026394020030,93026478020895,93026562019216,93026646021284,93026730020716,93026814023357,93026898025698,93026982018800,93027066019875,93027150017821,93027232018697,93027316018314,93027400020491,93027484016332,93027568018007,93027652015931,93027736018472,93027820018568,93027904021173,93027988018604,93028072021549,93028156018041,93028240018364,93028324017169,93028408016965,93028492021197,93028576028313,93028660018997,93028744018387,93028828019728,93028912017921,93028996026290,93029080018709,93029164018963,93029248019414,93029332020514,93029416017799,93029500019559,93029584019651,93029668018974,93029748232404]}],"extra":null,"label":"dgemm"},{"executions":[],"extra":null,"label":"sgemm_notrans"},{"executions":[],"extra":null,"label":"sgemm"},{"executions":[],"extra":null,"label":"dgemv"},{"executions":[],"extra":null,"label":"sgemv"}]}],"idle":[],"units":{"energy":"J","power":"W","time":"ns"}}