{"format":{"cpu":["energy"],"gpu":[]},"groups":[{"extra":null,"label":null,"sections":[{"executions":[],"extra":null,"label":"dgemm_notrans"},{"executions":[{"cpu":[{"cores":[[143724.062363],[143728.279149],[143735.947098],[143743.559688],[143750.780495],[143758.624347],[143766.403929],[143774.294778],[143782.174641],[143790.072204],[143797.877237],[143805.718343],[143813.549072],[143821.216167],[143828.919211],[143836.740724],[143844.594342],[143852.444419],[143860.306277],[143868.154706],[143875.964623],[143883.164434],[143890.98497],[143898.925868],[143906.76032],[143914.582871],[143922.221707],[143928.996225],[143937.807909],[143945.631315],[143953.489083],[143961.337634],[143969.192473],[143977.062264],[143984.929066],[143992.799834],[144000.616892],[144008.504384],[144016.322784],[144024.221201],[144032.114858],[144040.04837],[144047.865672],[144055.770986],[144063.601716],[144071.495739],[144079.333975],[144087.216035],[144095.073193],[144102.662285],[144110.531893],[144118.36891],[144126.262627],[144134.113071],[144142.001967],[144149.83703],[144157.737339],[144165.555739],[144173.497492],[144181.382237],[144189.308791],[144197.111811],[144205.025304],[144212.831131],[144220.756709],[144228.585852],[144236.430009],[144243.15222],[144250.407573],[144258.235373],[144266.07776],[144273.935345],[144281.741416],[144289.56592],[144297.395124],[144305.220665],[144313.047244],[144320.8571],[144328.673242],[144336.547001],[144344.377181],[144352.204309],[144360.028203],[144367.856491],[144375.678248],[144383.479376],[144391.309983],[144399.178127],[144407.008429],[144414.841905],[144422.673245],[144429.932565],[144437.762257],[144445.593841],[144453.468821],[144461.278798],[144469.091706],[144476.90034],[144484.732474],[144492.541658],[144500.373242],[144506.288754]],"dram":[[150849.286615],[150849.541375],[150849.898491],[150850.261161],[150850.593374],[150850.945912],[150851.303639],[150851.655749],[150852.014696],[150852.365953],[150852.72374],[150853.078475],[150853.435408],[150853.798871],[150854.155743],[150854.513347],[150854.866496],[150855.221414],[150855.575966],[150855.928932],[150856.256324],[150856.60874],[150856.967198],[150857.320103],[150857.678378],[150858.033236],[150858.335054],[150858.693085],[150859.088287],[150859.445463],[150859.797879],[150860.15408],[150860.506801],[150860.861658],[150861.215784],[150861.569054],[150861.924278],[150862.275473],[150862.632894],[150862.984822],[150863.343097],[150863.694476],[150864.053362],[150864.403947],[150864.762772],[150865.112197],[150865.470839],[150865.820874],[150866.165722],[150866.51765],[150866.873362],[150867.226877],[150867.581856],[150867.936164],[150868.289252],[150868.645513],[150868.997319],[150869.355289],[150869.705447],[150870.064089],[150870.412476],[150870.771362],[150871.120299],[150871.47949],[150871.830136],[150872.18829],[150872.548091],[150872.908747],[150873.264093],[150873.617546],[150873.970512],[150874.323721],[150874.676931],[150875.029774],[150875.382495],[150875.734545],[150876.087755],[150876.439683],[150876.791855],[150877.145491],[150877.498518],[150877.850079],[150878.202862],[150878.556071],[150878.908976],[150879.262368],[150879.6157],[150879.969031],[150880.321936],[150880.673925],[150881.026402],[150881.353732],[150881.706088],[150882.05887],[150882.410981],[150882.763214],[150883.116362],[150883.469084],[150883.821927],[150884.174831],[150884.530116],[150884.785853]],"gpu":[],"package":[[98804.867115],[98808.126384],[98815.981283],[98823.715089],[98831.640484],[98839.110069],[98847.091982],[98855.119671],[98863.080528],[98871.104494],[98879.070477],[98887.063193],[98895.040956],[98902.898053],[98910.710838],[98918.69385],[98926.675519],[98934.698203],[98942.689516],[98950.704083],[98958.662985],[98966.104861],[98974.071943],[98982.077659],[98990.054812],[98998.025983],[99005.99691],[99012.718084],[99021.684736],[99029.673119],[99037.670596],[99045.683637],[99053.678917],[99061.710817],[99069.709088],[99077.743552],[99085.702699],[99093.750286],[99101.807211],[99109.873048],[99117.852458],[99125.898947],[99133.862915],[99141.913493],[99149.897664],[99157.940368],[99165.939615],[99173.964619],[99181.975646],[99189.699259],[99197.733907],[99205.712402],[99213.767069],[99221.758809],[99229.80548],[99237.777017],[99245.895038],[99253.898314],[99261.98301],[99269.947345],[99277.998899],[99285.965431],[99294.016924],[99301.995175],[99310.046119],[99318.046099],[99326.03558],[99333.169534],[99340.318136],[99348.343934],[99356.33842],[99364.304708],[99372.26355],[99380.24351],[99388.213766],[99396.189453],[99404.17332],[99412.184774],[99420.142883],[99428.111491],[99436.087483],[99444.069519],[99452.044291],[99460.015279],[99467.985046],[99475.996134],[99483.977925],[99491.954833],[99499.929666],[99507.914143],[99515.891784],[99523.866739],[99531.32723],[99539.299988],[99547.271708],[99555.233602],[99563.187683],[99571.157877],[99579.130391],[99587.094055],[99595.106791],[99602.124717]],"socket":0,"sys":[],"uncore":[]}],"range":{"end":{"absolute_address":"0x403f17","compilation_unit":null,"function_return":true},"start":{"address":"0x402df0","compilation_unit":{"path":"/home/vlad/energy-profiler-evaluation/cblas/cblas.cpp"},"function_call":{"function":{"declared":{"column":16,"file":"/home/vlad/energy-profiler-evaluation/cblas/cblas.cpp","line":41},"static":true},"symbol":{"address":"0x402df0","binding":"local","demangled_name":"void (anonymous namespace)::detail::gemm_compute<(anonymous namespace)::detail::transpose, double>(unsigned long, unsigned long, unsigned long, unsigned long, double const*, double const*, double*)","local_entrypoint":"0x402df0","mangled_name":"_ZN12_GLOBAL__N_16detail12gemm_computeINS0_9transposeEdEEvmmmmPKT0_S5_PS3_","size":"0xa4"}}}},"sample_times":[1491944429540323,1491944480032525,1491944564019186,1491944648019579,1491944732018328,1491944810027045,1491944894017985,1491944978019252,1491945062020483,1491945146027910,1491945230019129,1491945314023766,1491945398017288,1491945482022095,1491945566017892,1491945650019259,1491945734019676,1491945818018893,1491945902019841,1491945986018334,1491946070025927,1491946147024115,1491946231020184,1491946315028020,1491946399017968,1491946483015475,1491946567016555,1491946638021767,1491946732019417,1491946816021640,1491946900019855,1491946984027390,1491947068018211,1491947152020370,1491947236017973,1491947320019618,1491947404019961,1491947488018355,1491947572017556,1491947656019431,1491947740019398,1491947824020080,1491947908019507,1491947992022207,1491948076021331,1491948160018137,1491948244017954,1491948328018252,1491948412017755,1491948493020802,1491948577020331,1491948661018231,1491948745018439,1491948829018664,1491948913028885,1491948997012624,1491949081027192,1491949165017469,1491949249018571,1491949333018742,1491949417022581,1491949501017653,1491949585019724,1491949669019404,1491949753017043,1491949837024636,1491949921017599,1491950005024154,1491950089016858,1491950173017238,1491950257019025,1491950341019406,1491950425019567,1491950509018955,1491950593017609,1491950677018237,1491950761016438,1491950845028972,1491950929017628,1491951013016232,1491951097020061,1491951181015543,1491951265018891,1491951349018194,1491951433016389,1491951517017153,1491951601018612,1491951685018101,1491951769024299,1491951853020144,1491951937018649,1491952021019335,1491952099020229,1491952183016851,1491952267018244,1491952351017340,1491952435016548,1491952519016801,1491952603020484,1491952687016868,1491952771024391,1491952853820306]}],"extra":null,"label":"dgemm"},{"executions":[],"extra":null,"label":"sgemm_notrans"},{"executions":[],"extra":null,"label":"sgemm"},{"executions":[],"extra":null,"label":"dgemv"},{"executions":[],"extra":null,"label":"sgemv"}]}],"idle":[],"units":{"energy":"J","power":"W","time":"ns"}}