{"format":{"cpu":["energy"],"gpu":[]},"groups":[{"extra":null,"label":null,"sections":[{"executions":[{"cpu":[{"cores":[[27756.404346],[27760.111978],[27766.47506],[27773.129156],[27779.74712],[27786.37247],[27791.947162],[27798.428469],[27804.957383],[27811.579742],[27817.626601],[27823.829039],[27830.08653],[27836.315884],[27842.678661],[27848.523251],[27855.032755],[27861.540368],[27868.015693],[27874.151908],[27880.683202],[27887.162373],[27893.762576],[27899.801806],[27906.052461],[27912.309586],[27918.657165],[27924.741805],[27930.761321],[27937.232252],[27943.920101],[27950.194438],[27956.872949],[27963.642646],[27970.266591],[27976.459874],[27983.021136],[27989.474184],[27995.704759],[28002.197662],[28008.907972],[28015.479732],[28021.806376],[28028.356225],[28035.072883],[28041.072684],[28047.28739],[28053.685933],[28060.091862],[28066.575305],[28073.130525],[28079.463638],[28085.774291],[28092.311079],[28098.912319],[28105.293162],[28111.782953],[28118.128151],[28124.392967],[28130.884161],[28137.061025],[28143.474705],[28150.091753],[28156.210573],[28162.500169],[28169.080352],[28175.166091],[28181.701597],[28188.014752],[28194.439113],[28201.067331],[28207.06817],[28213.307168],[28219.699241],[28226.171332],[28232.552297],[28238.955967],[28245.611162],[28251.692201],[28258.277695],[28264.412323],[28271.008741],[28277.11218],[28283.708904],[28290.027552],[28296.537668],[28302.648614],[28308.999306],[28315.542441],[28321.91718],[28328.559192],[28334.964144],[28341.332597],[28347.878662],[28354.301375],[28360.553312],[28366.938794],[28373.410396],[28379.939004],[28386.241784],[28392.520637],[28398.925162],[28405.310949],[28411.644673],[28417.908695],[28424.186877],[28430.551302],[28436.694718],[28442.981079],[28449.185226],[28455.362395],[28461.421462],[28467.25122],[28470.689932],[28475.279947],[28482.042137],[28488.800664],[28495.569629],[28502.33365],[28509.124831],[28515.892819],[28522.648661],[28529.510521],[28535.714546],[28541.926566],[28548.134191],[28554.345723],[28560.558354],[28566.787525],[28573.012607],[28578.836872],[28578.836872]],"dram":[],"gpu":[],"package":[[98750.567571],[98753.375852],[98759.882],[98766.649439],[98773.33625],[98780.094961],[98785.809485],[98792.431844],[98799.092959],[98805.802598],[98812.127533],[98818.412002],[98824.755674],[98831.112226],[98837.545315],[98843.596447],[98850.208856],[98856.831032],[98863.419394],[98869.694646],[98876.280567],[98882.927828],[98889.637283],[98895.91925],[98902.291304],[98908.663358],[98915.091503],[98921.330989],[98927.427287],[98934.02163],[98940.791144],[98947.289663],[98954.037204],[98960.864762],[98967.842588],[98974.055524],[98980.673305],[98987.287058],[98993.599236],[99000.287085],[99007.090962],[99013.986513],[99020.272569],[99026.957],[99033.755445],[99039.952633],[99046.324565],[99052.735743],[99059.398628],[99065.953543],[99072.596776],[99079.17995],[99085.528689],[99092.175888],[99098.979094],[99105.428601],[99112.026179],[99118.699441],[99124.932579],[99131.503363],[99137.956777],[99144.397678],[99151.056353],[99157.421205],[99163.824753],[99170.477079],[99176.716199],[99183.363826],[99190.014993],[99196.388939],[99203.105902],[99209.284719],[99215.624242],[99222.192157],[99228.749452],[99235.414963],[99241.739409],[99248.59364],[99254.765316],[99261.455362],[99267.748742],[99274.465095],[99280.726675],[99287.435642],[99293.880999],[99300.546632],[99306.765915],[99313.3356],[99319.881299],[99326.390804],[99333.154031],[99339.652794],[99346.23493],[99352.927601],[99359.41965],[99365.804338],[99372.29065],[99379.026228],[99385.555691],[99392.000743],[99398.386591],[99404.912087],[99411.430869],[99417.918157],[99424.351491],[99430.698276],[99437.198992],[99443.581239],[99450.006393],[99456.33096200001],[99462.579176],[99468.807859],[99474.810834],[99478.834689],[99482.9551],[99489.819951],[99496.705187],[99503.583832],[99510.464734],[99517.352595],[99524.250832],[99531.132589],[99538.202884],[99544.500475],[99550.805452],[99557.128739],[99563.442321],[99569.753279],[99576.086454],[99582.422741],[99588.751277],[99589.297113]],"socket":0,"sys":[],"uncore":[]}],"range":{"end":{"absolute_address":"0x408f61","compilation_unit":null,"function_return":true},"start":{"address":"0x405b60","compilation_unit":{"path":"/home/vlad/energy-profiler-evaluation/lapacke/lapacke.cpp"},"function_call":{"function":{"declared":{"column":25,"file":"/home/vlad/energy-profiler-evaluation/lapacke/lapacke.cpp","line":261},"static":true},"symbol":{"address":"0x405b60","binding":"local","demangled_name":"void (anonymous namespace)::detail::compute::gesv<double>(double*, double*, long long*, unsigned long, unsigned long)","local_entrypoint":"0x405b60","mangled_name":"_ZN12_GLOBAL__N_16detail7compute4gesvIdEEvPT_S4_Pxmm","size":"0x7b"}}}},"sample_times":[93596792197601,93596843035887,93596916017784,93596989014708,93597062024964,93597135022297,93597204018137,93597277022378,93597350012756,93597423021471,93597496025583,93597569019473,93597642027862,93597715026730,93597786020463,93597859031528,93597932020904,93598005020401,93598078018661,93598151026378,93598224016613,93598297025075,93598370017216,93598443017693,93598516019096,93598589019401,93598662017074,93598735036575,93598803018171,93598876024115,93598949016867,93599022015908,93599095014566,93599168016109,93599241030313,93599314018574,93599387027069,93599460017974,93599533029753,93599606015065,93599679017413,93599752013492,93599825023808,93599898018062,93599971015783,93600044019505,93600117018885,93600190018147,93600263022186,93600336015961,93600409021596,93600482024041,93600555015800,93600628018229,93600701024803,93600774019537,93600847016537,93600920030924,93600993019126,93601066017056,93601139023058,93601212025677,93601285016422,93601358028276,93601431018698,93601504017448,93601577018820,93601650028264,93601723030868,93601796021693,93601869024349,93601942028058,93602015024803,93602088024887,93602161028126,93602234020104,93602307014592,93602380018279,93602453022708,93602526020596,93602599016871,93602672019454,93602745017196,93602818019208,93602891026876,93602964018368,93603037022100,93603110020721,93603183020706,93603256013420,93603329017449,93603402014464,93603475045469,93603548023662,93603621017484,93603694023613,93603767012852,93603840022241,93603913018770,93603986015596,93604059017618,93604132044147,93604205016927,93604278022185,93604351016527,93604424014985,93604497023114,93604570026299,93604643018239,93604716013639,93604789025022,93604862017200,93604935017890,93605008028675,93605081026094,93605154015614,93605227013605,93605300025464,93605373019325,93605446017177,93605519015564,93605592012821,93605674014840,93605747013317,93605820011425,93605893012340,93605966013175,93606039012391,93606112011982,93606185026188,93606258011768,93606263859962]}],"extra":null,"label":"dgesv"},{"executions":[],"extra":null,"label":"sgesv"},{"executions":[],"extra":null,"label":"dgetrs"},{"executions":[],"extra":null,"label":"sgetrs"},{"executions":[],"extra":null,"label":"dgels"},{"executions":[],"extra":null,"label":"sgels"},{"executions":[],"extra":null,"label":"dgetri"},{"executions":[],"extra":null,"label":"sgetri"},{"executions":[],"extra":null,"label":"dgetrf"},{"executions":[],"extra":null,"label":"sgetrf"},{"executions":[],"extra":null,"label":"dtptri"},{"executions":[],"extra":null,"label":"stptri"},{"executions":[],"extra":null,"label":"dtrtri"},{"executions":[],"extra":null,"label":"strtri"},{"executions":[],"extra":null,"label":"dpotrf"},{"executions":[],"extra":null,"label":"spotrf"}]}],"idle":[],"units":{"energy":"J","power":"W","time":"ns"}}