{"format":{"cpu":["energy"],"gpu":[]},"groups":[{"extra":null,"label":null,"sections":[{"executions":[],"extra":null,"label":"dgemm_notrans"},{"executions":[{"cpu":[{"cores":[[76236.732445],[76241.895396],[76248.502496],[76254.610329],[76259.373623],[76266.209543],[76272.966544],[76278.487099],[76285.418295],[76292.178898],[76298.489062],[76304.083103],[76308.889609],[76315.873051],[76322.685289],[76328.974458],[76333.840534],[76340.622072],[76347.41423],[76355.009364],[76361.812142],[76368.764395],[76375.538303],[76382.361223],[76389.189452],[76396.002484],[76402.969813],[76409.733589],[76416.589895],[76423.389011],[76430.199052],[76437.06848],[76443.964154],[76450.813745],[76457.616706],[76464.418386],[76471.247104],[76478.092484],[76484.953062],[76491.734478],[76498.520838],[76505.223335],[76512.047719],[76518.91727],[76525.810441],[76532.611693],[76539.424969],[76546.268091],[76553.113899],[76560.046315],[76566.835848],[76573.652054],[76580.416502],[76587.090252],[76594.023035],[76600.786445],[76607.61852],[76614.438876],[76621.226822],[76628.138304],[76634.955059],[76641.804406],[76648.623847],[76655.409779],[76662.23453],[76669.139053],[76676.002622],[76682.787639],[76689.600121],[76696.423468],[76703.274098],[76710.134432],[76716.930984],[76723.726865],[76730.553447],[76737.398949],[76744.293646],[76751.097217],[76756.682103],[76762.787434],[76769.629091],[76776.396042],[76783.233121],[76790.029979],[76796.833306],[76803.68479],[76810.466572],[76817.261599],[76824.099838],[76830.904386],[76837.736339],[76844.545831],[76850.599221],[76857.434531],[76864.226811],[76871.05681],[76877.865509],[76884.651685],[76891.495173],[76898.298379],[76905.09902],[76911.946293],[76918.741686],[76925.207795],[76932.01454],[76938.815731],[76945.668375],[76952.462547],[76959.273686],[76966.114306],[76972.884919],[76979.705824],[76986.506954],[76993.315836],[77000.155845],[77006.948735],[77013.758227],[77019.753756],[77019.797457]],"dram":[],"gpu":[],"package":[[142582.383035],[142586.555997],[142593.339366],[142599.800165],[142605.43278],[142611.358058],[142618.235848],[142624.928336],[142630.917395],[142637.826069],[142644.24866],[142650.243273],[142655.90549],[142661.964923],[142668.913697],[142675.614485],[142681.33377],[142687.202041],[142694.104001],[142701.871803],[142708.854635],[142715.859377],[142722.776901],[142729.72482],[142736.696787],[142743.680351],[142750.729527],[142757.630083],[142764.605713],[142771.548749],[142778.46786],[142785.584297],[142792.510365],[142799.480074],[142806.428359],[142813.355038],[142820.314432],[142827.316184],[142834.283513],[142841.19414],[142848.110748],[142855.040173],[142862.004084],[142868.905372],[142875.90981],[142882.864016],[142889.794174],[142896.771512],[142903.790232],[142910.803764],[142917.747044],[142924.672625],[142931.595642],[142938.482526],[142945.449732],[142952.341499],[142959.299245],[142966.260714],[142973.180862],[142980.256589],[142987.170573],[142994.132896],[143001.100346],[143008.005175],[143015.071807],[143022.006909],[143028.98974],[143035.920631],[143042.855916],[143049.817507],[143056.856246],[143063.782803],[143070.707285],[143077.644828],[143084.587498],[143091.666948],[143098.60266],[143105.546795],[143111.53555],[143117.548718],[143124.459284],[143131.364051],[143138.333271],[143145.263491],[143152.246993],[143159.175259],[143166.087046],[143173.065116],[143179.97849],[143186.909563],[143193.898132],[143200.817242],[143207.035976],[143213.94819],[143220.877555],[143227.841953],[143234.772783],[143241.729003],[143248.667706],[143255.599695],[143262.587165],[143269.502674],[143276.427767],[143283.413405],[143289.964475],[143296.943888],[143303.874352],[143310.803045],[143317.792041],[143324.709198],[143331.607618],[143338.583186],[143345.500588],[143352.459127],[143359.404178],[143366.328782],[143373.308866],[143379.656506],[143380.546641]],"socket":0,"sys":[],"uncore":[]}],"range":{"end":{"absolute_address":"0x403f17","compilation_unit":null,"function_return":true},"start":{"address":"0x402df0","compilation_unit":{"path":"/home/vlad/energy-profiler-evaluation/cblas/cblas.cpp"},"function_call":{"function":{"declared":{"column":16,"file":"/home/vlad/energy-profiler-evaluation/cblas/cblas.cpp","line":41},"static":true},"symbol":{"address":"0x402df0","binding":"local","demangled_name":"void (anonymous namespace)::detail::gemm_compute<(anonymous namespace)::detail::transpose, double>(unsigned long, unsigned long, unsigned long, unsigned long, double const*, double const*, double*)","local_entrypoint":"0x402df0","mangled_name":"_ZN12_GLOBAL__N_16detail12gemm_computeINS0_9transposeEdEEvmmmmPKT0_S5_PS3_","size":"0xa4"}}}},"sample_times":[90005485372241,90005546026645,90005619026248,90005689029112,90005749024129,90005812020848,90005885020352,90005955022272,90006018019828,90006091031819,90006159019899,90006221017623,90006281027883,90006345018220,90006418019837,90006488021403,90006548021302,90006610063809,90006683017099,90006764019405,90006837028904,90006910027566,90006983020414,90007056018710,90007129021542,90007202025963,90007275019626,90007348015695,90007421019441,90007494022993,90007567019358,90007640028992,90007713020517,90007786019821,90007859018188,90007932019889,90008005020801,90008078019382,90008151021239,90008224022188,90008297020341,90008370018010,90008442021321,90008515024789,90008588019099,90008661018834,90008734017873,90008807017369,90008880019518,90008953017344,90009026016691,90009099019938,90009172021673,90009245023305,90009318017288,90009391020238,90009464018889,90009537017487,90009610026214,90009683020717,90009756019329,90009829020005,90009902019941,90009975017356,90010048019936,90010121019006,90010194020012,90010267016609,90010340019749,90010413019217,90010486018755,90010559019719,90010632021963,90010705018665,90010778017863,90010851028370,90010924025554,90010997018929,90011070022736,90011141019423,90011214019012,90011287018520,90011360021857,90011433018226,90011506018558,90011579018633,90011652016264,90011725018187,90011798018771,90011871016383,90011944018066,90012017017322,90012082019325,90012155017173,90012228021543,90012301017892,90012374017651,90012447027744,90012520018089,90012593019227,90012666018870,90012739016140,90012812020466,90012885017356,90012954019553,90013027019228,90013100020715,90013173019602,90013246017885,90013319017778,90013392016860,90013465017666,90013538018885,90013611026284,90013684018916,90013757019783,90013830018110,90013903018862,90013914612168]}],"extra":null,"label":"dgemm"},{"executions":[],"extra":null,"label":"sgemm_notrans"},{"executions":[],"extra":null,"label":"sgemm"},{"executions":[],"extra":null,"label":"dgemv"},{"executions":[],"extra":null,"label":"sgemv"}]}],"idle":[],"units":{"energy":"J","power":"W","time":"ns"}}