{"format":{"cpu":["energy"],"gpu":[]},"groups":[{"extra":null,"label":null,"sections":[{"executions":[],"extra":null,"label":"dgemm_notrans"},{"executions":[{"cpu":[{"cores":[[123395.886437],[123400.096204],[123407.83831],[123415.536594],[123423.299819],[123431.109857],[123438.881627],[123446.727432],[123454.524531],[123462.390234],[123470.260819],[123478.137325],[123485.914221],[123493.783464],[123501.598141],[123509.450172],[123517.251299],[123525.096372],[123532.890175],[123540.733356],[123548.564757],[123556.396219],[123564.252522],[123572.073852],[123579.917643],[123587.709432],[123595.585572],[123603.380901],[123611.328878],[123619.170594],[123627.076397],[123634.86428],[123642.746584],[123650.551861],[123658.41732],[123666.251528],[123674.103864],[123681.953942],[123689.811588],[123697.646834],[123705.478357],[123713.327519],[123721.163436],[123729.020838],[123736.838689],[123744.733017],[123752.5834],[123760.524541],[123768.312607],[123776.20779],[123783.979682],[123791.853197],[123799.632168],[123807.501045],[123815.34099],[123823.207181],[123831.057076],[123838.919787],[123846.774565],[123854.611093],[123862.462757],[123870.274505],[123878.13978],[123885.935963],[123893.800689],[123901.671397],[123909.503469],[123915.545019],[123923.431534],[123931.241695],[123939.058508],[123946.87343],[123954.682675],[123962.503211],[123970.338457],[123978.139219],[123985.993813],[123993.817767],[124001.626646],[124008.888713],[124016.706259],[124024.516114],[124032.321392],[124040.176535],[124048.018068],[124055.855511],[124063.685325],[124071.495486],[124079.312788],[124087.132897],[124094.966068],[124102.77928],[124110.63479],[124118.434453],[124126.248581],[124134.071925],[124141.898687],[124149.709519],[124157.504543],[124165.324836],[124173.108324],[124176.05131]],"dram":[[149977.686429],[149977.941372],[149978.294887],[149978.655421],[149979.011438],[149979.364281],[149979.72036],[149980.072409],[149980.429342],[149980.778951],[149981.137714],[149981.486468],[149981.846025],[149982.193925],[149982.553055],[149982.902053],[149983.260695],[149983.611402],[149983.968029],[149984.320995],[149984.676218],[149985.029977],[149985.383553],[149985.73896],[149986.091742],[149986.448187],[149986.799504],[149987.157291],[149987.507571],[149987.867067],[149988.217408],[149988.576477],[149988.925109],[149989.284178],[149989.634275],[149989.992062],[149990.343074],[149990.699946],[149991.051873],[149991.406243],[149991.760734],[149992.114432],[149992.469778],[149992.823414],[149993.180347],[149993.532092],[149993.890428],[149994.239976],[149994.599106],[149994.946517],[149995.306135],[149995.654828],[149996.013958],[149996.364909],[149996.722452],[149997.073648],[149997.429238],[149997.782508],[149998.136816],[149998.491857],[149998.845127],[149999.201206],[149999.552462],[149999.909517],[150000.260041],[150000.620025],[150000.979949],[150001.339628],[150001.693997],[150002.047329],[150002.399989],[150002.752771],[150003.10537],[150003.457726],[150003.81124],[150004.164755],[150004.518392],[150004.871723],[150005.224567],[150005.551775],[150005.904863],[150006.258561],[150006.611953],[150006.965163],[150007.319288],[150007.672986],[150008.025829],[150008.378733],[150008.731577],[150009.084298],[150009.43708],[150009.790534],[150010.143988],[150010.496465],[150010.848881],[150011.202029],[150011.554751],[150011.907716],[150012.260743],[150012.614868],[150012.9718],[150013.095457]],"gpu":[],"package":[[78062.072865],[78065.319866],[78073.2228],[78081.077516],[78088.96983],[78096.941978],[78104.856874],[78112.888104],[78120.900168],[78128.92566],[78136.857586],[78144.85134],[78152.797547],[78160.799541],[78168.779684],[78176.769166],[78184.743877],[78192.723226],[78200.679139],[78208.660197],[78216.645162],[78224.616333],[78232.631877],[78240.59847],[78248.620178],[78256.557414],[78264.654134],[78272.621154],[78280.667642],[78288.618306],[78296.646728],[78304.603677],[78312.628803],[78320.590392],[78328.600686],[78336.589435],[78344.586485],[78352.601052],[78360.595477],[78368.591307],[78376.563942],[78384.584063],[78392.552671],[78400.563942],[78408.593829],[78416.680783],[78424.643043],[78432.679033],[78440.618344],[78448.641456],[78456.588701],[78464.595455],[78472.539161],[78480.540056],[78488.544918],[78496.551611],[78504.561173],[78512.560176],[78520.575354],[78528.559281],[78536.573481],[78544.519689],[78552.551712],[78560.572993],[78568.621983],[78576.544326],[78584.514399],[78590.910928],[78598.760273],[78606.718444],[78614.68284],[78622.64455],[78630.605467],[78638.57261],[78646.595417],[78654.552244],[78662.525246],[78670.492999],[78678.45233],[78685.848002],[78693.810811],[78701.808898],[78709.782938],[78717.749653],[78725.731383],[78733.71348],[78741.696369],[78749.658751],[78757.625833],[78765.604878],[78773.624816],[78781.581399],[78789.553547],[78797.499449],[78805.460183],[78813.435932],[78821.410826],[78829.365273],[78837.357257],[78845.32617],[78853.244485],[78857.305693]],"socket":0,"sys":[],"uncore":[]}],"range":{"end":{"absolute_address":"0x403f17","compilation_unit":null,"function_return":true},"start":{"address":"0x402df0","compilation_unit":{"path":"/home/vlad/energy-profiler-evaluation/cblas/cblas.cpp"},"function_call":{"function":{"declared":{"column":16,"file":"/home/vlad/energy-profiler-evaluation/cblas/cblas.cpp","line":41},"static":true},"symbol":{"address":"0x402df0","binding":"local","demangled_name":"void (anonymous namespace)::detail::gemm_compute<(anonymous namespace)::detail::transpose, double>(unsigned long, unsigned long, unsigned long, unsigned long, double const*, double const*, double*)","local_entrypoint":"0x402df0","mangled_name":"_ZN12_GLOBAL__N_16detail12gemm_computeINS0_9transposeEdEEvmmmmPKT0_S5_PS3_","size":"0xa4"}}}},"sample_times":[1491589485246471,1491589536030886,1491589620021039,1491589704023425,1491589788023747,1491589872018141,1491589956016909,1491590040030111,1491590124018997,1491590208028175,1491590292020440,1491590376015826,1491590460017493,1491590544021545,1491590628017347,1491590712018234,1491590796021619,1491590880018631,1491590964019465,1491591048019056,1491591132025383,1491591216020691,1491591300019449,1491591384017868,1491591468028128,1491591552027790,1491591636027935,1491591720020918,1491591804016973,1491591888019079,1491591972018697,1491592056027257,1491592140019872,1491592224019254,1491592308016451,1491592392017858,1491592476017529,1491592560026659,1491592644018777,1491592728018819,1491592812017094,1491592896018861,1491592980019911,1491593064026052,1491593148021678,1491593232018576,1491593316020149,1491593400017316,1491593484018999,1491593568018231,1491593652020469,1491593736017384,1491593820020801,1491593904018732,1491593988025234,1491594072017184,1491594156017474,1491594240017287,1491594324019368,1491594408017785,1491594492018478,1491594576016769,1491594660015733,1491594744017201,1491594828019250,1491594912024149,1491594996016312,1491595080025892,1491595164019010,1491595248018601,1491595332019918,1491595416016280,1491595500016933,1491595584016791,1491595668024768,1491595752018161,1491595836019469,1491595920023597,1491596004020810,1491596082020713,1491596166018182,1491596250023889,1491596334017979,1491596418019691,1491596502021773,1491596586020150,1491596670021896,1491596754017800,1491596838026917,1491596922026849,1491597006017716,1491597090018150,1491597174016045,1491597258022636,1491597342017815,1491597426017857,1491597510018517,1491597594015566,1491597678017576,1491597762018468,1491597846026930,1491597896890090]}],"extra":null,"label":"dgemm"},{"executions":[],"extra":null,"label":"sgemm_notrans"},{"executions":[],"extra":null,"label":"sgemm"},{"executions":[],"extra":null,"label":"dgemv"},{"executions":[],"extra":null,"label":"sgemv"}]}],"idle":[],"units":{"energy":"J","power":"W","time":"ns"}}