{"format":{"cpu":["energy"],"gpu":[]},"groups":[{"extra":null,"label":null,"sections":[{"executions":[{"cpu":[{"cores":[[28619.11222],[28622.850919],[28630.287668],[28637.892018],[28645.422761],[28652.433119],[28659.591609],[28666.709816],[28673.929463],[28680.834474],[28688.237348],[28695.759851],[28703.459538],[28710.425951],[28717.622893],[28724.79652],[28731.854485],[28738.91831],[28746.475542],[28753.974973],[28761.289102],[28768.896566],[28776.582642],[28784.36729],[28791.499352],[28799.052739],[28806.70311],[28813.84512],[28821.366829],[28828.835499],[28835.818147],[28842.874587],[28850.061763],[28857.333961],[28864.339559],[28871.784913],[28879.476788],[28886.706689],[28894.291631],[28901.706651],[28908.102203],[28915.792308],[28923.12371],[28930.529697],[28938.032302],[28944.978085],[28952.58799],[28960.348834],[28967.603332],[28975.135479],[28982.361657],[28989.552861],[28996.910692],[29004.106474],[29011.629831],[29018.794974],[29025.795749],[29033.496535],[29040.970515],[29048.762182],[29056.135882],[29063.888547],[29070.818095],[29078.46517],[29085.869021],[29093.675397],[29100.900782],[29108.382391],[29115.387927],[29122.692657],[29130.043041],[29137.262566],[29144.646886],[29151.882463],[29159.388852],[29166.358195],[29172.567652],[29180.048284],[29187.1859],[29194.383758],[29201.673961],[29208.957268],[29216.380161],[29223.734208],[29231.012814],[29238.402566],[29245.665853],[29252.967409],[29260.336958],[29267.715723],[29275.03321],[29282.224842],[29289.564483],[29296.684949],[29303.890741],[29311.016943],[29318.129474],[29325.144776],[29331.739729],[29335.165441],[29341.354329],[29349.176452],[29357.019145],[29364.835714],[29372.663148],[29380.477642],[29388.029441],[29395.221439],[29402.418198],[29409.607267],[29416.7978],[29423.670219],[29430.861607],[29438.086137],[29442.981022]],"dram":[[117558.932324],[117559.182385],[117559.530528],[117559.878245],[117560.234018],[117560.599923],[117560.96955],[117561.339056],[117561.708501],[117562.077214],[117562.440982],[117562.802493],[117563.157167],[117563.524842],[117563.894226],[117564.264037],[117564.615171],[117564.978207],[117565.338192],[117565.699519],[117566.062433],[117566.408562],[117566.757438],[117567.118094],[117567.480093],[117567.841542],[117568.20232],[117568.566516],[117568.927355],[117569.292283],[117569.66124],[117570.03099],[117570.400557],[117570.769269],[117571.136395],[117571.497844],[117571.850321],[117572.21232],[117572.566872],[117572.866004],[117573.218359],[117573.564123],[117573.916844],[117574.279331],[117574.644076],[117575.009859],[117575.357514],[117575.704315],[117576.066863],[117576.427946],[117576.792996],[117577.161831],[117577.512782],[117577.875879],[117578.236962],[117578.582054],[117578.935935],[117579.285788],[117579.63490800001],[117579.981037],[117580.330585],[117580.673907],[117581.042131],[117581.412552],[117581.748367],[117582.090834],[117582.452161],[117582.809521],[117583.178051],[117583.541636],[117583.902658],[117584.264901],[117584.625679],[117584.986945],[117585.341803],[117585.650212],[117586.014469],[117586.375552],[117586.739199],[117587.10132],[117587.466187],[117587.82434],[117588.177061],[117588.536863],[117588.894345],[117589.246273],[117589.607722],[117589.96441],[117590.316277],[117590.671501],[117591.03118],[117591.382925],[117591.730885],[117592.090687],[117592.443835],[117592.798143],[117593.151475],[117593.50914],[117593.853499],[117594.211531],[117594.499982],[117594.811932],[117595.124004],[117595.436137],[117595.748453],[117596.060891],[117596.364357],[117596.640113],[117596.915748],[117597.191504],[117597.467443],[117597.730015],[117598.005833],[117598.282321],[117598.425937]],"gpu":[],"package":[[99632.485479],[99635.317564],[99642.786844],[99650.589071],[99658.286317],[99665.576642],[99672.776575],[99680.066473],[99687.403185],[99694.70596200001],[99701.968028],[99709.675528],[99717.449739],[99724.677809],[99732.02209],[99739.368201],[99746.500873],[99753.738465],[99761.386211],[99769.066612],[99776.660708],[99784.261763],[99792.122644],[99799.966374],[99807.335312],[99814.995388],[99822.769416],[99830.074939],[99837.774627],[99845.392832],[99852.553886],[99859.825107],[99867.104324],[99874.68658],[99881.634378],[99889.245442],[99897.101135],[99904.457561],[99912.160545],[99919.940798],[99926.256944],[99934.065579],[99941.738594],[99949.164905],[99956.769317],[99963.973339],[99971.574516],[99979.481417],[99986.935561],[99994.593378],[100002.102392],[100009.335589],[100016.765868],[100024.187663],[100031.82247],[100039.15375],[100046.269515],[100054.16189],[100061.743414],[100069.647202],[100077.188686],[100085.081916],[100092.203541],[100099.957122],[100107.519114],[100115.435293],[100122.863008],[100130.603406],[100137.686823],[100145.170385],[100152.584245],[100160.01135],[100167.439676],[100174.876974],[100182.646485],[100189.828962],[100196.03024],[100203.569344],[100210.904531],[100218.300874],[100225.683607],[100233.086054],[100240.664892],[100248.18599],[100255.670774],[100263.141946],[100270.623555],[100278.046388],[100285.553204],[100293.036034],[100300.530583],[100307.943101],[100315.337796],[100322.630502],[100330.001089],[100337.280916],[100344.572157],[100351.751399],[100358.570046],[100362.58914],[100368.27101],[100376.229242],[100384.211216],[100392.16133],[100400.117547],[100408.079685],[100416.0204],[100423.153072],[100430.467628],[100437.781391],[100445.090027],[100452.417706],[100459.373255],[100466.7237],[100472.67742]],"socket":0,"sys":[],"uncore":[]}],"range":{"end":{"absolute_address":"0x408f61","compilation_unit":null,"function_return":true},"start":{"address":"0x405b60","compilation_unit":{"path":"/home/vlad/energy-profiler-evaluation/lapacke/lapacke.cpp"},"function_call":{"function":{"declared":{"column":25,"file":"/home/vlad/energy-profiler-evaluation/lapacke/lapacke.cpp","line":261},"static":true},"symbol":{"address":"0x405b60","binding":"local","demangled_name":"void (anonymous namespace)::detail::compute::gesv<double>(double*, double*, long long*, unsigned long, unsigned long)","local_entrypoint":"0x405b60","mangled_name":"_ZN12_GLOBAL__N_16detail7compute4gesvIdEEvPT_S4_Pxmm","size":"0x7b"}}}},"sample_times":[93610488397149,93610539034075,93610623014376,93610707014565,93610791027037,93610875022454,93610959025335,93611043020072,93611127019380,93611211023870,93611295018127,93611379030969,93611463017797,93611547017880,93611631032725,93611715026850,93611795019096,93611879021022,93611963021044,93612047024946,93612131018249,93612215017378,93612299015068,93612383026763,93612467018480,93612551017625,93612635021542,93612719021755,93612803018756,93612887020142,93612971026717,93613055029616,93613139017334,93613223018811,93613307023328,93613391017853,93613475018181,93613559019379,93613643021073,93613727031914,93613798021751,93613882014677,93613966023495,93614050019907,93614134027066,93614218018868,93614302016545,93614386015772,93614470021878,93614554019576,93614638045524,93614722026263,93614804016988,93614888017113,93614972017616,93615056026757,93615135029648,93615219015293,93615303018823,93615387024072,93615471019066,93615555046426,93615639017004,93615725019349,93615809016150,93615893018004,93615977018544,93616061019878,93616145025175,93616229026041,93616313013551,93616397014870,93616481038651,93616565016492,93616649019109,93616733016441,93616804034732,93616888016564,93616972018837,93617056026513,93617140016767,93617224017325,93617308031345,93617392022398,93617476048033,93617560017187,93617644022088,93617728026385,93617812030260,93617896016326,93617980015612,93618064021675,93618148018489,93618232022734,93618316025207,93618400021867,93618484019254,93618568034156,93618652038506,93618736010216,93618813024565,93618897034230,93618981015133,93619065015079,93619149013379,93619233016835,93619317013761,93619401013000,93619485012027,93619569014631,93619653013881,93619737012607,93619817013803,93619901013568,93619969006086]}],"extra":null,"label":"dgesv"},{"executions":[],"extra":null,