{"format":{"cpu":["energy"],"gpu":[]},"groups":[{"extra":null,"label":null,"sections":[{"executions":[],"extra":null,"label":"dgesv"},{"executions":[{"cpu":[{"cores":[[202221.326794],[202224.025151],[202230.36974],[202236.741916],[202242.954607],[202249.134706],[202255.582322],[202261.929839],[202268.05519],[202274.569883],[202280.9893],[202287.228176],[202293.692148],[202300.064385],[202306.362709],[202312.515098],[202318.940192],[202325.233938],[202331.752537],[202338.144549],[202344.448122],[202350.973679],[202357.290008],[202363.68025],[202370.159604],[202376.392742],[202382.885096],[202389.314218],[202395.628472],[202402.131446],[202408.48525],[202414.820012],[202421.273914],[202427.514621],[202433.978899],[202440.378052],[202446.686813],[202453.165373],[202459.439099],[202465.9071],[202472.154155],[202478.543543],[202484.939339],[202491.23571],[202497.670447],[202503.853476],[202510.296818],[202516.54137],[202522.951205],[202529.168657],[202535.577515],[202541.813583],[202548.221282],[202554.5016],[202560.757077],[202567.016522],[202573.302455],[202579.553721],[202585.982355],[202592.15165],[202598.459312],[202604.709357],[202611.13732],[202617.40299],[202623.745319],[202630.033572],[202636.26311],[202642.61313],[202648.869584],[202655.128845],[202661.407393],[202667.616667],[202673.81117],[202680.152341],[202686.345989],[202692.502712],[202698.821848],[202705.066889],[202711.262613],[202717.435814],[202723.561714],[202729.767875],[202736.025733],[202742.196554],[202748.320318],[202754.518056],[202760.698277],[202766.859882],[202772.977848],[202779.144153],[202785.294955],[202791.394671],[202797.429323],[202803.509142],[202809.53531],[202815.538041],[202821.535524],[202827.573533],[202833.336641],[202839.208818],[202845.095766],[202850.668872],[202854.541726],[202859.755824],[202866.16102],[202872.601006],[202879.000037],[202885.418844],[202891.806157],[202898.232044],[202904.461703],[202910.639299],[202916.805482],[202922.987412],[202929.154328],[202935.323929],[202941.51361],[202947.68492],[202951.751926]],"dram":[],"gpu":[],"package":[[14873.127635],[14875.894717],[14881.389821],[14887.87186],[14894.233538],[14900.513612],[14907.086044],[14913.615507],[14919.796827],[14926.431209],[14933.010904],[14939.346276],[14945.946906],[14952.479604],[14958.851597],[14965.470233],[14971.700747],[14978.090134],[14984.733611],[14991.272535],[14997.678707],[15004.339762],[15010.817407],[15017.280464],[15023.870535],[15030.284703],[15036.857318],[15043.436891],[15049.844895],[15056.47531],[15062.988782],[15069.424373],[15076.035501],[15082.398156],[15088.98664],[15095.513357],[15101.926915],[15108.539874],[15114.938234],[15121.52922],[15128.043242],[15134.390882],[15140.925045],[15147.332255],[15153.885522],[15160.185738],[15166.763358],[15173.124303],[15179.650043],[15186.091128],[15192.572801],[15199.016998],[15205.412612],[15211.92645],[15218.238934],[15224.659205],[15231.057016],[15237.524773],[15243.965369],[15250.306112],[15256.784306],[15263.058948],[15269.632174],[15276.036637],[15282.511596],[15288.87126],[15295.242826],[15301.740368],[15308.104121],[15314.592874],[15320.909386],[15327.20063],[15333.640616],[15340.026586],[15346.373066],[15352.619998],[15359.079516],[15365.425386],[15371.746781],[15378.079162],[15384.320418],[15390.664701],[15397.022229],[15403.350215],[15409.580729],[15415.889551],[15422.200631],[15428.483574],[15434.785499],[15441.021139],[15447.299993],[15453.530446],[15459.681309],[15465.901203],[15472.064334],[15478.209216],[15484.350923],[15490.452592],[15496.374391],[15502.386339],[15508.396028],[15514.148638],[15518.520392],[15523.348443],[15529.874305],[15536.410605],[15542.935368],[15549.470752],[15555.972322],[15562.49379],[15568.869384],[15575.1602],[15581.430509],[15587.723828],[15593.991451],[15600.275798],[15606.562586],[15612.854318],[15617.883357]],"socket":0,"sys":[],"uncore":[]}],"range":{"end":{"absolute_address":"0x408b59","compilation_unit":null,"function_return":true},"start":{"address":"0x405be0","compilation_unit":{"path":"/home/vlad/energy-profiler-evaluation/lapacke/lapacke.cpp"},"function_call":{"function":{"declared":{"column":25,"file":"/home/vlad/energy-profiler-evaluation/lapacke/lapacke.cpp","line":261},"static":true},"symbol":{"address":"0x405be0","binding":"local","demangled_name":"void (anonymous namespace)::detail::compute::gesv<float>(float*, float*, long long*, unsigned long, unsigned long)","local_entrypoint":"0x405be0","mangled_name":"_ZN12_GLOBAL__N_16detail7compute4gesvIfEEvPT_S4_Pxmm","size":"0x7b"}}}},"sample_times":[96559669661606,96559720029900,96559782023936,96559855016527,96559928029415,96560001017477,96560074017328,96560147032859,96560218020060,96560291015084,96560364029636,96560437015832,96560510012558,96560583012250,96560656015319,96560729021492,96560798011263,96560871017960,96560944015019,96561017010311,96561090012376,96561163013239,96561236012545,96561309036382,96561382013854,96561455026370,96561528015160,96561601020362,96561674017144,96561747014600,96561820028442,96561893015878,96561966016318,96562039033453,96562112012709,96562185014687,96562258032301,96562331014335,96562404021261,96562477035175,96562550030687,96562623013091,96562696013445,96562769017887,96562842013181,96562915015582,96562988014099,96563061019047,96563134014967,96563207023490,96563280060397,96563353020294,96563426013816,96563499014770,96563572017187,96563645022338,96563718018084,96563791024675,96563864015854,96563937025675,96564010024386,96564082033599,96564155014043,96564228015274,96564301013444,96564374016184,96564447027939,96564520012168,96564593017594,96564666014848,96564739011244,96564812015261,96564885028433,96564958014558,96565031015270,96565104014335,96565177011536,96565250011743,96565323017143,96565396016676,96565469029855,96565542013155,96565615018006,96565688011399,96565761024499,96565834027636,96565907015039,96565980015111,96566053015608,96566126016688,96566199013871,96566272010972,96566345023040,96566418011419,96566491013682,96566564039764,96566637015168,96566710027591,96566781024050,96566854013359,96566927022201,96567000024152,96567073009032,96567146026484,96567219013139,96567292011777,96567365020139,96567438014470,96567511019370,96567584010717,96567657015869,96567730009717,96567803012607,96567876012561,96567949013484,96568022013025,96568095012753,96568168012365,96568226439781]}],"extra":null,"label":"sgesv"},{"executions":[],"extra":null,"label":"dgetrs"},{"executions":[],"extra":null,"label":"sgetrs"},{"executions":[],"extra":null,"label":"dgels"},{"executions":[],"extra":null,"label":"sgels"},{"executions":[],"extra":null,"label":"dgetri"},{"executions":[],"extra":null,"label":"sgetri"},{"executions":[],"extra":null,"label":"dgetrf"},{"executions":[],"extra":null,"label":"sgetrf"},{"executions":[],"extra":null,"label":"dtptri"},{"executions":[],"extra":null,"label":"stptri"},{"executions":[],"extra":null,"label":"dtrtri"},{"executions":[],"extra":null,"label":"strtri"},{"executions":[],"extra":null,"label":"dpotrf"},{"executions":[],"extra":null,"label":"spotrf"}]}],"idle":[],"units":{"energy":"J","power":"W","time":"ns"}}