{"format":{"cpu":["energy"],"gpu":[]},"groups":[{"extra":null,"label":null,"sections":[{"executions":[{"cpu":[{"cores":[[112960.602421],[112963.789242],[112970.203715],[112976.783227],[112983.315498],[112989.974172],[112995.85111],[113002.005941],[113008.240361],[113014.457996],[113020.801791],[113026.980913],[113033.449403],[113039.965072],[113046.787381],[113052.807446],[113059.299068],[113065.861551],[113072.596824],[113078.627388],[113085.205191],[113091.889561],[113098.651995],[113104.934998],[113111.471176],[113118.054838],[113124.766124],[113130.680111],[113136.926372],[113143.182581],[113149.720406],[113155.602776],[113161.829018],[113168.08834],[113174.725713],[113180.592581],[113186.813451],[113193.073201],[113199.393314],[113205.388294],[113211.621432],[113217.981523],[113224.291077],[113230.818404],[113237.347867],[113243.81239],[113249.890743],[113256.424601],[113263.094994],[113268.634103],[113275.114189],[113281.604712],[113287.913778],[113294.633304],[113301.404283],[113307.714387],[113314.38362],[113321.123349],[113327.385418],[113334.221399],[113340.880195],[113347.038016],[113353.53092],[113359.859761],[113366.065128],[113372.375659],[113378.594515],[113385.107255],[113391.803588],[113397.895735],[113404.457425],[113410.6609],[113416.856685],[113423.343485],[113429.310145],[113435.611459],[113441.754937],[113448.077186],[113454.312034],[113460.927251],[113467.290821],[113473.771823],[113480.034624],[113486.648621],[113492.975265],[113499.380583],[113505.436293],[113511.083007],[113517.385114],[113523.92532],[113530.272533],[113536.733576],[113543.33445],[113549.64315],[113556.024664],[113562.493764],[113568.76865],[113575.133136],[113581.497987],[113587.890488],[113594.452422],[113600.266555],[113606.601561],[113612.897809],[113619.177151],[113625.436413],[113631.777034],[113638.122293],[113644.270471],[113650.509713],[113656.706352],[113662.879005],[113669.004966],[113674.708076],[113677.859313],[113682.908739],[113689.697295],[113696.509839],[113703.304133],[113710.076394],[113716.869528],[113723.66663],[113730.455797],[113736.514314],[113742.755387],[113748.322389],[113752.679983],[113759.001683],[113765.604511],[113771.162968],[113777.50365],[113783.779391],[113786.129544]],"dram":[],"gpu":[],"package":[[180098.811101],[180101.698057],[180107.51872],[180114.260463],[180120.994211],[180127.736503],[180133.781593],[180140.115256],[180146.404363],[180152.759632],[180159.395175],[180165.522173],[180172.143372],[180178.76573],[180185.686611],[180191.828014],[180198.473505],[180205.164833],[180211.968954],[180218.223576],[180224.872058],[180231.695099],[180238.561903],[180244.949033],[180251.650554],[180258.361779],[180265.187689],[180271.309195],[180277.683019],[180284.063312],[180290.683352],[180296.738695],[180303.101838],[180309.481399],[180316.195005],[180322.270307],[180328.596218],[180334.95692],[180341.575128],[180347.566995],[180353.922325],[180360.327583],[180366.89269],[180373.460422],[180380.090532],[180386.880005],[180392.949813],[180399.558256],[180406.328991],[180411.99609],[180418.649333],[180425.224267],[180431.635872],[180438.517019],[180445.373813],[180451.896562],[180458.627258],[180465.46629],[180471.927211],[180478.815438],[180485.745413],[180491.96488],[180498.560505],[180505.239077],[180511.392503],[180517.7753],[180524.163711],[180530.79315],[180537.567302],[180543.860072],[180550.472848],[180556.911064],[180563.220679],[180569.78658],[180575.934513],[180582.309009],[180588.646639],[180595.04445],[180601.58728],[180608.13719],[180614.83633],[180621.253855],[180627.80932],[180634.361061],[180640.988363],[180647.370976],[180653.772815],[180659.28867],[180665.767291],[180672.415956],[180678.864609],[180685.62509],[180692.145153],[180698.660945],[180705.219034],[180711.746178],[180718.14643],[180724.670827],[180731.145054],[180737.799761],[180744.355469],[180750.2827],[180756.732207],[180763.188307],[180769.607419],[180776.064128],[180782.425257],[180788.918893],[180795.225273],[180801.643713],[180807.968832],[180814.224309],[180820.47356],[180826.414402],[180830.154932],[180834.697218],[180841.597408],[180848.525185],[180855.439291],[180862.327762],[180869.233872],[180876.140471],[180883.058544],[180889.310542],[180895.645121],[180902.005639],[180906.705212],[180912.16638],[180918.870037],[180924.708462],[180930.969737],[180937.351252],[180940.687974]],"socket":0,"sys":[],"uncore":[]}],"range":{"end":{"absolute_address":"0x408f61","compilation_unit":null,"function_return":true},"start":{"address":"0x405b60","compilation_unit":{"path":"/home/vlad/energy-profiler-evaluation/lapacke/lapacke.cpp"},"function_call":{"function":{"declared":{"column":25,"file":"/home/vlad/energy-profiler-evaluation/lapacke/lapacke.cpp","line":261},"static":true},"symbol":{"address":"0x405b60","binding":"local","demangled_name":"void (anonymous namespace)::detail::compute::gesv<double>(double*, double*, long long*, unsigned long, unsigned long)","local_entrypoint":"0x405b60","mangled_name":"_ZN12_GLOBAL__N_16detail7compute4gesvIdEEvPT_S4_Pxmm","size":"0x7b"}}}},"sample_times":[90593466175539,90593517029454,90593583021086,90593656016035,90593729027679,90593802019172,90593875018694,90593948016093,90594021018633,90594094018061,90594167025032,90594240018719,90594313018013,90594386015331,90594459028853,90594532023538,90594605018390,90594678018668,90594751033138,90594824021557,90594897015739,90594970025935,90595043018560,90595116019847,90595189013240,90595262014081,90595335017693,90595408024390,90595481018462,90595554026404,90595627017294,90595700017011,90595773023592,90595846022404,90595919022929,90595992032888,90596065019164,90596138020102,90596211031924,90596284015732,90596357018811,90596430017147,90596503028209,90596576021200,90596649016847,90596722017363,90596795024986,90596868018410,90596941017303,90597008039235,90597081039789,90597154025821,90597227016949,90597300016549,90597373015236,90597446017767,90597519040143,90597592013732,90597665015276,90597740013807,90597813023985,90597886029992,90597959019860,90598032028764,90598105020598,90598178018472,90598251025950,90598324017996,90598397014389,90598470021315,90598543015386,90598616019501,90598689044867,90598762016719,90598835025575,90598908016666,90598981021575,90599054017576,90599127020246,90599200019107,90599273024520,90599346016254,90599419018470,90599492016439,90599565036283,90599638017791,90599711018581,90599771016561,90599844018375,90599917016003,90599990015420,90600063024801,90600136015810,90600209037446,90600282025130,90600355022811,90600428020789,90600501017362,90600574028645,90600647027248,90600720016032,90600787014259,90600860016706,90600933018754,90601006036525,90601079030865,90601152022736,90601225016192,90601298017604,90601371021544,90601444026448,90601517015979,90601590034618,90601663035581,90601736017800,90601809024211,90601882014919,90601955016109,90602028022907,90602101033180,90602174016404,90602247020842,90602320013260,90602393036080,90602466015189,90602539014331,90602593018861,90602656015572,90602733014450,90602800020744,90602872011741,90602945013439,90602983044645]}],"extra":null,"label":"dgesv"},{"executions":[],"extra":null,"label":"sgesv"},{"executions":[],"extra":null,"label":"dgetrs"},{"executions":[],"extra":null,"label":"sgetrs"},{"executions":[],"extra":null,"label":"dgels"},{"executions":[],"extra":null,"label":"sgels"},{"executions":[],"extra":null,"label":"dgetri"},{"executions":[],"extra":null,"label":"sgetri"},{"executions":[],"extra":null,"label":"dgetrf"},{"executions":[],"extra":null,"label":"sgetrf"},{"executions":[],"extra":null,"label":"dtptri"},{"executions":[],"extra":null,"label":"stptri"},{"executions":[],"extra":null,"label":"dtrtri"},{"executions":[],"extra":null,"label":"strtri"},{"executions":[],"extra":null,"label":"dpotrf"},{"executions":[],"extra":null,"label":"spotrf"}]}],"idle":[],"units":{"energy":"J","power":"W","time":"ns"}}