{"format":{"cpu":["energy"],"gpu":[]},"groups":[{"extra":null,"label":null,"sections":[{"executions":[],"extra":null,"label":"dgemm_notrans"},{"executions":[{"cpu":[{"cores":[[11123.654567],[11132.346562],[11142.985328],[11154.535836],[11166.731667],[11176.975964],[11186.313098],[11195.590601],[11204.959962],[11214.180642],[11223.500747],[11233.069265],[11242.376614],[11251.695316],[11261.013347],[11270.318254],[11279.554864],[11288.773407],[11298.12342],[11307.427473],[11316.726339],[11326.061032],[11335.353305],[11344.719065],[11353.882127],[11363.213097],[11372.695373],[11382.374425],[11391.697643],[11400.973315],[11410.307947],[11419.513368],[11428.869362],[11438.179946],[11447.509451],[11456.859525],[11466.159245],[11475.53361],[11484.725542],[11494.10296],[11503.454804],[11512.765876],[11522.113935],[11531.418599],[11540.788936],[11549.953098],[11559.272532],[11568.552964],[11577.855858],[11587.153259],[11596.506506],[11605.785962],[11615.118336],[11624.35464],[11633.256412],[11641.376936],[11650.634969],[11659.930538],[11669.212924],[11678.461802],[11687.92479],[11697.21981],[11706.486327],[11715.736792],[11725.021192],[11734.298878],[11743.556972],[11752.805178],[11762.096353],[11771.390946],[11780.609612],[11789.888213],[11799.177801],[11808.47276],[11817.702046],[11826.979183],[11836.267794],[11845.558664],[11854.796433],[11864.076561],[11873.36206],[11882.546179],[11891.698194],[11893.941353]],"dram":[[216605.537102],[216605.992179],[216606.468557],[216607.051624],[216607.613268],[216608.041734],[216608.46727],[216608.895308],[216609.316938],[216609.749371],[216610.169719],[216610.61088],[216611.035134],[216611.461708],[216611.889991],[216612.317358],[216612.746495],[216613.176975],[216613.599642],[216614.027375],[216614.451935],[216614.877105],[216615.305753],[216615.727933],[216616.159206],[216616.583155],[216617.019372],[216617.46096],[216617.885031],[216618.31423],[216618.736836],[216619.16756],[216619.589556],[216620.0179],[216620.443008],[216620.867751],[216621.296156],[216621.717663],[216622.149059],[216622.571787],[216622.999703],[216623.424141],[216623.849067],[216624.277349],[216624.702458],[216625.134281],[216625.56061],[216625.990907],[216626.419067],[216626.847106],[216627.270506],[216627.699887],[216628.119624],[216628.551813],[216628.993279],[216629.421562],[216629.846793],[216630.271413],[216630.695607],[216631.120166],[216631.552477],[216631.976609],[216632.400863],[216632.825423],[216633.250715],[216633.675579],[216634.100932],[216634.52482],[216634.948831],[216635.372963],[216635.798926],[216636.222692],[216636.645787],[216637.070407],[216637.496065],[216637.920259],[216638.34378],[216638.767974],[216639.19296],[216639.617215],[216640.041225],[216640.460535],[216640.889672],[216641.026086]],"gpu":[],"package":[[12260.370835],[12268.342311],[12279.242734],[12290.836943],[12303.248227],[12314.651518],[12324.267766],[12333.720622],[12343.270097],[12352.682061],[12362.17929],[12371.934758],[12381.422954],[12390.918047],[12400.417595],[12409.908232],[12419.330083],[12428.721478],[12438.25191],[12447.743036],[12457.216827],[12466.732611],[12476.206647],[12485.752704],[12495.09759],[12504.608979],[12514.281928],[12524.142864],[12533.646502],[12543.103875],[12552.623443],[12562.005866],[12571.54234],[12581.04018],[12590.545587],[12600.075043],[12609.557135],[12619.111554],[12628.484821],[12638.04278],[12647.576447],[12657.067695],[12666.596174],[12676.0826],[12685.633723],[12694.984834],[12704.481514],[12713.944869],[12723.427877],[12732.906734],[12742.439852],[12751.901803],[12761.417342],[12770.826376],[12779.923399],[12788.226722],[12797.665296],[12807.14153],[12816.604213],[12826.034792],[12835.680092],[12845.156569],[12854.606557],[12864.028652],[12873.491824],[12882.950234],[12892.398147],[12901.817252],[12911.2944],[12920.763492],[12930.168253],[12939.627702],[12949.091361],[12958.572721],[12967.983586],[12977.440044],[12986.902727],[12996.380425],[13005.792388],[13015.258612],[13024.724591],[13034.074786],[13043.420222],[13045.730579]],"socket":0,"sys":[],"uncore":[]}],"range":{"end":{"absolute_address":"0x403f17","compilation_unit":null,"function_return":true},"start":{"address":"0x402df0","compilation_unit":{"path":"/home/vlad/energy-profiler-evaluation/cblas/cblas.cpp"},"function_call":{"function":{"declared":{"column":16,"file":"/home/vlad/energy-profiler-evaluation/cblas/cblas.cpp","line":41},"static":true},"symbol":{"address":"0x402df0","binding":"local","demangled_name":"void (anonymous namespace)::detail::gemm_compute<(anonymous namespace)::detail::transpose, double>(unsigned long, unsigned long, unsigned long, unsigned long, double const*, double const*, double*)","local_entrypoint":"0x402df0","mangled_name":"_ZN12_GLOBAL__N_16detail12gemm_computeINS0_9transposeEdEEvmmmmPKT0_S5_PS3_","size":"0xa4"}}}},"sample_times":[1654026559945485628,1654026560045718897,1654026560166712391,1654026560290708449,1654026560424708256,1654026560545711396,1654026560647713374,1654026560748722639,1654026560849706739,1654026560950717226,1654026561051709826,1654026561155707227,1654026561256704134,1654026561357709746,1654026561458707474,1654026561559709070,1654026561660713741,1654026561761710451,1654026561862717431,1654026561963705703,1654026562064715769,1654026562165707566,1654026562266708371,1654026562367707814,1654026562468707787,1654026562569707888,1654026562672709284,1654026562777714387,1654026562878708925,1654026562979710864,1654026563080728278,1654026563181707035,1654026563282708064,1654026563383708098,1654026563484713106,1654026563585706137,1654026563686711045,1654026563787707657,1654026563888707665,1654026563989708028,1654026564090707426,1654026564191716396,1654026564292707777,1654026564393710109,1654026564494708481,1654026564595719357,1654026564696705394,1654026564797707837,1654026564898707796,1654026564999705900,1654026565100708069,1654026565201708650,1654026565302715110,1654026565403715740,1654026565506710710,1654026565607708466,1654026565708708509,1654026565809706242,1654026565910708508,1654026566011708157,1654026566114708226,1654026566215712408,1654026566316713375,1654026566417708165,1654026566518714075,1654026566619709396,1654026566720711238,1654026566821708904,1654026566922707309,1654026567023709091,1654026567124712528,1654026567225707275,1654026567326706859,1654026567427708749,1654026567528705226,1654026567629714449,1654026567730706254,1654026567831706548,1654026567932708291,1654026568033706124,1654026568134707244,1654026568234787848,1654026568335713847,1654026568367642706]}],"extra":null,"label":"dgemm"},{"executions":[],"extra":null,"label":"sgemm_notrans"},{"executions":[],"extra":null,"label":"sgemm"},{"executions":[],"extra":null,"label":"dgemv"},{"executions":[],"extra":null,"label":"sgemv"}]}],"idle":[],"units":{"energy":"J","power":"W","time":"ns"}}