{"format":{"cpu":["energy"],"gpu":[]},"groups":[{"extra":null,"label":null,"sections":[{"executions":[{"cpu":[{"cores":[[120828.357975],[120828.488285],[120828.576786],[120828.657779],[120828.786014],[120828.907229],[120829.012637],[120829.102725],[120829.215273],[120829.309572],[120829.415407],[120829.498414],[120829.582826],[120829.666932],[120829.7688],[120829.852051],[120829.95044],[120830.036926],[120830.117309],[120830.210327],[120830.29956],[120830.38092],[120830.476073],[120830.557921],[120830.639708],[120830.745176],[120830.835142],[120830.917356],[120831.002073],[120831.087522],[120831.180478],[120831.286557],[120831.376461],[120831.455441],[120831.539852],[120831.627926],[120831.731563],[120831.820918],[120831.913447],[120832.002742],[120832.088557],[120832.174311],[120832.258783],[120832.341486],[120832.43017],[120832.546624],[120832.641473],[120832.723321],[120832.803582],[120832.888665],[120832.981072],[120833.065849],[120833.153251],[120833.239616],[120833.330436],[120833.440726],[120833.551688],[120833.635245],[120833.718985],[120833.805532],[120833.895376],[120833.988576],[120834.076345],[120834.159718],[120834.246998],[120834.348378],[120834.46056],[120834.548145],[120834.632435],[120834.721973],[120834.818713],[120834.907702],[120834.995349],[120835.090502],[120835.177538],[120835.27318],[120835.359117],[120835.442613],[120835.524339],[120835.609117],[120835.695725],[120835.777085],[120835.860215],[120835.950852],[120836.031967],[120836.143722],[120836.234725],[120836.316207],[120836.396407],[120836.480025],[120836.566084],[120836.659041],[120836.749495],[120836.828718],[120836.931318],[120837.045697],[120837.146832],[120837.233807],[120837.319989],[120837.41209],[120837.484539]],"dram":[[71768.962633],[71769.054552],[71769.147325],[71769.23906],[71769.330857],[71769.42363],[71769.515427],[71769.607223],[71769.699936],[71769.791732],[71769.883468],[71769.976241],[71770.067977],[71770.159773],[71770.252485],[71770.344282],[71770.436018],[71770.527814],[71770.620526],[71770.712323],[71770.805035],[71770.896832],[71770.988568],[71771.081341],[71771.173137],[71771.264873],[71771.357646],[71771.449382],[71771.541178],[71771.633891],[71771.725626],[71771.817484],[71771.909219],[71772.001932],[71772.093667],[71772.185525],[71772.278237],[71772.370034],[71772.461769],[71772.554482],[71772.646278],[71772.738014],[71772.830726],[71772.922523],[71773.014319],[71773.107031],[71773.198828],[71773.290564],[71773.382421],[71773.475072],[71773.566869],[71773.658666],[71773.751378],[71773.843174],[71773.93491],[71774.027622],[71774.119419],[71774.211216],[71774.303928],[71774.395724],[71774.487521],[71774.580172],[71774.671969],[71774.763765],[71774.856478],[71774.948274],[71775.04001],[71775.132722],[71775.224519],[71775.316315],[71775.409027],[71775.500763],[71775.59256],[71775.685272],[71775.777068],[71775.868865],[71775.961577],[71776.053313],[71776.14511],[71776.237883],[71776.329618],[71776.421415],[71776.514066],[71776.605863],[71776.697659],[71776.790372],[71776.882168],[71776.973904],[71777.066738],[71777.158413],[71777.250209],[71777.342006],[71777.434718],[71777.526515],[71777.618372],[71777.711023],[71777.80282],[71777.894617],[71777.987329],[71778.079126],[71778.141503]],"gpu":[],"package":[[168556.544202],[168556.744946],[168556.897594],[168557.045482],[168557.238963],[168557.425974],[168557.598032],[168557.753183],[168557.930795],[168558.089913],[168558.26136],[168558.411201],[168558.561469],[168558.710639],[168558.879889],[168559.028326],[168559.192022],[168559.343145],[168559.490971],[168559.648808],[168559.80286],[168559.950443],[168560.110782],[168560.257754],[168560.404177],[168560.575502],[168560.731813],[168560.879029],[168561.029603],[168561.180542],[168561.34021],[168561.511352],[168561.665954],[168561.811461],[168561.960936],[168562.11334],[168562.28375],[168562.438352],[168562.596005],[168562.751827],[168562.899837],[168563.051753],[168563.203242],[168563.352046],[168563.505854],[168563.686823],[168563.848504],[168563.995354],[168564.140313],[168564.289787],[168564.447258],[168564.597831],[168564.752677],[168564.903494],[168565.060049],[168565.236989],[168565.41155],[168565.558583],[168565.71117],[168565.862415],[168566.017322],[168566.176989],[168566.330309],[168566.478441],[168566.632311],[168566.798875],[168566.976304],[168567.130051],[168567.278488],[168567.432052],[168567.597213],[168567.751021],[168567.903853],[168568.065657],[168568.217695],[168568.378522],[168568.531109],[168568.677899],[168568.82597],[168568.976543],[168569.128825],[168569.27537],[168569.425211],[168569.5814],[168569.727395],[168569.904031],[168570.061989],[168570.208412],[168570.353676],[168570.502113],[168570.651771],[168570.812415],[168570.969641],[168571.114233],[168571.282384],[168571.462743],[168571.629307],[168571.781528],[168571.932407],[168572.090793],[168572.207003]],"socket":0,"sys":[],"uncore":[]}],"range":{"end":{"absolute_address":"0x401c25","compilation_unit":null,"function_return":true},"start":{"address":"0x401e10","compilation_unit":{"path":"/home/vlad/energy-profiler-evaluation/sleep/sleep.cpp"},"function_call":{"function":{"declared":{"column":32,"file":"/home/vlad/energy-profiler-evaluation/sleep/sleep.cpp","line":10},"static":true},"symbol":{"address":"0x401e10","binding":"local","demangled_name":"(anonymous namespace)::sleep(std::chrono::duration<long, std::ratio<1l, 1000l> > const&) [clone .isra.0]","local_entrypoint":"0x401e10","mangled_name":"_ZN12_GLOBAL__N_15sleepERKNSt6chrono8durationIlSt5ratioILl1ELl1000EEEE.isra.0","size":"0x71"}}}},"sample_times":[1652533966340298320,1652533966440603613,1652533966540934283,1652533966641261827,1652533966741582214,1652533966841919842,1652533966942242178,1652533967042561190,1652533967142888924,1652533967243221417,1652533967343549113,1652533967443878287,1652533967544210140,1652533967644540070,1652533967744882069,1652533967845214687,1652533967945540393,1652533968045811306,1652533968146144961,1652533968246467605,1652533968346797573,1652533968447136749,1652533968547477590,1652533968647813656,1652533968748147644,1652533968848477068,1652533968948808906,1652533969049149051,1652533969149485641,1652533969249817283,1652533969350143864,1652533969450476989,1652533969550737294,1652533969651063649,1652533969751396963,1652533969851628474,1652533969951950786,1652533970052276625,1652533970152597251,1652533970252930186,1652533970353254944,1652533970453584796,1652533970553913559,1652533970654253066,1652533970754584224,1652533970854842192,1652533970955075091,1652533971055399396,1652533971155730140,1652533971256069555,1652533971356399835,1652533971456733143,1652533971557065390,1652533971657393542,1652533971757689482,1652533971858024979,1652533971958365102,1652533972058692129,1652533972159027565,1652533972259359259,1652533972359686687,1652533972460022909,1652533972560348400,1652533972660615987,1652533972760939575,1652533972861265922,1652533972961597341,1652533973061926674,1652533973162251283,1652533973262572725,1652533973362899768,1652533973463223198,1652533973563555431,1652533973663885066,1652533973764218252,1652533973864547804,1652533973964884850,1652533974065205437,1652533974165532369,1652533974265867535,1652533974366204035,1652533974466538924,1652533974566872717,1652533974667205795,1652533974767538710,1652533974867770618,1652533974968102002,1652533975068433803,1652533975168762617,1652533975269098562,1652533975369430571,1652533975469689770,1652533975570018146,1652533975670340428,1652533975770617719,1652533975870948955,1652533975971272938,1652533976071589991,1652533976171912992,1652533976272233467,1652533976340477932]}],"extra":null,"label":null}]}],"idle":[],"units":{"energy":"J","power":"W","time":"ns"}}