{"format":{"cpu":["energy"],"gpu":[]},"groups":[{"extra":null,"label":null,"sections":[{"executions":[],"extra":null,"label":"dgemm_notrans"},{"executions":[{"cpu":[{"cores":[[15252.208329],[15261.066217],[15273.478477],[15285.860587],[15298.715901],[15309.927237],[15319.287564],[15328.615299],[15337.936992],[15347.273088],[15356.575921],[15365.804779],[15375.123847],[15384.287093],[15394.13393],[15403.455928],[15412.6113],[15421.86445],[15431.210373],[15440.404564],[15449.588866],[15458.929724],[15468.172681],[15477.330006],[15486.6683],[15495.962771],[15505.126444],[15514.531999],[15523.958],[15533.256987],[15542.588567],[15551.879559],[15561.164753],[15570.48083],[15579.605745],[15588.906869],[15598.241867],[15607.422813],[15616.679076],[15626.013769],[15635.215405],[15644.329274],[15653.568691],[15662.820559],[15672.156107],[15681.432755],[15690.540642],[15699.878692],[15709.16651],[15718.345136],[15727.687947],[15737.009151],[15746.278109],[15755.621591],[15764.926072],[15774.078453],[15783.406371],[15792.56864],[15801.828626],[15811.1787],[15820.472255],[15829.803713],[15839.012308],[15848.201371],[15857.55999],[15866.808746],[15875.952887],[15885.333295],[15894.615986],[15903.79565],[15913.2139],[15922.608346],[15931.999314],[15941.295188],[15950.348266],[15959.491675],[15968.762281],[15978.068471],[15987.336147],[15996.658938],[16005.815348],[16015.193009],[16024.409722],[16033.747283],[16043.173956],[16052.499982],[16061.688252],[16071.032222],[16080.29941],[16089.627999],[16098.833359],[16108.120017],[16117.401305],[16126.725378],[16136.04945],[16145.94829],[16155.230981],[16164.547546],[16173.784827],[16182.992568],[16192.343679],[16201.497769],[16210.773319],[16220.025798],[16229.307696],[16238.663751],[16247.749909],[16257.066475],[16266.294417],[16275.596151],[16284.862485],[16294.121372],[16303.474498],[16312.642321],[16321.926355],[16331.191102],[16340.54795],[16349.76393],[16359.106313],[16368.383572],[16377.699711],[16386.854106],[16396.209307],[16405.496515],[16414.738617],[16424.01905],[16433.370589],[16442.683492],[16451.757443],[16461.067844],[16470.373118],[16479.702013],[16488.853906],[16494.025341]],"dram":[[216832.683798],[216833.133504],[216833.694538],[216834.266313],[216834.860367],[216835.351333],[216835.780836],[216836.211316],[216836.643444],[216837.07551],[216837.508065],[216837.943184],[216838.375373],[216838.812322],[216839.271916],[216839.703311],[216840.139895],[216840.574586],[216841.00647],[216841.441893],[216841.878355],[216842.309689],[216842.743892],[216843.180536],[216843.610833],[216844.043998],[216844.481925],[216844.909658],[216845.341603],[216845.774951],[216846.207079],[216846.638901],[216847.07286],[216847.505659],[216847.943891],[216848.377239],[216848.809489],[216849.245584],[216849.680398],[216850.112281],[216850.547949],[216850.986058],[216851.421604],[216851.857272],[216852.288789],[216852.722443],[216853.161224],[216853.593229],[216854.025113],[216854.46426],[216854.896571],[216855.329126],[216855.762352],[216856.195029],[216856.627279],[216857.064229],[216857.496296],[216857.932818],[216858.367265],[216858.798355],[216859.231032],[216859.663709],[216860.099316],[216860.5359],[216860.968149],[216861.402719],[216861.840645],[216862.272162],[216862.705755],[216863.143376],[216863.574222],[216864.025759],[216864.456727],[216864.889099],[216865.323241],[216865.758726],[216866.189144],[216866.621821],[216867.056086],[216867.488885],[216867.925346],[216868.357474],[216868.793264],[216869.22472],[216869.66582],[216870.097887],[216870.534043],[216870.962692],[216871.39659],[216871.828961],[216872.264934],[216872.696513],[216873.129312],[216873.561074],[216873.9943],[216874.457922],[216874.891942],[216875.325046],[216875.758639],[216876.194917],[216876.626068],[216877.063689],[216877.495512],[216877.93002],[216878.364162],[216878.79629],[216879.234765],[216879.669212],[216880.104636],[216880.536703],[216880.970418],[216881.404621],[216881.836321],[216882.272172],[216882.705215],[216883.138808],[216883.569105],[216884.003247],[216884.43629],[216884.871042],[216885.303048],[216885.740181],[216886.171515],[216886.605718],[216887.038578],[216887.473575],[216887.90558],[216888.338502],[216888.777038],[216889.209288],[216889.64282],[216890.073971],[216890.511714],[216890.75268]],"gpu":[],"package":[[16487.40701],[16495.328011],[16507.987097],[16520.609562],[16533.799042],[16546.098327],[16555.739416],[16565.243176],[16574.756457],[16584.265527],[16593.757568],[16603.161536],[16612.669751],[16622.011951],[16632.056787],[16641.554931],[16650.893958],[16660.334363],[16669.857227],[16679.236353],[16688.600709],[16698.132972],[16707.557021],[16716.88976],[16726.409755],[16735.894717],[16745.239053],[16754.858413],[16764.433828],[16773.91769],[16783.425235],[16792.899087],[16802.37294],[16811.872732],[16821.175443],[16830.660587],[16840.17454],[16849.546952],[16858.977226],[16868.500883],[16877.878667],[16887.181072],[16896.601642],[16906.033746],[16915.557282],[16925.01319],[16934.310468],[16943.829182],[16953.317988],[16962.657442],[16972.181892],[16981.689497],[16991.141194],[17000.666805],[17010.148836],[17019.490853],[17029.001449],[17038.3431],[17047.788449],[17057.315525],[17066.79133],[17076.306504],[17085.699119],[17095.078245],[17104.606602],[17114.04951],[17123.374376],[17132.929772],[17142.396178],[17151.774939],[17161.361096],[17170.949511],[17180.515588],[17190.001464],[17199.214453],[17208.558424],[17218.034962],[17227.498011],[17236.942384],[17246.450233],[17255.799514],[17265.358388],[17274.753444],[17284.273501],[17293.885476],[17303.393447],[17312.773184],[17322.321926],[17331.736209],[17341.254617],[17350.641373],[17360.10662],[17369.570829],[17379.086185],[17388.592875],[17398.679336],[17408.141409],[17417.643826],[17427.059207],[17436.453836],[17445.987625],[17455.334769],[17464.783292],[17474.211674],[17483.689128],[17493.22249],[17502.484368],[17511.988067],[17521.398748],[17530.907635],[17540.329608],[17549.764703],[17559.306854],[17568.667243],[17578.12663],[17587.57497],[17597.106135],[17606.511445],[17616.030342],[17625.488325],[17634.998128],[17644.329647],[17653.864046],[17663.340157],[17672.760787],[17682.222433],[17691.753476],[17701.251315],[17710.50532],[17720.002976],[17729.485801],[17739.002683],[17748.332737],[17753.68807]],"socket":0,"sys":[],"uncore":[]}],"range":{"end":{"absolute_address":"0x403f17","compilation_unit":null,"function_return":true},"start":{"address":"0x402df0","compilation_unit":{"path":"/home/vlad/energy-profiler-evaluation/cblas/cblas.cpp"},"function_call":{"function":{"declared":{"column":16,"file":"/home/vlad/energy-profiler-evaluation/cblas/cblas.cpp","line":41},"static":true},"symbol":{"address":"0x402df0","binding":"local","demangled_name":"void (anonymous namespace)::detail::gemm_compute<(anonymous namespace)::detail::transpose, double>(unsigned long, unsigned long, unsigned long, unsigned long, double const*, double const*, double*)","local_entrypoint":"0x402df0","mangled_name":"_ZN12_GLOBAL__N_16detail12gemm_computeINS0_9transposeEdEEvmmmmPKT0_S5_PS3_","size":"0xa4"}}}},