{"format":{"cpu":["energy"],"gpu":[]},"groups":[{"extra":null,"label":null,"sections":[{"executions":[{"cpu":[{"cores":[[10368.57807],[10369.484806],[10370.38019],[10371.270568],[10372.196286],[10373.086848],[10373.96154],[10374.85613],[10375.736865],[10376.643723],[10377.546858],[10378.452679],[10379.346353],[10380.210609],[10381.12119],[10382.033907000001],[10382.938385],[10383.867826],[10384.786647],[10385.695885],[10386.615805],[10387.511921],[10388.393937],[10389.262038],[10390.160107],[10394.165163],[10404.845494],[10414.918955],[10425.674237],[10436.286637],[10445.238335],[10453.061985],[10460.971327],[10469.020196],[10476.76865],[10484.870863],[10493.154228],[10501.459322],[10509.675426],[10517.913503],[10526.227874],[10534.62336],[10542.819323],[10551.254299],[10559.248114],[10567.421494],[10575.530543],[10583.62061],[10591.907699],[10601.634908],[10611.894098],[10622.43588],[10633.068421],[10642.372047],[10650.61165],[10658.903743],[10667.024877],[10675.209731],[10683.476983],[10692.77359],[10702.934392],[10713.132303],[10723.601636],[10733.336475],[10743.432579],[10753.219969],[10761.61222],[10769.885759],[10778.225886],[10786.400731],[10794.866041],[10803.094475],[10811.268099],[10819.564525],[10827.778982],[10836.158416],[10844.560372],[10852.860339],[10861.120449],[10869.414557],[10877.768112],[10886.108606],[10894.382754],[10903.497233],[10913.988478],[10924.497057],[10934.776572],[10944.966731],[10955.016693],[10964.737005],[10974.419415],[10984.1924],[10994.520926],[11004.785426],[11014.964965],[11025.268528],[11035.450447],[11045.622663],[11055.660418],[11065.614616],[11075.715786],[11085.210513],[11087.218747]],"dram":[[216558.45751],[216558.706716],[216558.95641],[216559.110219],[216559.228871],[216559.347217],[216559.465992],[216559.58562],[216559.704028],[216559.822253],[216559.9406],[216560.058764],[216560.177965],[216560.295884],[216560.413621],[216560.531296],[216560.650193],[216560.767685],[216560.885238],[216561.003952],[216561.121444],[216561.238753],[216561.356368],[216561.474409],[216561.593733],[216561.890851],[216562.476787],[216563.061808],[216563.649269],[216564.227027],[216564.674169],[216565.116002],[216565.558139],[216566.000704],[216566.44278],[216566.889618],[216567.345549],[216567.801297],[216568.25698500001],[216568.724818],[216569.180505],[216569.640587],[216570.087669],[216570.552145],[216571.007039],[216571.46236],[216571.917498],[216572.373002],[216572.828628],[216573.411146],[216573.98042],[216574.56721],[216575.141122],[216575.605843],[216576.061347],[216576.52149],[216576.97675],[216577.432315],[216577.883791],[216578.436158],[216579.000976],[216579.586851],[216580.16943],[216580.677485],[216581.233941],[216581.755363],[216582.215323],[216582.675222],[216583.131031],[216583.586718],[216584.042711],[216584.498276],[216584.953902],[216585.409895],[216585.865277],[216586.32127],[216586.785624],[216587.24125],[216587.696754],[216588.152808],[216588.608495],[216589.068394],[216589.524081],[216590.080049],[216590.666656],[216591.253386],[216591.839322],[216592.425075],[216593.002283],[216593.557884],[216594.113181],[216594.67275],[216595.258869],[216595.844866],[216596.430863],[216597.017043],[216597.598706],[216598.183727],[216598.768686],[216599.348336],[216599.919379],[216600.431646],[216600.508184]],"gpu":[],"package":[[11484.575579],[11485.62471],[11486.662],[11487.63624],[11488.635383],[11489.591192],[11490.529483],[11491.487854],[11492.442381],[11493.414119],[11494.380852],[11495.352285],[11496.319873],[11497.247971],[11498.222639],[11499.20042],[11500.178323],[11501.17124],[11502.155124],[11503.127168],[11504.121184],[11505.082546],[11506.029016],[11506.961508],[11507.933796],[11511.098583],[11522.051314],[11532.374895],[11543.367482],[11554.238487],[11564.205991],[11572.288978],[11580.38405],[11588.615596],[11596.546606],[11604.831558],[11613.302911],[11621.794711],[11630.197643],[11638.629567],[11647.130095],[11655.714423],[11664.094529],[11672.720117],[11680.902225],[11689.263471],[11697.556174],[11705.837342],[11714.311502],[11723.352312],[11733.845388],[11744.598229],[11755.554378],[11765.484528],[11774.33558],[11782.82329],[11791.132473],[11799.503545],[11807.95671],[11816.523643],[11826.963802],[11837.438873],[11848.201785],[11858.082924],[11868.419506],[11878.700242],[11887.866539],[11896.329164],[11904.855021],[11913.222614],[11921.870602],[11930.286413],[11938.647049],[11947.136407],[11955.532809],[11964.098949],[11972.692372],[11981.178434],[11989.626899],[11998.1082],[12006.648584],[12015.179079],[12023.639141],[12032.054341],[12042.793755],[12053.552638],[12064.118529],[12074.518405],[12085.005317],[12095.311565],[12105.223038],[12115.148184],[12125.250026],[12135.780577],[12146.181063],[12156.720221],[12167.146586],[12177.593153],[12187.847217],[12198.045677],[12208.382442],[12218.468415],[12221.010279]],"socket":0,"sys":[],"uncore":[]}],"range":{"end":{"absolute_address":"0x7fffeff84493","compilation_unit":null,"function_return":true},"start":{"address":"0x4045f0","compilation_unit":{"path":"/home/vlad/energy-profiler-evaluation/lapacke/lapacke.cpp"},"function_call":{"function":{"declared":{"column":5,"file":"/home/vlad/energy-profiler-evaluation/lapacke/lapacke.cpp","line":609},"static":false},"symbol":{"address":"0x4045f0","binding":"global","demangled_name":"main","local_entrypoint":"0x4045f0","mangled_name":"main","size":"0x97c"}}}},"sample_times":[1654026544455763137,1654026544555896643,1654026544656222971,1654026544756534237,1654026544856824756,1654026544957011932,1654026545057296913,1654026545157590198,1654026545257786091,1654026545357980038,1654026545458259364,1654026545558541667,1654026545658733302,1654026545759018182,1654026545859298276,1654026545959485982,1654026546059763330,1654026546160045485,1654026546260237432,1654026546360517892,1654026546460806936,1654026546560993521,1654026546661277392,1654026546761562128,1654026546861697435,1654026546962733162,1654026547096718549,1654026547230714063,1654026547364712605,1654026547498713974,1654026547619715358,1654026547721740760,1654026547822716807,1654026547923716064,1654026548024713208,1654026548126716242,1654026548230715329,1654026548334714742,1654026548438715367,1654026548545718259,1654026548649717476,1654026548754715244,1654026548856738720,1654026548962716206,1654026549066713774,1654026549170717767,1654026549274717303,1654026549378712887,1654026549482718776,1654026549593732862,1654026549723715513,1654026549857714596,1654026549991713186,1654026550111799024,1654026550220726463,1654026550325716037,1654026550429716573,1654026550533714598,1654026550636714235,1654026550740712534,1654026550869714017,1654026551003714488,1654026551137710448,1654026551259715998,1654026551386723202,1654026551513738174,1654026551625725319,1654026551730717529,1654026551834716772,1654026551938711633,1654026552042717404,1654026552146715306,1654026552250714991,1654026552354716818,1654026552458717862,1654026552562718828,1654026552668734387,1654026552772716562,1654026552876717739,1654026552980717172,1654026553084717380,1654026553189717878,1654026553293714828,1654026553398732563,1654026553532715962,1654026553666717278,1654026553800714059,1654026553934714445,1654026554068730708,1654026554200724980,1654026554327720424,1654026554454718572,1654026554582723746,1654026554716716032,1654026554850719621,1654026554984717637,1654026555117715389,1654026555251718030,1654026555385712619,1654026555518815240,1654026555652715026,1654026555786715731,1654026555825693887]}],"extra":null,"label":null}]}],"idle":[],"units":{"energy":"J","power":"W","time":"ns"}}