{"format":{"cpu":["energy"],"gpu":[]},"groups":[{"extra":null,"label":null,"sections":[{"executions":[{"cpu":[{"cores":[[137551.044413],[137551.980385],[137552.903723],[137553.830295],[137554.756562],[137555.68112],[137556.609707],[137557.531091],[137558.457175],[137559.380757],[137560.304827],[137561.227676],[137562.152051],[137563.075999],[137563.997505],[137564.92243],[137565.849612],[137566.773499],[137567.696043],[137568.620723],[137569.54577],[137570.469107],[137571.395069],[137572.319322],[137573.23973],[137574.164105],[137575.091593],[137576.013954],[137576.938451],[137577.869784],[137578.792328],[137581.305261],[137590.067568],[137599.08616],[137608.83284],[137616.980463],[137625.755221],[137634.777414],[137643.427722],[137652.632654],[137661.933717],[137671.189064],[137680.374649],[137689.743338],[137698.223541],[137707.463202],[137717.117108],[137725.783468],[137734.924924],[137744.001622],[137753.214062],[137763.237046],[137772.16903],[137781.364441],[137790.173135],[137799.277848],[137808.535636],[137817.054414],[137826.0066],[137835.009995],[137843.926903],[137853.046021],[137861.612039],[137870.67598],[137879.632317],[137888.582856],[137897.677742],[137906.470689],[137915.875633],[137924.823303],[137934.332189],[137943.150038],[137952.327566],[137963.384483],[137975.278801],[137987.101402],[137998.793389],[138010.414392],[138021.888423],[138032.818265],[138044.662351],[138056.320525],[138068.021972],[138079.591888],[138091.244263],[138102.96396],[138114.285525],[138125.979526],[138136.633246],[138145.682417],[138154.669882],[138163.640623],[138172.669165],[138181.582655],[138190.672109],[138199.551969],[138208.854436],[138217.822003],[138226.881062],[138235.808041],[138244.361608],[138252.958266],[138261.47747],[138270.008637],[138278.401804],[138284.941704],[138290.742959],[138300.093338],[138309.474234],[138318.792814],[138328.176091],[138337.787455],[138346.619281],[138355.47375],[138364.319309],[138373.712595],[138382.55913],[138391.429896],[138393.810566]],"dram":[[72621.479493],[72621.581544],[72621.682679],[72621.783753],[72621.885254],[72621.987182],[72622.088623],[72622.189697],[72622.292113],[72622.393248],[72622.494322],[72622.596739],[72622.697752],[72622.798826],[72622.901121],[72623.002194],[72623.103635],[72623.20477],[72623.307064],[72623.40826],[72623.509334],[72623.611568],[72623.712703],[72623.813899],[72623.916255],[72624.017268],[72624.118647],[72624.220758],[72624.322137],[72624.423211],[72624.52459],[72624.705681],[72625.126335],[72625.545523],[72626.004689],[72626.447437],[72626.885424],[72627.318895],[72627.752182],[72628.17131],[72628.589277],[72629.049359],[72629.46397],[72629.883891],[72630.31962],[72630.738076],[72631.20536],[72631.642004],[72632.067479],[72632.480381],[72632.898409],[72633.343355],[72633.764618],[72634.177886],[72634.606352],[72635.032803],[72635.457973],[72635.898097],[72636.332849],[72636.758629],[72637.193381],[72637.631979],[72638.0649],[72638.509296],[72638.970721],[72639.427995],[72639.884109],[72640.338393],[72640.782117],[72641.235058],[72641.675853],[72642.131723],[72642.583931],[72643.160773],[72643.719121],[72644.29932],[72644.859133],[72645.427796],[72645.93811],[72646.507566],[72647.069943],[72647.646113],[72648.21972],[72648.796013],[72649.370596],[72649.943471],[72650.509509],[72651.078356],[72651.550095],[72651.966354],[72652.388838],[72652.810041],[72653.259197],[72653.705546],[72654.143716],[72654.577309],[72655.023841],[72655.463293],[72655.909032],[72656.335849],[72656.759493],[72657.184236],[72657.617767],[72658.039947],[72658.468656],[72658.888882],[72659.297084],[72659.668666],[72660.047388],[72660.419457],[72660.795066],[72661.185141],[72661.533407],[72661.871541],[72662.212604],[72662.573687],[72662.918413],[72663.257279],[72663.347489]],"gpu":[],"package":[[185660.516468],[185661.530137],[185662.520918],[185663.514812],[185664.508645],[185665.510901],[185666.506565],[185667.496491],[185668.498686],[185669.490261],[185670.480798],[185671.471579],[185672.473468],[185673.464371],[185674.45381],[185675.455516],[185676.449166],[185677.440985],[185678.440982],[185679.432801],[185680.424925],[185681.4248],[185682.418511],[185683.410269],[185684.39867],[185685.399888],[185686.394636],[185687.384258],[185688.386086],[185689.385473],[185690.375278],[185691.944122],[185701.8476],[185711.039532],[185720.972673],[185729.320857],[185738.249484],[185747.450876],[185756.28612],[185765.664026],[185775.127136],[185784.619605],[185793.924817],[185803.476429],[185812.128811],[185821.548892],[185831.40635],[185840.24611],[185849.545952],[185858.794769],[185868.228704],[185878.388774],[185887.588335],[185896.86358],[185905.882111],[185915.131172],[185924.566573],[185933.27114],[185942.391356],[185951.590429],[185960.681227],[185969.965016],[185978.702604],[185987.947575],[185997.18211],[186006.238666],[186015.527217],[186024.490633],[186034.109261],[186043.223191],[186052.899069],[186061.892271],[186071.257482],[186081.496225],[186093.690346],[186105.782967],[186117.640297],[186129.483102],[186141.45414],[186152.340953],[186164.420573],[186176.327647],[186188.273051],[186200.133616],[186211.95518],[186223.959239],[186235.790325],[186247.424816],[186258.453902],[186268.484455],[186277.653743],[186286.796664],[186296.013376],[186305.135301],[186314.370568],[186323.526733],[186332.939795],[186342.087355],[186351.323598],[186360.428982],[186369.249761],[186377.931318],[186386.725119],[186395.434935],[186404.009804],[186410.693807],[186416.717352],[186426.138409],[186435.77077],[186445.170343],[186454.718841],[186464.571538],[186473.553815],[186482.474324],[186491.468625],[186501.015903],[186510.091014],[186519.030627],[186521.501019]],"socket":0,"sys":[],"uncore":[]}],"range":{"end":{"absolute_address":"0x7fffeff84493","compilation_unit":null,"function_return":true},"start":{"address":"0x4045f0","compilation_unit":{"path":"/home/vlad/energy-profiler-evaluation/lapacke/lapacke.cpp"},"function_call":{"function":{"declared":{"column":5,"file":"/home/vlad/energy-profiler-evaluation/lapacke/lapacke.cpp","line":609},"static":false},"symbol":{"address":"0x4045f0","binding":"global","demangled_name":"main","local_entrypoint":"0x4045f0","mangled_name":"main","size":"0x97c"}}}},