{"format":{"cpu":["energy"],"gpu":[]},"groups":[{"extra":null,"label":null,"sections":[{"executions":[{"cpu":[{"cores":[[120838.29661],[120838.419473],[120838.504617],[120838.606912],[120838.709023],[120838.830239],[120838.939064],[120839.021706],[120839.124122],[120839.227699],[120839.309547],[120839.432715],[120839.517554],[120839.622778],[120839.724035],[120839.838354],[120839.944982],[120840.025121],[120840.12888],[120840.234044],[120840.320958],[120840.420933],[120840.532993],[120840.642124],[120840.743869],[120840.851657],[120840.940707],[120841.030856],[120841.139925],[120841.238802],[120841.332369],[120841.432283],[120841.534089],[120841.62259],[120841.716401],[120841.812531],[120841.918121],[120842.023773],[120842.123687],[120842.203948],[120842.309905],[120842.413176],[120842.495268],[120842.606474],[120842.705473],[120842.832853],[120842.917753],[120843.031278],[120843.114407],[120843.217129],[120843.318142],[120843.410488],[120843.500942],[120843.597377],[120843.680507],[120843.814357],[120843.899012],[120844.001795],[120844.105738],[120844.192347],[120844.291406],[120844.393945],[120844.481958],[120844.60415],[120844.700097],[120844.817284],[120844.900292],[120844.9963],[120845.082115],[120845.185142],[120845.275352],[120845.377585],[120845.499533],[120845.581869],[120845.671713],[120845.772665],[120845.853353],[120845.954244],[120846.054891],[120846.137288],[120846.237507],[120846.337666],[120846.42226],[120846.525532],[120846.63985],[120846.730792],[120846.841754],[120846.923541],[120847.016741],[120847.103533],[120847.206377],[120847.305742],[120847.38875],[120847.489457],[120847.618974],[120847.727799],[120847.811905],[120847.929092],[120848.029556],[120848.111282],[120848.191848]],"dram":[[71778.208825],[71778.300683],[71778.393395],[71778.485191],[71778.576927],[71778.669761],[71778.761497],[71778.853294],[71778.946006],[71779.037863],[71779.129599],[71779.222311],[71779.314108],[71779.405904],[71779.49764],[71779.590352],[71779.682149],[71779.773945],[71779.866719],[71779.958454],[71780.05019],[71780.142048],[71780.234699],[71780.326556],[71780.418292],[71780.511065],[71780.602923],[71780.694658],[71780.787371],[71780.879167],[71780.970964],[71781.062761],[71781.155412],[71781.247208],[71781.339005],[71781.431656],[71781.523514],[71781.61531],[71781.708023],[71781.799758],[71781.891616],[71781.983351],[71782.076064],[71782.16786],[71782.259657],[71782.352369],[71782.444166],[71782.535901],[71782.628613],[71782.72041],[71782.812146],[71782.904919],[71782.996654],[71783.088451],[71783.181224],[71783.27296],[71783.364757],[71783.457469],[71783.549265],[71783.641001],[71783.732859],[71783.82551],[71783.917306],[71784.009103],[71784.101815],[71784.193612],[71784.285409],[71784.37806],[71784.469856],[71784.561592],[71784.65345],[71784.746162],[71784.837958],[71784.929694],[71785.022345],[71785.114203],[71785.205938],[71785.298651],[71785.390447],[71785.482244],[71785.57404],[71785.666692],[71785.758488],[71785.850346],[71785.942997],[71786.034733],[71786.126529],[71786.219241],[71786.311099],[71786.402896],[71786.495547],[71786.587344],[71786.679201],[71786.771852],[71786.86371],[71786.955446],[71787.047242],[71787.139954],[71787.231751],[71787.323487],[71787.387757]],"gpu":[],"package":[[168573.060029],[168573.254364],[168573.40628],[168573.573577],[168573.740447],[168573.928801],[168574.102628],[168574.250455],[168574.419034],[168574.587368],[168574.734341],[168574.921901],[168575.072597],[168575.242091],[168575.409815],[168575.588831],[168575.759179],[168575.906335],[168576.074242],[168576.247764],[168576.39846],[168576.564292],[168576.742331],[168576.917685],[168577.084127],[168577.255635],[168577.409749],[168577.5649],[168577.739765],[168577.905475],[168578.062518],[168578.227679],[168578.396746],[168578.54915],[168578.70955],[168578.870561],[168579.041947],[168579.212234],[168579.378372],[168579.524551],[168579.69374],[168579.863478],[168580.012098],[168580.186841],[168580.352612],[168580.54469],[168580.69453],[168580.874523],[168581.023875],[168581.191722],[168581.356821],[168581.516367],[168581.671762],[168581.833871],[168581.981575],[168582.181099],[168582.332038],[168582.499457],[168582.667792],[168582.81983],[168582.985296],[168583.153081],[168583.306706],[168583.494023],[168583.656681],[168583.838932],[168583.986148],[168584.147769],[168584.298586],[168584.467287],[168584.62195],[168584.791261],[168584.976929],[168585.12616],[168585.282409],[168585.44818],[168585.593871],[168585.760496],[168585.927183],[168586.074461],[168586.239804],[168586.406247],[168586.55566],[168586.723018],[168586.90417],[168587.060908],[168587.236872],[168587.383234],[168587.541193],[168587.693475],[168587.863763],[168588.026421],[168588.175407],[168588.341422],[168588.535575],[168588.711295],[168588.861319],[168589.044424],[168589.209462],[168589.356923],[168589.482655]],"socket":0,"sys":[],"uncore":[]}],"range":{"end":{"absolute_address":"0x7ffff6e47493","compilation_unit":null,"function_return":true},"start":{"address":"0x401be0","compilation_unit":{"path":"/home/vlad/energy-profiler-evaluation/sleep/sleep.cpp"},"function_call":{"function":{"declared":{"column":5,"file":"/home/vlad/energy-profiler-evaluation/sleep/sleep.cpp","line":19},"static":false},"symbol":{"address":"0x401be0","binding":"global","demangled_name":"main","local_entrypoint":"0x401be0","mangled_name":"main","size":"0xa5"}}}},"sample_times":[1652533976411469539,1652533976511618632,1652533976611948237,1652533976712273476,1652533976812511078,1652533976912843829,1652533977013170662,1652533977113496480,1652533977213824243,1652533977314062449,1652533977414391773,1652533977514714675,1652533977615038758,1652533977715365224,1652533977815602829,1652533977915854644,1652533978016147415,1652533978116473208,1652533978216794510,1652533978317020926,1652533978417342931,1652533978517672675,1652533978617907727,1652533978718138493,1652533978818462220,1652533978918787695,1652533979019121952,1652533979119451895,1652533979219785162,1652533979320020211,1652533979420337950,1652533979520672072,1652533979620909171,1652533979721237782,1652533979821565488,1652533979921896939,1652533980022232674,1652533980122464923,1652533980222701376,1652533980323029733,1652533980423356162,1652533980523589713,1652533980623919661,1652533980724250640,1652533980824578026,1652533980924916659,1652533981025248546,1652533981125575621,1652533981225906582,1652533981326236513,1652533981426469390,1652533981526791731,1652533981627119545,1652533981727457206,1652533981827785364,1652533981928105740,1652533982028434264,1652533982128752085,1652533982228983803,1652533982329302378,1652533982429627876,1652533982529862808,1652533982630185238,1652533982730511708,1652533982830835834,1652533982931159907,1652533983031484315,1652533983131691593,1652533983231988138,1652533983332319478,1652533983432638865,1652533983532963036,1652533983633195267,1652533983733518000,1652533983833839935,1652533983934163443,1652533984034494065,1652533984134819668,1652533984235052269,1652533984335385230,1652533984435708764,1652533984535944250,1652533984636272169,1652533984736602758,1652533984836840103,1652533984937168382,1652533985037495136,1652533985137819633,1652533985238145461,1652533985338472753,1652533985438798528,1652533985539033726,1652533985639357756,1652533985739691420,1652533985839925278,1652533985940253365,1652533986040572560,1652533986140899085,1652533986241135646,1652533986341457705,1652533986411649441]}],"extra":null,"label":null}]}],"idle":[],"units":{"energy":"J","power":"W","time":"ns"}}