{"format":{"cpu":["energy"],"gpu":[]},"groups":[{"extra":null,"label":null,"sections":[{"executions":[{"cpu":[{"cores":[[11899.649407],[11900.588186],[11901.520313],[11902.427659],[11903.315962],[11904.223126],[11905.137491],[11906.039955],[11906.91715],[11907.817172],[11908.694],[11909.586576],[11910.470058],[11911.354272],[11912.250754],[11913.148884],[11914.051531],[11914.964187],[11915.881116],[11916.783152],[11917.665352],[11918.49671],[11919.345585],[11920.177675],[11921.002502],[11921.830319],[11922.659724],[11923.497918],[11924.354361],[11925.21117],[11926.063524],[11926.920455],[11927.768048],[11928.634074],[11929.485634],[11930.345007],[11933.742826],[11945.655881],[11957.419401],[11969.713925],[11980.63211],[11989.970343],[11999.288434],[12008.557026],[12017.837581],[12027.092562],[12036.433359],[12045.683152],[12054.982933],[12064.283751],[12074.090732999999],[12084.085458],[12093.374192],[12102.67556],[12111.913878],[12121.21195],[12130.562756],[12140.061938],[12149.388331],[12158.690919],[12168.014076],[12177.239334],[12186.551199],[12195.859952],[12205.756045],[12215.059549],[12224.366776],[12233.654045],[12242.877654],[12252.173346],[12261.518964],[12270.848591],[12280.19073],[12289.576265],[12298.878854],[12308.215194],[12317.452353],[12326.83917],[12336.147923],[12345.468822],[12354.76958],[12364.090662],[12373.352052],[12382.649208],[12391.934951],[12401.295523],[12410.617581],[12419.928654],[12429.204448],[12438.465471],[12446.021849],[12455.312413],[12464.600414],[12473.843188],[12483.131556],[12492.438234],[12501.733925],[12510.989578],[12520.290091],[12529.59921],[12538.894719],[12548.160808],[12557.45772],[12566.789056],[12576.081757],[12585.335213],[12594.639754],[12603.950277],[12613.271481],[12622.549351],[12631.837657],[12641.127001],[12650.42904],[12659.668885],[12668.976661],[12678.301466],[12687.562856],[12696.841946],[12702.530347]],"dram":[[216641.537071],[216641.788352],[216642.040609],[216642.212911],[216642.329244],[216642.445821],[216642.562398],[216642.680195],[216642.796711],[216642.913471],[216643.030353],[216643.14815],[216643.264727],[216643.381243],[216643.497881],[216643.615801],[216643.732316],[216643.849015],[216643.966813],[216644.083695],[216644.200394],[216644.318863],[216644.436111],[216644.553237],[216644.670668],[216644.789198],[216644.906569],[216645.024122],[216645.142896],[216645.260389],[216645.377759],[216645.495068],[216645.613598],[216645.731213],[216645.848644],[216645.967418],[216646.248179],[216646.778695],[216647.366218],[216647.928473],[216648.392217],[216648.823002],[216649.246157],[216649.675416],[216650.103821],[216650.53363],[216650.954954],[216651.3858],[216651.807735],[216652.236872],[216652.682611],[216653.139458],[216653.56829],[216653.998403],[216654.425038],[216654.854908],[216655.277148],[216655.714158],[216656.141464],[216656.570662],[216656.998884],[216657.43089],[216657.851116],[216658.281168],[216658.7324],[216659.160561],[216659.589454],[216660.020605],[216660.447423],[216660.877658],[216661.299959],[216661.727204],[216662.153046],[216662.576018],[216663.004728],[216663.426541],[216663.857936],[216664.280359],[216664.708703],[216665.135033],[216665.563987],[216665.992391],[216666.422688],[216666.844623],[216667.274859],[216667.699113],[216668.127396],[216668.55519],[216668.984571],[216669.417187],[216669.849437],[216670.272898],[216670.695992],[216671.121284],[216671.545905],[216671.970403],[216672.394291],[216672.819095],[216673.242861],[216673.667542],[216674.092468],[216674.516967],[216674.940611],[216675.364132],[216675.787654],[216676.213068],[216676.63775],[216677.062126],[216677.485343],[216677.909292],[216678.334095],[216678.759265],[216679.184191],[216679.608079],[216680.031052],[216680.455306],[216680.879682],[216681.305523],[216681.614422]],"gpu":[],"package":[[13051.805149],[13052.887543],[13053.962614],[13054.96664],[13055.928429],[13056.899008],[13057.876422],[13058.853226],[13059.794508],[13060.757457],[13061.698129],[13062.664923],[13063.612614],[13064.561464],[13065.521117],[13066.492977],[13067.458612],[13068.435477],[13069.426136],[13070.391771],[13071.33757],[13072.23338],[13073.15568],[13074.051735],[13074.942541],[13075.84299],[13076.737275],[13077.640044],[13078.560696],[13079.491174],[13080.408164],[13081.329365],[13082.250811],[13083.180923],[13084.096265],[13085.021006],[13087.460575],[13099.835665],[13111.630984],[13124.168428],[13135.58533],[13145.858619],[13155.354566],[13164.804615],[13174.267177],[13183.704103],[13193.224831],[13202.652297],[13212.136831],[13221.619289],[13231.616273],[13241.806249],[13251.275035999999],[13260.753711],[13270.178735],[13279.657959],[13289.183203],[13298.872937],[13308.375415],[13317.865747],[13327.364441],[13336.778785],[13346.26399],[13355.760181],[13365.848595],[13375.327697],[13384.81687],[13394.286755],[13403.698962],[13413.168543],[13422.700012],[13432.20481],[13441.728345],[13451.293933],[13460.785242],[13470.300659],[13479.713416],[13489.281202],[13498.771046],[13508.274622],[13517.755799],[13527.258155],[13536.705153],[13546.178395],[13555.651698],[13565.187563],[13574.694313],[13584.193373],[13593.642141],[13603.084804],[13610.827766],[13620.306501],[13629.769734],[13639.194575],[13648.660554],[13658.146675],[13667.622969],[13677.059408],[13686.540035],[13696.029635],[13705.505563],[13714.953476],[13724.432821],[13733.939755],[13743.414096],[13752.847299],[13762.332322],[13771.822776],[13781.327085],[13790.783176],[13800.254344],[13809.722459],[13819.209068],[13828.63037],[13838.108983],[13847.611034],[13857.066027],[13866.513695],[13872.354928]],"socket":0,"sys":[],"uncore":[]}],"range":{"end":{"absolute_address":"0x7fffeff84493","compilation_unit":null,"function_return":true},"start":{"address":"0x4026e0","compilation_unit":{"path":"/home/vlad/energy-profiler-evaluation/cblas/cblas.cpp"},"function_call":{"function":{"declared":{"column":5,"file":"/home/vlad/energy-profiler-evaluation/cblas/cblas.cpp","line":208},"static":false},"symbol":{"address":"0x4026e0","binding":"global","demangled_name":"main","local_entrypoint":"0x4026e0","mangled_name":"main","size":"0x39d"}}}},