{"format":{"cpu":["energy"],"gpu":[]},"groups":[{"extra":null,"label":null,"sections":[{"executions":[{"cpu":[{"cores":[[135914.272114],[135915.197893],[135916.129714],[135917.053357],[135917.992259],[135918.917366],[135919.841924],[135920.7616],[135921.694825],[135922.609373],[135923.517574],[135924.447503],[135925.367728],[135926.28899],[135927.194933],[135928.105819],[135929.0388],[135929.956034],[135930.876625],[135931.784093],[135932.689792],[135933.623993],[135934.540312],[135935.465419],[135936.378991],[135937.307761],[135938.239033],[135939.155962],[135940.080032],[135940.990735],[135941.901133],[135942.835274],[135943.766057],[135944.68854],[135945.615906],[135946.535154],[135947.466548],[135948.383294],[135949.300955],[135950.222218],[135951.138414],[135952.069686],[135953.003827],[135953.938028],[135954.879737],[135956.158054],[135965.660349],[135977.116131],[135987.850905],[135998.939012],[136009.983783],[136021.556691],[136033.39919],[136045.155568],[136056.758139],[136067.754021],[136076.444917],[136085.337838],[136093.936571],[136102.849329],[136111.595584],[136120.441569],[136129.064838],[136137.97131],[136146.67429],[136155.636303],[136165.220691],[136174.076747],[136182.84357],[136192.147929],[136201.038836],[136209.732051],[136218.564182],[136227.288342],[136235.859182],[136244.68173],[136253.89893],[136262.511457],[136271.342611],[136279.923888],[136288.650184],[136297.391617],[136306.034844],[136314.685335],[136323.480112],[136332.179675],[136340.784938],[136349.345341],[136358.005842],[136366.821066],[136375.476378],[136384.08567],[136392.68068],[136401.313348],[136409.89493],[136418.492442],[136427.127247],[136435.686185],[136444.285345],[136452.895064],[136461.426109],[136469.909242],[136478.496622],[136486.998492],[136495.412289],[136503.924169],[136512.365066],[136520.780938],[136529.251192],[136537.592174],[136545.942677],[136554.242034],[136562.500191],[136570.650622],[136578.722256],[136585.77601],[136591.991998],[136600.869233],[136609.718149],[136618.552416],[136627.391504],[136636.104739],[136644.617168],[136653.141683],[136661.642332],[136670.126502],[136678.623917],[136684.23987]],"dram":[[72539.217375],[72539.31381],[72539.410917],[72539.508756],[72539.605863],[72539.702786],[72539.799954],[72539.897915],[72539.994778],[72540.091884],[72540.18893],[72540.28683],[72540.383754],[72540.480738],[72540.577479],[72540.675684],[72540.772547],[72540.86947],[72540.966394],[72541.064416],[72541.161523],[72541.258446],[72541.356346],[72541.45327],[72541.550255],[72541.647239],[72541.7452],[72541.842185],[72541.939109],[72542.037253],[72542.134176],[72542.2311],[72542.328146],[72542.42629],[72542.526937],[72542.62386],[72542.720906],[72542.818806],[72542.915669],[72543.012775],[72543.110858],[72543.207721],[72543.304339],[72543.401446],[72543.498065],[72543.622881],[72544.104508],[72544.590591],[72545.145643],[72545.681531],[72546.216563],[72546.770639],[72547.32032],[72547.860297],[72548.394842],[72548.860966],[72549.269473],[72549.665834],[72550.085023],[72550.502441],[72550.906554],[72551.283079],[72551.676755],[72552.093502],[72552.498164],[72552.897088],[72553.341118],[72553.744742],[72554.152395],[72554.583302],[72554.982532],[72555.387988],[72555.771043],[72556.17717],[72556.580001],[72557.001021],[72557.449628],[72557.862469],[72558.263224],[72558.685098],[72559.09562],[72559.475319],[72559.883582],[72560.298864],[72560.693943],[72561.113315],[72561.506746],[72561.896089],[72562.313202],[72562.717925],[72563.133146],[72563.551846],[72563.971523],[72564.368678],[72564.77102],[72565.183983],[72565.585654],[72565.989401],[72566.400106],[72566.811726],[72567.22304],[72567.635393],[72568.043351],[72568.439407],[72568.846877],[72569.259534],[72569.66499],[72570.073924],[72570.485544],[72570.899972],[72571.304878],[72571.707282],[72572.112249],[72572.512944],[72572.90723],[72573.293154],[72573.682802],[72574.040101],[72574.397277],[72574.754698],[72575.111814],[72575.454709],[72575.791012],[72576.127498],[72576.4638],[72576.80047],[72577.137749],[72577.34777]],"gpu":[],"package":[[183986.511598],[183987.502196],[183988.499691],[183989.498834],[183990.503348],[183991.494861],[183992.486009],[183993.480513],[183994.47874],[183995.459207],[183996.433081],[183997.438694],[183998.424531],[183999.412505],[184000.384487],[184001.37124],[184002.368857],[184003.351582],[184004.337785],[184005.320082],[184006.290966],[184007.290841],[184008.273078],[184009.274174],[184010.252931],[184011.247618],[184012.254452],[184013.236017],[184014.225211],[184015.20171],[184016.186693],[184017.186019],[184018.184246],[184019.17222],[184020.174964],[184021.160008],[184022.15732],[184023.148589],[184024.131436],[184025.117517],[184026.099204],[184027.105183],[184028.104814],[184029.105788],[184030.114025],[184031.474679],[184040.136399],[184051.834856],[184062.842457],[184074.441243],[184085.961905],[184097.1213],[184109.238334],[184121.160606],[184133.103996],[184145.119102],[184154.079467],[184163.139747],[184171.919876],[184181.009879],[184189.921416],[184198.973029],[184207.714645],[184216.81301],[184225.676513],[184234.806311],[184244.602734],[184253.610401],[184262.556484],[184272.035708],[184281.100687],[184290.006732],[184298.961787],[184307.856295],[184316.611034],[184325.599109],[184335.002832],[184343.817446],[184352.801737],[184361.55025],[184370.442927],[184379.355014],[184388.170482],[184396.99541],[184405.985744],[184414.838199],[184423.653423],[184432.332478],[184441.193417],[184450.161595],[184459.003064],[184467.795339],[184476.548856],[184485.352179],[184494.127913],[184502.871604],[184511.683898],[184520.408119],[184529.194168],[184537.976922],[184546.678499],[184555.336191],[184564.113452],[184572.763149],[184581.364445],[184590.037702],[184598.688681],[184607.265746],[184615.900734],[184624.410477],[184632.951715],[184641.415622],[184649.83894],[184658.189871],[184666.410004],[184673.662366],[184680.018062],[184689.059055],[184698.05598],[184707.059131],[184716.047999],[184724.907718],[184733.577862],[184742.249226],[184750.901426],[184759.527197],[184768.176589],[184773.922851]],"socket":0,"sys":[],"uncore":[]}],"range":{"end":{"absolute_address":"0x7fffeff84493","compilation_unit":null,"function_return":true},"start":{"address":"0x4045f0","compilation_unit":{"path":"/home/vlad/energy-profiler-evaluation/lapacke/lapacke.cpp"},"function_call":{"function":{"declared":{"column":5,"file":"/home/vlad/energy-profiler-evaluation/lapacke/lapacke.cpp","line":609},"static":false},"symbol":{"address":"0x4045f0","binding":"global","demangled_name":"main","local_entrypoint":"0x4045f0","mangled_name":"main","size":"0x97c"}}}},