{"format":{"cpu":["energy"],"gpu":[]},"groups":[{"extra":null,"label":null,"sections":[{"executions":[{"cpu":[{"cores":[[206964.054704],[206970.140992],[206976.797408],[206981.988984],[206987.074054],[206992.269536],[206997.54473],[207002.566812],[207007.617459],[207012.685317],[207017.743959],[207022.914539],[207028.214391],[207033.475669],[207038.735055],[207044.167536],[207049.453411],[207054.749235],[207060.076797],[207065.369203],[207070.675097],[207075.862523],[207081.091269],[207086.324593],[207091.537288],[207096.700971],[207101.926787],[207107.442032],[207112.678713],[207117.892201],[207123.116369],[207128.286339],[207133.516184],[207138.735897],[207143.701949],[207149.207428],[207154.744523],[207159.778019],[207165.24291],[207170.759192],[207175.930016],[207181.248362],[207186.518307],[207191.594466],[207196.666535],[207201.733173],[207206.810186],[207211.882927],[207216.953043],[207222.034512],[207227.216262],[207232.294252],[207237.374317],[207242.453344],[207247.534386],[207252.61555],[207257.691037],[207262.964339],[207268.022126],[207273.091816],[207278.149237],[207283.231194],[207288.688516],[207293.752468],[207298.809706],[207304.21759],[207309.294726],[207314.372838],[207319.454673],[207324.535226],[207329.60577],[207334.661421],[207340.071625],[207345.483415],[207350.551334],[207355.625296],[207360.7006],[207365.759425],[207370.830701],[207375.886535],[207380.955309],[207386.024205],[207391.373373],[207396.444283],[207401.505732],[207406.568586],[207411.623993],[207417.10164],[207422.17731],[207427.247488],[207432.325722],[207437.40481],[207442.48457],[207447.561034],[207452.637315],[207457.727695],[207462.80715],[207467.88691],[207472.958613],[207478.035932],[207483.114471],[207488.191485],[207493.254643],[207498.327689],[207503.378518],[207508.44601],[207513.522352],[207518.587098],[207523.662158],[207528.704503],[207533.771263],[207538.849375],[207543.876034],[207548.921554],[207553.950594],[207559.002705],[207564.06507],[207569.117242],[207574.173137],[207579.231657],[207584.258866],[207589.323977],[207594.374623],[207599.445289],[207604.471827],[207609.664074],[207614.379394],[207618.791248],[207623.198402],[207627.608669],[207632.020828],[207636.428959],[207640.842156],[207645.216168],[207649.056002],[207651.957423],[207653.774679],[207654.712848]],"dram":[[153323.88526],[153324.008307],[153324.122076],[153324.218511],[153324.313055],[153324.409429],[153324.506719],[153324.599431],[153324.692143],[153324.784916],[153324.877567],[153324.972233],[153325.069461],[153325.165836],[153325.26221],[153325.361392],[153325.457705],[153325.55414],[153325.650515],[153325.746889],[153325.843263],[153325.937806],[153326.033265],[153326.128724],[153326.224183],[153326.318665],[153326.414185],[153326.515136],[153326.611572],[153326.707946],[153326.804259],[153326.899779],[153326.996153],[153327.092466],[153327.184324],[153327.285276],[153327.386289],[153327.478086],[153327.578122],[153327.679074],[153327.773617],[153327.870907],[153327.967281],[153328.059993],[153328.152705],[153328.245357],[153328.33813],[153328.430781],[153328.523493],[153328.616205],[153328.710748],[153328.803461],[153328.896112],[153328.988885],[153329.081536],[153329.174248],[153329.26696],[153329.363396],[153329.456047],[153329.548759],[153329.641471],[153329.734183],[153329.83422],[153329.926932],[153330.019644],[153330.118765],[153330.211477],[153330.304128],[153330.39684],[153330.489553],[153330.582265],[153330.674977],[153330.774098],[153330.873219],[153330.965931],[153331.058704],[153331.151355],[153331.244067],[153331.336779],[153331.429492],[153331.522204],[153331.614855],[153331.713121],[153331.805833],[153331.898545],[153331.991258],[153332.08397],[153332.183945],[153332.276657],[153332.369369],[153332.462082],[153332.554794],[153332.647506],[153332.740157],[153332.83293],[153332.925581],[153333.018294],[153333.111006],[153333.203718],[153333.29643],[153333.389142],[153333.481854],[153333.574506],[153333.667218],[153333.75993],[153333.852642],[153333.945293],[153334.038066],[153334.130718],[153334.22343],[153334.316142],[153334.408854],[153334.501566],[153334.594278],[153334.686929],[153334.779642],[153334.872354],[153334.965066],[153335.057778],[153335.150429],[153335.243141],[153335.335854],[153335.428566],[153335.521278],[153335.61399],[153335.709388],[153335.801245],[153335.893042],[153335.984778],[153336.076574],[153336.168371],[153336.260168],[153336.35288],[153336.444676],[153336.536473],[153336.62827],[153336.720066],[153336.803562]],"gpu":[],"package":[[163259.59658],[163265.205269],[163271.899893],[163277.760352],[163282.91311],[163288.177745],[163293.522702],[163298.611129],[163303.727876],[163308.862201],[163313.987371],[163319.225883],[163324.595193],[163329.925624],[163335.254162],[163340.757933],[163346.109603],[163351.477387],[163356.874102],[163362.236027],[163367.611013],[163372.866493],[163378.163782],[163383.462474],[163388.746518],[163393.975142],[163399.272309],[163404.857073],[163410.165714],[163415.448354],[163420.73838],[163425.980249],[163431.279307],[163436.568051],[163441.596969],[163446.769075],[163452.787248],[163457.883975],[163463.424122],[163469.012975],[163474.24868],[163479.639596],[163484.978877],[163490.121747],[163495.260345],[163500.390825],[163505.537845],[163510.674124],[163515.813942],[163520.959131],[163526.208569],[163531.356444],[163536.500107],[163541.648837],[163546.792989],[163551.94123],[163557.083123],[163562.428569],[163567.549832],[163572.68605],[163577.813051],[163582.958606],[163588.491002],[163593.618247],[163598.742379],[163604.221247],[163609.364972],[163614.509551],[163619.658158],[163624.805301],[163629.945364],[163635.067543],[163640.545617],[163646.028391],[163651.163083],[163656.303389],[163661.444917],[163666.570514],[163671.708135],[163676.830558],[163681.966288],[163687.101772],[163692.521497],[163697.658935],[163702.786486],[163707.915989],[163713.038046],[163718.584114],[163723.72912],[163728.866192],[163734.010893],[163739.156571],[163744.302798],[163749.445729],[163754.588843],[163759.745324],[163764.891673],[163770.038267],[163775.173385],[163780.320162],[163785.465595],[163790.609381],[163795.735955],[163800.875407],[163805.99606],[163811.129531],[163816.269411],[163821.40398],[163826.54569],[163831.654747],[163836.784739],[163841.929379],[163847.025985],[163852.137971],[163857.230304],[163862.349066],[163867.481377],[163872.596903],[163877.722256],[163882.844496],[163887.938478],[163893.070056],[163898.187292],[163903.32473],[163908.42042],[163913.678585],[163918.459029],[163922.934421],[163927.404441],[163931.874888],[163936.347411],[163940.819873],[163945.339942],[163949.774074],[163953.675797],[163956.644417],[163958.526065],[163959.531251]],"socket":0,"sys":[],"uncore":[]}],"range":{"end":{"absolute_address":"0x7ffff6c00493","compilation_unit":null,"function_return":true},"start":{"address":"0x402050","compilation_unit":{"path":"/home/vlad/energy-profiler-evaluation/rng/rng.cpp"},"function_call":{"function":{"declared":{"column":5,"file":"/home/vlad/energy-profiler-evaluation/rng/rng.cpp","line":70},"static":false},"symbol":{"address":"0x402050","binding":"global","demangled_name":"main","local_entrypoint":"0x402050","mangled_name":"main","size":"0x12b"}}}},