{"format":{"cpu":["energy"],"gpu":[]},"groups":[{"extra":null,"label":null,"sections":[{"executions":[{"cpu":[{"cores":[[196374.13229],[196375.090662],[196376.040305],[196376.979573],[196377.901995],[196378.841079],[196379.778211],[196380.70106],[196381.637459],[196382.572942],[196383.495731],[196384.432679],[196385.367796],[196386.290157],[196387.228021],[196388.162039],[196389.0844],[196390.024706],[196390.959151],[196391.878339],[196392.81431],[196393.740455],[196394.652868],[196395.56827],[196396.49881],[196397.405668],[196398.319667],[196399.25039],[196400.164572],[196401.087116],[196402.004777],[196402.941237],[196403.874279],[196404.795542],[196405.732185],[196406.662419],[196409.186583],[196421.51254],[196433.79327],[196446.376429],[196458.887627],[196471.463157],[196483.91979],[196496.487934],[196508.818469],[196521.434464],[196533.929366],[196546.464369],[196558.95451],[196571.381053],[196581.114426],[196590.845114],[196600.439023],[196609.932773],[196619.399851],[196628.866929],[196638.345542],[196647.861936],[196657.541538],[196667.24122],[196676.987716],[196687.539996],[196700.00847],[196712.588943],[196725.037154],[196737.599377],[196749.545086],[196758.992084],[196768.459528],[196777.925507],[196787.683478],[196797.976664],[196807.612992],[196817.317862],[196827.247158],[196836.986879],[196846.752845],[196856.45796],[196866.104541],[196875.827966],[196885.564086],[196895.297826],[196905.0796],[196914.765306],[196924.161949],[196932.59662],[196942.262244],[196951.984082],[196961.672534],[196971.064966],[196980.489014],[196989.900184],[196999.311781],[197008.723073],[197018.164699],[197027.765627],[197037.437843],[197047.147779],[197056.854236],[197067.641928],[197080.145314],[197091.00338],[197100.780271],[197110.513645],[197120.21998],[197129.898361],[197139.606405],[197149.652949],[197159.371552],[197169.05445],[197178.734478],[197188.075092],[197189.698684]],"dram":[[152949.652881],[152949.900073],[152950.151293],[152950.329149],[152950.44542],[152950.561631],[152950.679734],[152950.796738],[152950.913376],[152951.030014],[152951.147811],[152951.26451],[152951.381026],[152951.499068],[152951.615767],[152951.73216],[152951.848615],[152951.965253],[152952.082928],[152952.199383],[152952.315838],[152952.433147],[152952.551738],[152952.669048],[152952.786296],[152952.903849],[152953.022684],[152953.140177],[152953.25773],[152953.375589],[152953.494546],[152953.612221],[152953.729958],[152953.847633],[152953.966591],[152954.084327],[152954.325171],[152954.891698],[152955.466221],[152956.03287],[152956.596955],[152957.163909],[152957.73422],[152958.301174],[152958.866725],[152959.430871],[152959.996666],[152960.56716],[152961.134297],[152961.643451],[152962.084917],[152962.521073],[152962.960952],[152963.38484],[152963.81233],[152964.238842],[152964.662913],[152965.096628],[152965.533761],[152965.976753],[152966.415655],[152966.94312],[152967.511295],[152968.075563],[152968.645081],[152969.211974],[152969.712949],[152970.14056],[152970.567805],[152970.992853],[152971.431756],[152971.898796],[152972.337576],[152972.78008],[152973.228016],[152973.666797],[152974.104173],[152974.546921],[152974.988387],[152975.429976],[152975.869061],[152976.307842],[152976.744425],[152977.187051],[152977.638344],[152978.085486],[152978.522558],[152978.959386],[152979.39603],[152979.820345],[152980.244966],[152980.670136],[152981.094756],[152981.518949],[152981.942532],[152982.375942],[152982.813074],[152983.248864],[152983.686058],[152984.218833],[152984.786519],[152985.222919],[152985.664813],[152986.102556],[152986.539078],[152986.976333],[152987.413832],[152987.86842],[152988.304393],[152988.741404],[152989.178659],[152989.62043],[152989.723945]],"gpu":[],"package":[[152478.625339],[152479.72342],[152480.824552],[152481.864223],[152482.849999],[152483.852865],[152484.864154],[152485.85090699999],[152486.851453],[152487.851451],[152488.847847],[152489.848272],[152490.848391],[152491.835205],[152492.845945],[152493.844355],[152494.83062],[152495.835439],[152496.843493],[152497.826828],[152498.826765],[152499.817668],[152500.803871],[152501.784216],[152502.779391],[152503.751435],[152504.739957],[152505.736232],[152506.714806],[152507.701193],[152508.692523],[152509.692826],[152510.691724],[152511.676585],[152512.687691],[152513.68305],[152515.169313],[152527.789032],[152540.327452],[152553.081936],[152565.864496],[152578.643333],[152591.365651],[152604.157244],[152616.753343],[152629.594069],[152642.334088],[152655.112314],[152667.838295],[152680.676824],[152691.47239],[152701.40077],[152711.164722],[152720.846155],[152730.498291],[152740.142919],[152749.797314],[152759.501756],[152769.366843],[152779.250546],[152789.184481],[152798.885628],[152811.626623],[152824.405765],[152837.114778],[152849.909118],[152862.569669],[152872.776003],[152882.418007],[152892.063612],[152902.006274],[152912.506614],[152922.325375],[152932.218905],[152942.329719],[152952.264752],[152962.217851],[152972.109672],[152981.938321],[152991.852968],[153001.777992],[153011.696362],[153021.659716],[153031.538414],[153041.142027],[153049.770423],[153059.604443],[153069.505357],[153079.386436],[153088.959775],[153098.565769],[153108.155771],[153117.761032],[153127.335715],[153136.955014],[153146.746004],[153156.602852],[153166.49809],[153176.393023],[153186.322319],[153199.07839],[153211.197866],[153221.157374],[153231.079956],[153240.969152],[153250.835032],[153260.728928],[153270.980061],[153280.872675],[153290.742828],[153300.620794],[153310.156047],[153311.869788]],"socket":0,"sys":[],"uncore":[]}],"range":{"end":{"absolute_address":"0x7fffeff84493","compilation_unit":null,"function_return":true},"start":{"address":"0x4026e0","compilation_unit":{"path":"/home/vlad/energy-profiler-evaluation/cblas/cblas.cpp"},"function_call":{"function":{"declared":{"column":5,"file":"/home/vlad/energy-profiler-evaluation/cblas/cblas.cpp","line":208},"static":false},"symbol":{"address":"0x4026e0","binding":"global","demangled_name":"main","local_entrypoint":"0x4026e0","mangled_name":"main","size":"0x39d"}}}},