{"format":{"cpu":["energy"],"gpu":[]},"groups":[{"extra":null,"label":null,"sections":[{"executions":[{"cpu":[{"cores":[[197884.819341],[197890.317618],[197896.951329],[197902.861775],[197907.845649],[197912.824762],[197917.813946],[197922.811553],[197927.858842],[197932.88245],[197937.887442],[197942.928445],[197948.011074],[197953.088331],[197958.127442],[197963.198107],[197968.278234],[197973.470786],[197978.552316],[197983.630062],[197988.710737],[197993.720368],[197998.742267],[198003.768377],[198008.80645],[198013.866618],[198018.946256],[198024.026382],[198029.126283],[198034.206837],[198039.289038],[198044.366235],[198049.439159],[198054.512388],[198059.587082],[198064.663668],[198069.744343],[198074.82093],[198079.900079],[198084.980572],[198090.057951],[198095.11171],[198100.149844],[198105.208486],[198110.269447],[198115.328638],[198120.383252],[198125.448608],[198130.52733],[198135.605808],[198140.683249],[198145.759591],[198150.832576],[198155.910383],[198160.988434],[198166.08333],[198171.258732],[198176.435721],[198181.599404],[198186.73141],[198192.263622],[198197.342405],[198202.421067],[198207.894747],[198212.962483],[198218.030707],[198223.111749],[198228.1851],[198233.26071],[198238.327469],[198243.694826],[198248.762379],[198253.800696],[198258.859582],[198263.932079],[198269.004148],[198274.076828],[198279.155062],[198284.213582],[198289.272346],[198294.344354],[198299.422711],[198304.500151],[198309.579362],[198314.659122],[198319.733144],[198324.784218],[198329.833643],[198334.906201],[198339.97113],[198345.032152],[198350.098179],[198355.150595],[198360.227426],[198365.305843],[198370.378278],[198375.454193],[198380.532],[198385.597112],[198390.663017],[198395.721231],[198400.784145],[198405.843703],[198410.908021],[198415.98833],[198421.066747],[198426.151451],[198431.244639],[198436.433956],[198441.524398],[198446.628755],[198451.73122],[198456.816106],[198461.89605],[198466.975626],[198472.125271],[198477.290663],[198482.411866],[198487.49364],[198493.162327],[198499.648089],[198506.384949],[198513.123518],[198519.863858],[198526.602305],[198533.313469],[198539.391273],[198543.805142],[198548.216934],[198552.629582],[198557.064812],[198561.555157],[198566.059845],[198570.322103],[198573.697338],[198576.631229],[198579.317441],[198581.232719]],"dram":[[153002.954991],[153003.069126],[153003.190342],[153003.290378],[153003.38309],[153003.475802],[153003.568514],[153003.662142],[153003.754854],[153003.847505],[153003.940218],[153004.03293],[153004.124726],[153004.218354],[153004.310151],[153004.403778],[153004.495575],[153004.591034],[153004.682769],[153004.776397],[153004.869109],[153004.960906],[153005.054534],[153005.147246],[153005.239958],[153005.33267],[153005.425382],[153005.518094],[153005.610746],[153005.703519],[153005.796353],[153005.889004],[153005.981716],[153006.074489],[153006.167202],[153006.259914],[153006.352626],[153006.445338],[153006.53805],[153006.630762],[153006.723475],[153006.816126],[153006.908899],[153007.00155],[153007.094262],[153007.187035],[153007.279687],[153007.372399],[153007.465111],[153007.557823],[153007.650535],[153007.743186],[153007.835899],[153007.928672],[153008.021323],[153008.114035],[153008.206747],[153008.299459],[153008.392172],[153008.484884],[153008.585836],[153008.678487],[153008.771199],[153008.871296],[153008.963947],[153009.056721],[153009.149433],[153009.242145],[153009.334796],[153009.427508],[153009.525775],[153009.618487],[153009.711138],[153009.80385],[153009.896562],[153009.989274],[153010.081987],[153010.174638],[153010.267411],[153010.360062],[153010.452774],[153010.545486],[153010.638198],[153010.730911],[153010.823623],[153010.916335],[153011.008986],[153011.101698],[153011.19441],[153011.287123],[153011.379835],[153011.472486],[153011.565198],[153011.657971],[153011.750622],[153011.843274],[153011.935986],[153012.028698],[153012.12141],[153012.214122],[153012.306834],[153012.399547],[153012.492198],[153012.584971],[153012.677683],[153012.770334],[153012.863046],[153012.955758],[153013.050302],[153013.143014],[153013.235726],[153013.328438],[153013.421089],[153013.513801],[153013.606514],[153013.699226],[153013.791877],[153013.88465],[153013.977362],[153014.091193],[153014.209539],[153014.332525],[153014.45551],[153014.578496],[153014.701482],[153014.824528],[153014.926396],[153015.018192],[153015.109928],[153015.201724],[153015.293582],[153015.385379],[153015.477175],[153015.568972],[153015.661074],[153015.753847],[153015.845583],[153015.92914]],"gpu":[],"package":[[154016.49274],[154021.525381],[154028.246311],[154034.739825],[154039.836675],[154044.836906],[154049.891397],[154055.002163],[154060.116103],[154065.206422],[154070.27782],[154075.385045],[154080.482689],[154085.678476],[154090.73724],[154095.921492],[154101.021516],[154106.328875],[154111.477238],[154116.621573],[154121.768777],[154126.796291],[154131.933607],[154137.026123],[154142.130724],[154147.257603],[154152.403952],[154157.550729],[154162.716975],[154167.863874],[154173.012603],[154178.156267],[154183.295597],[154188.435293],[154193.576393],[154198.719813],[154203.866955],[154209.01007],[154214.156053],[154219.303195],[154224.447286],[154229.567756],[154234.672602],[154239.797894],[154244.925322],[154250.051285],[154255.172183],[154260.304372],[154265.4495],[154270.594385],[154275.738353],[154280.881285],[154286.020737],[154291.165072],[154296.309529],[154301.470954],[154306.7127],[154311.9564],[154317.186367],[154322.384901],[154327.989868],[154333.134996],[154338.280185],[154343.825765],[154348.959663],[154354.094476],[154359.238018],[154364.382108],[154369.524307],[154374.657595],[154380.09502],[154385.228918],[154390.333885],[154395.455088],[154400.598446],[154405.732527],[154410.876069],[154416.016864],[154421.146245],[154426.271598],[154431.405741],[154436.550747],[154441.698927],[154446.844605],[154451.991076],[154457.131627],[154462.249351],[154467.364938],[154472.504085],[154477.631391],[154482.763153],[154487.891497],[154493.010197],[154498.158377],[154503.298989],[154508.43777],[154513.58064],[154518.725158],[154523.856981],[154528.989048],[154534.113852],[154539.24305],[154544.369013],[154549.499921],[154554.646819],[154559.791581],[154564.942813],[154570.102224],[154575.359474],[154580.52102],[154585.687938],[154590.857176],[154596.008652],[154601.155306],[154606.301472],[154611.517401],[154616.749321],[154621.941447],[154627.085721],[154632.267897],[154638.840939],[154645.663676],[154652.492455],[154659.319647],[154666.145435],[154672.950776],[154679.661208],[154684.138126],[154688.607108],[154693.08311],[154697.580657],[154702.131244],[154706.699286],[154711.028072],[154714.468859],[154717.500284],[154720.248202],[154722.223905]],"socket":0,"sys":[],"uncore":[]}],"range":{"end":{"absolute_address":"0x7ffff6c00493","compilation_unit":null,"function_return":true},"start":{"address":"0x402050","compilation_unit":{"path":"/home/vlad/energy-profiler-evaluation/rng/rng.cpp"},"function_call":{"function":{"declared":{"column":5,"file":"/home/vlad/energy-profiler-evaluation/rng/rng.cpp","line":70},"static":false},"symbol":{"address":"0x402050","binding":"global","demangled_name":"main","local_entrypoint":"0x402050","mangled_name":"main","size":"0x12b"}}}},