{"format":{"cpu":["energy"],"gpu":[]},"groups":[{"extra":null,"label":null,"sections":[{"executions":[{"cpu":[{"cores":[[188825.653384],[188830.620596],[188835.603127],[188840.584376],[188845.60597],[188850.602417],[188855.606555],[188860.686376],[188865.768455],[188870.848276],[188875.928829],[188881.006453],[188886.085603],[188891.165363],[188896.232733],[188901.247124],[188906.768838],[188911.808803],[188916.854567],[188921.923402],[188926.98772],[188932.031652],[188937.063622],[188942.101756],[188947.164548],[188952.219345],[188957.299349],[188962.361164],[188967.424689],[188972.499322],[188977.578349],[188982.653166],[188987.714249],[188992.758059],[188997.805226],[189002.964576],[189008.024622],[189013.047619],[189018.08026],[189023.137254],[189028.19028],[189033.245748],[189038.299813],[189043.332759],[189048.378461],[189053.575897],[189058.871171],[189064.070316],[189069.282033],[189074.457374],[189079.673791],[189084.87318],[189090.07678],[189095.275924],[189100.524202],[189105.848407],[189111.065862],[189116.278678],[189121.493814],[189126.753688],[189131.954419],[189137.175109],[189142.448106],[189147.674227],[189152.957905],[189158.186163],[189163.418938],[189168.699869],[189174.052578],[189179.339857],[189184.619262],[189189.848497],[189195.080478],[189200.296163],[189205.501777],[189210.733209],[189215.962688],[189221.19528],[189226.42543],[189231.656984],[189236.885669],[189242.166906],[189247.451316],[189252.681405],[189257.963252],[189263.193402],[189268.472746],[189273.70369],[189278.933962],[189284.203724],[189289.465674],[189294.682823],[189299.923288],[189305.202511],[189310.426557],[189315.655487],[189320.887102],[189326.119877],[189331.352285],[189336.631874],[189341.860559],[189347.140025],[189352.369687],[189357.651107],[189362.679231],[189367.753498],[189372.827826],[189377.908257],[189382.984355],[189388.062833],[189393.141495],[189398.222292],[189403.280507],[189408.354285],[189414.184226],[189420.913518],[189427.649707],[189434.386506],[189441.127517],[189447.866208],[189454.579936],[189461.306176],[189468.046149],[189474.289846],[189478.778727],[189483.26486],[189487.741594],[189492.221441],[189496.702082],[189501.194135],[189505.704439],[189509.413231],[189512.140152],[189514.844796],[189517.580324],[189519.935482],[189521.005547],[189521.063408]],"dram":[[152682.36609],[152682.459107],[152682.55188],[152682.644592],[152682.737305],[152682.830017],[152682.92279],[152683.015502],[152683.108153],[152683.200926],[152683.293639],[152683.38629],[152683.479002],[152683.571775],[152683.664426],[152683.757138],[152683.859067],[152683.951779],[152684.04443],[152684.137203],[152684.229854],[152684.322628],[152684.415279],[152684.507991],[152684.600703],[152684.693415],[152684.786127],[152684.87884],[152684.971552],[152685.064264],[152685.156976],[152685.249688],[152685.342461],[152685.435113],[152685.527825],[152685.622368],[152685.71508],[152685.807731],[152685.900504],[152685.993217],[152686.085868],[152686.17858],[152686.271292],[152686.364004],[152686.456777],[152686.552175],[152686.649465],[152686.744924],[152686.840382],[152686.935841],[152687.031361],[152687.12682],[152687.222278],[152687.317737],[152687.414172],[152687.511462],[152687.60686],[152687.702319],[152687.797777],[152687.894213],[152687.98961],[152688.085069],[152688.181443],[152688.276902],[152688.373337],[152688.468735],[152688.564194],[152688.660568],[152688.757003],[152688.852462],[152688.948775],[152689.044234],[152689.139693],[152689.235213],[152689.330671],[152689.42613],[152689.521589],[152689.616987],[152689.712506],[152689.807965],[152689.903363],[152689.999798],[152690.096111],[152690.19157],[152690.287944],[152690.383403],[152690.479838],[152690.575297],[152690.670756],[152690.76713],[152690.863504],[152690.958963],[152691.054483],[152691.150857],[152691.246316],[152691.341714],[152691.437172],[152691.532631],[152691.62809],[152691.724464],[152691.819923],[152691.916358],[152692.011756],[152692.10813],[152692.199927],[152692.292639],[152692.385351],[152692.478063],[152692.570714],[152692.663427],[152692.756139],[152692.848851],[152692.941563],[152693.034275],[152693.150852],[152693.273777],[152693.396823],[152693.519809],[152693.642794],[152693.76578],[152693.888765],[152694.011751],[152694.134797],[152694.239411],[152694.331208],[152694.422944],[152694.51474],[152694.607452],[152694.699249],[152694.791046],[152694.882842],[152694.974639],[152695.066436],[152695.159087],[152695.250944],[152695.34268],[152695.434538],[152695.440885]],"gpu":[],"package":[[144793.64837],[144798.662029],[144803.711699],[144808.759842],[144813.844912],[144818.910878],[144823.981178],[144829.127466],[144834.273022],[144839.422423],[144844.569199],[144849.713412],[144854.859395],[144860.005744],[144865.136895],[144870.217571],[144875.815213],[144880.921645],[144886.030824],[144891.169116],[144896.297155],[144901.41024],[144906.506052],[144911.613766],[144916.739913],[144921.861237],[144927.007525],[144932.135747],[144937.266288],[144942.406839],[144947.552578],[144952.693556],[144957.82489],[144962.931323],[144968.04514],[144973.271872],[144978.401681],[144983.488216],[144988.590376],[144993.713898],[144998.830584],[145003.952702],[145009.073111],[145014.172952],[145019.288295],[145024.551038],[145029.91632],[145035.187302],[145040.464693],[145045.708393],[145050.993109],[145056.261101],[145061.533121],[145066.800686],[145072.121473],[145077.51245],[145082.798264],[145088.079623],[145093.363301],[145098.692633],[145103.961113],[145109.250101],[145114.592983],[145119.887586],[145125.240416],[145130.537217],[145135.835604],[145141.188496],[145146.610601],[145151.967094],[145157.316079],[145162.613856],[145167.914502],[145173.198851],[145178.473068],[145183.773165],[145189.071369],[145194.369512],[145199.671073],[145204.97123],[145210.268397],[145215.61903],[145220.969725],[145226.268478],[145231.619356],[145236.918048],[145242.269597],[145247.569571],[145252.865395],[145258.204309],[145263.53535],[145268.824521],[145274.13346800001],[145279.482026],[145284.774798],[145290.072575],[145295.372732],[145300.670753],[145305.971765],[145311.320934],[145316.621152],[145321.970198],[145327.265595],[145332.616167],[145337.710698],[145342.851554],[145347.995461],[145353.139186],[145358.281629],[145363.426635],[145368.571825],[145373.719028],[145378.84371],[145383.983895],[145389.335199],[145396.152198],[145402.972005],[145409.799808],[145416.626694],[145423.452177],[145430.261791],[145437.072626],[145443.899574],[145450.695577],[145455.341439],[145459.889889],[145464.429306],[145469.017674],[145473.557457],[145478.113048],[145482.683898],[145486.460134],[145489.246992],[145492.036597],[145494.830046],[145497.249291],[145498.388692],[145498.452413]],"socket":0,"sys":[],"uncore":[]}],"range":{"end":{"absolute_address":"0x7ffff6c00493","compilation_unit":null,"function_return":true},"start":{"address":"0x402050","compilation_unit":{"path":"/home/vlad/energy-profiler-evaluation/rng/rng.cpp"},"function_call":{"function":{"declared":{"column":5,"file":"/home/vlad/energy-profiler-evaluation/rng/rng.cpp","line":70},"static":false},"symbol":{"address":"0x402050","binding":"global","demangled_name":"main","local_entrypoint":"0x402050","mangled_name":"main","size":"0x12b"}}}},