{"format":{"cpu":["energy"],"gpu":[]},"groups":[{"extra":null,"label":null,"sections":[{"executions":[{"cpu":[{"cores":[[187316.277182],[187317.201924],[187318.127764],[187319.048049],[187319.945081],[187320.822459],[187321.729805],[187322.605841],[187323.495975],[187324.374269],[187325.256774],[187326.158017],[187327.052729],[187327.934806],[187328.819631],[187329.699756],[187330.599289],[187331.498274],[187332.391094],[187333.288614],[187334.174353],[187335.007603],[187335.843844],[187336.677826],[187337.508634],[187338.34341],[187339.185693],[187340.023154],[187340.865254],[187341.696307],[187342.537064],[187343.369642],[187344.198315],[187345.023142],[187345.845222],[187346.673528],[187347.446475],[187356.246624],[187365.336871],[187374.67547],[187384.045686],[187393.478218],[187402.892683],[187412.345357],[187421.755916],[187431.597932],[187441.010872],[187450.452803],[187459.857198],[187469.318234],[187478.76401],[187488.26008],[187497.562546],[187507.039939],[187516.244627],[187525.686864],[187535.113658],[187544.528673],[187553.997094],[187563.40979],[187572.838904],[187582.255322],[187591.749561],[187601.229273],[187610.672181],[187620.149635],[187629.541639],[187638.926686],[187648.330654],[187657.798464],[187667.226968],[187676.654068],[187686.286184],[187695.755276],[187705.120914],[187714.568704],[187724.018998],[187733.490531],[187742.965055],[187752.420902],[187761.904399],[187771.305803],[187780.651604],[187790.087676],[187799.561468],[187809.041058],[187818.558917],[187828.014459],[187837.532257],[187846.858771],[187856.391095],[187865.032919],[187873.415222],[187882.819067],[187892.262402],[187901.680896],[187911.845177],[187921.293334],[187930.725744],[187940.114331],[187949.533679],[187958.961084],[187968.394593],[187977.803748],[187987.216261],[187996.651478],[188006.054836],[188015.480226],[188024.921914],[188034.350356],[188043.727957],[188053.135526],[188062.546085],[188071.970988],[188081.349809],[188090.757255],[188100.199553],[188109.63825],[188118.978619],[188127.993854],[188129.474808]],"dram":[[152628.887284],[152629.133865],[152629.381423],[152629.562209],[152629.678541],[152629.794752],[152629.911573],[152630.028455],[152630.14607],[152630.262829],[152630.379467],[152630.496105],[152630.612621],[152630.729442],[152630.846202],[152630.962718],[152631.079112],[152631.195749],[152631.313364],[152631.429758],[152631.546212],[152631.663583],[152631.781014],[152631.898323],[152632.015755],[152632.133064],[152632.250984],[152632.368476],[152632.487311],[152632.604926],[152632.722296],[152632.839727],[152632.957036],[152633.074529],[152633.191899],[152633.309269],[152633.424381],[152633.828494],[152634.267153],[152634.699158],[152635.130005],[152635.556761],[152635.983823],[152636.40765],[152636.837215],[152637.282221],[152637.712456],[152638.138481],[152638.568045],[152638.994741],[152639.423695],[152639.844592],[152640.276293],[152640.698289],[152641.134445],[152641.560164],[152641.988446],[152642.417461],[152642.843303],[152643.273477],[152643.695412],[152644.124855],[152644.548437],[152644.974828],[152645.401402],[152645.825717],[152646.255953],[152646.679963],[152647.110321],[152647.535796],[152647.964811],[152648.392727],[152648.829738],[152649.25564],[152649.687218],[152650.108299],[152650.537314],[152650.961629],[152651.387836],[152651.815631],[152652.240923],[152652.671464],[152653.098464],[152653.527174],[152653.955335],[152654.380932],[152654.805919],[152655.234506],[152655.657113],[152656.088935],[152656.513373],[152656.949407],[152657.377262],[152657.801516],[152658.225893],[152658.650086],[152659.108337],[152659.533384],[152659.957211],[152660.381466],[152660.806025],[152661.230646],[152661.654168],[152662.078239],[152662.503103],[152662.927968],[152663.351856],[152663.775622],[152664.200182],[152664.624558],[152665.048568],[152665.473128],[152665.897992],[152666.322613],[152666.746379],[152667.171426],[152667.595986],[152668.019752],[152668.444067],[152668.874791],[152668.969273]],"gpu":[],"package":[[143256.968771],[143258.033954],[143259.10231],[143260.125928],[143261.088328],[143262.031319],[143263.004705],[143263.946597],[143264.910462],[143265.854796],[143266.802913],[143267.769097],[143268.729849],[143269.678394],[143270.627855],[143271.574202],[143272.538922],[143273.504312],[143274.471656],[143275.434117],[143276.385774],[143277.285125],[143278.187772],[143279.08755],[143279.984947],[143280.885885],[143281.794025],[143282.697099],[143283.615126],[143284.511547],[143285.419077],[143286.317329],[143287.21198],[143288.102969],[143288.991455],[143289.885618],[143290.729732],[143299.575168],[143308.933848],[143318.458848],[143328.006309],[143337.618162],[143347.214878],[143356.853403],[143366.443649],[143376.476217],[143386.066585],[143395.689851],[143405.282112],[143414.917952],[143424.546711],[143434.22381],[143443.706147],[143453.366645],[143462.758161],[143472.381733],[143481.988337],[143491.587372],[143501.236517],[143510.827923],[143520.444415],[143530.033624],[143539.708953],[143549.374639],[143558.993205],[143568.656999],[143578.232231],[143587.791899],[143597.377079],[143607.026469],[143616.636185],[143626.244925],[143636.062405],[143645.71271],[143655.266091],[143664.890456],[143674.523183],[143684.172572],[143693.828798],[143703.465919],[143713.130628],[143722.720386],[143732.243677],[143741.859681],[143751.51377],[143761.175061],[143770.8734],[143780.513146],[143790.211791],[143799.717748],[143809.433848],[143818.266773],[143826.828518],[143836.4126],[143846.032143],[143855.637954],[143865.990894],[143875.620447],[143885.235229],[143894.806005],[143904.397961],[143914.011889],[143923.633873],[143933.213561],[143942.80631],[143952.422252],[143962.011949],[143971.616233],[143981.235655],[143990.84409],[144000.400462],[144009.983018],[144019.579978],[144029.185727],[144038.741245],[144048.337045],[144057.950546],[144067.56893],[144077.089352],[144086.307102],[144087.852813]],"socket":0,"sys":[],"uncore":[]}],"range":{"end":{"absolute_address":"0x7fffeff84493","compilation_unit":null,"function_return":true},"start":{"address":"0x4026e0","compilation_unit":{"path":"/home/vlad/energy-profiler-evaluation/cblas/cblas.cpp"},"function_call":{"function":{"declared":{"column":5,"file":"/home/vlad/energy-profiler-evaluation/cblas/cblas.cpp","line":208},"static":false},"symbol":{"address":"0x4026e0","binding":"global","demangled_name":"main","local_entrypoint":"0x4026e0","mangled_name":"main","size":"0x39d"}}}},