{"format":{"cpu":["energy"],"gpu":[]},"groups":[{"extra":null,"label":null,"sections":[{"executions":[{"cpu":[{"cores":[[205451.597516],[205452.536967],[205453.487221],[205454.436498],[205455.37247],[205456.295563],[205457.219145],[205458.156215],[205459.09298],[205460.015402],[205460.939961],[205461.863176],[205462.802627],[205463.726208],[205464.649607],[205465.570869],[205466.492986],[205467.418215],[205468.356018],[205469.291929],[205470.215327],[205471.154473],[205472.067312],[205473.001087],[205473.929063],[205474.844588],[205475.77171],[205476.690775],[205477.591773],[205478.502599],[205479.402926],[205480.309967],[205481.226408],[205482.152736],[205483.048913],[205483.986532],[205485.595781],[205496.771107],[205509.079303],[205521.529771],[205534.100113],[205546.5222],[205559.080639],[205571.531841],[205583.72584],[205596.224954],[205608.782111],[205621.074988],[205633.701908],[205646.188815],[205658.779481],[205671.257354],[205683.352721],[205695.780546],[205708.768245],[205721.240014],[205733.817253],[205746.278463],[205758.541494],[205770.391378],[205782.317983],[205794.769184],[205807.372301],[205819.869278],[205832.428634],[205844.903272],[205857.488445],[205869.938913],[205882.55381],[205895.045295],[205907.607091],[205920.074283],[205932.708162],[205945.169129],[205956.929658],[205966.438727],[205976.233014],[205985.734149],[205995.142572],[206003.567234],[206012.32423],[206022.064073],[206031.719505],[206041.4447],[206050.901341],[206060.310008],[206070.210862],[206079.626609],[206089.062681],[206098.462193],[206107.899913],[206117.356188],[206126.810021],[206136.203979],[206145.631872],[206155.066785],[206164.508716],[206173.918726],[206183.349244],[206192.789711],[206202.186842],[206211.640187],[206221.084743],[206230.534914],[206239.942117],[206249.380874],[206258.804068],[206267.30307],[206267.404937]],"dram":[[153270.576315],[153270.8243],[153271.073445],[153271.252522],[153271.368793],[153271.485004],[153271.601825],[153271.719744],[153271.836382],[153271.953081],[153272.069719],[153272.1877],[153272.304216],[153272.421159],[153272.538895],[153272.655472],[153272.771927],[153272.888443],[153273.006118],[153273.122451],[153273.23915],[153273.356581],[153273.475233],[153273.59242],[153273.709852],[153273.828565],[153273.946057],[153274.063366],[153274.180554],[153274.299267],[153274.41682],[153274.534007],[153274.651439],[153274.769969],[153274.887461],[153275.007273],[153275.205392],[153275.720955],[153276.297125],[153276.863225],[153277.427738],[153277.997866],[153278.565491],[153279.13214],[153279.683408],[153280.249325],[153280.818476],[153281.377618],[153281.93859],[153282.506704],[153283.074513],[153283.638842],[153284.187486],[153284.747787],[153285.327742],[153285.895978],[153286.464824],[153287.032022],[153287.58976],[153288.121558],[153288.655065],[153289.223911],[153289.790255],[153290.355378],[153290.924407],[153291.492643],[153292.05502],[153292.623866],[153293.191369],[153293.755943],[153294.324423],[153294.894246],[153295.45589],[153296.024126],[153296.505814],[153296.927199],[153297.380323],[153297.80293],[153298.236034],[153298.669627],[153299.098214],[153299.534493],[153299.971991],[153300.409429],[153300.833928],[153301.258243],[153301.703371],[153302.128175],[153302.552673],[153302.976378],[153303.3999],[153303.82446],[153304.248409],[153304.672175],[153305.0971],[153305.521904],[153305.946341],[153306.370718],[153306.794362],[153307.218006],[153307.64287],[153308.067491],[153308.492172],[153308.916366],[153309.340681],[153309.765484],[153310.190715],[153310.618021],[153310.626749]],"gpu":[],"package":[[161719.936154],[161721.016046],[161722.108695],[161723.168812],[161724.169481],[161725.15605],[161726.143475],[161727.153787],[161728.154395],[161729.141331],[161730.129793],[161731.12564],[161732.128933],[161733.117578],[161734.104575],[161735.099628],[161736.08632],[161737.074355],[161738.087048],[161739.087655],[161740.07453],[161741.07703],[161742.065126],[161743.06317],[161744.056149],[161745.036798],[161746.037589],[161747.022327],[161747.988634],[161748.963424],[161749.937786],[161750.908975],[161751.890052],[161752.881321],[161753.851167],[161754.854156],[161756.156642],[161766.916319],[161779.427823],[161792.127559],[161804.923363],[161817.586051],[161830.375935],[161843.062975],[161855.508622],[161868.247725],[161881.044506],[161893.575968],[161906.427864],[161919.15476],[161931.998722],[161944.721772],[161957.524047],[161969.711272],[161982.541317],[161995.641015],[162008.472098],[162021.179035],[162033.966173],[162046.426895],[162058.581527],[162070.591506],[162083.443768],[162096.188121],[162108.983803],[162121.698248],[162134.518223],[162147.200197],[162160.066253],[162172.80499],[162185.602565],[162198.311516],[162211.173666],[162223.879383],[162236.734209],[162246.618094],[162256.609768],[162266.291628],[162275.877358],[162284.487626],[162293.428155],[162303.35324],[162313.194462],[162323.105142],[162332.742264],[162342.33135],[162352.422267],[162362.018373],[162371.637],[162381.21797],[162390.832752],[162400.469446],[162410.105042],[162419.678748],[162429.287488],[162438.903491],[162448.52517],[162458.115722],[162467.726659],[162477.347606],[162486.929674],[162496.559532],[162506.185667],[162515.814488],[162525.402232],[162535.022324],[162544.626365],[162553.322265],[162553.420593]],"socket":0,"sys":[],"uncore":[]}],"range":{"end":{"absolute_address":"0x7fffeff84493","compilation_unit":null,"function_return":true},"start":{"address":"0x4026e0","compilation_unit":{"path":"/home/vlad/energy-profiler-evaluation/cblas/cblas.cpp"},"function_call":{"function":{"declared":{"column":5,"file":"/home/vlad/energy-profiler-evaluation/cblas/cblas.cpp","line":208},"static":false},"symbol":{"address":"0x4026e0","binding":"global","demangled_name":"main","local_entrypoint":"0x4026e0","mangled_name":"main","size":"0x39d"}}}},"sample_times":[1493022791090529,1493022891404916,1493022991726950,1493023091948586,1493023192140985,1493023292423434,1493023392708206,1493023492986601,1493023593172995,1493023693458773,1493023793742143,1493023894025614,1493023994325608,1493024094518064,1493024194796169,1493024295072634,1493024395358724,1493024495647346,1493024595934025,1493024696124382,1493024796400473,1493024896681929,1493024996962166,1493025097250303,1493025197436587,1493025297726653,1493025398017561,1493025498208016,1493025598486426,1493025698773396,1493025799066836,1493025899346253,1493025999633242,1493026099825068,1493026200112517,1493026300397037,1493026404043263,1493026518023879,1493026652021442,1493026786021825,1493026920027740,1493027054019211,1493027188018295,1493027322019497,1493027452022149,1493027586020007,1493027720021280,1493027852020098,1493027986018126,1493028120016645,1493028254021728,1493028388020727,1493028522032960,1493028650027088,1493028784019228,1493028922024777,1493029056019300,1493029190027721,1493029324019899,1493029455025077,1493029582027016,1493029709024923,1493029843019739,1493029977031143,1493030111020159,1493030245020112,1493030379019136,1493030513017814,1493030647020488,1493030781020521,1493030915020071,1493031049020944,1493031183017970,1493031317019270,1493031451025283,1493031554021909,1493031660021249,1493031761019208,1493031862021944,1493031963023063,1493032064028276,1493032168019515,1493032272018620,1493032376021771,1493032477021041,1493032578029912,1493032684031560,1493032785020258,1493032886016998,1493032987016359,1493033088020760,1493033189020101,1493033290016999,1493033391021617,1493033492023982,1493033593019902,1493033694027028,1493033795023026,1493033896017956,1493033997017340,1493034098012546,1493034199017775,1493034300018104,1493034401017980,1493034502018516,1493034603018554,1493034704017258,1493034805007780,1493034808258605]}],"extra":null,"label":null}]}],"idle":[],"units":{"energy":"J","power":"W","time":"ns"}}