{"format":{"cpu":["energy"],"gpu":[]},"groups":[{"extra":null,"label":null,"sections":[{"executions":[{"cpu":[{"cores":[[81717.879363],[81722.862444],[81728.236575],[81733.449148],[81738.641761],[81743.9125],[81749.170482],[81754.451413],[81759.678023],[81764.898896],[81770.179156],[81775.509282],[81780.609977],[81785.883523],[81791.113185],[81796.341198],[81801.621764],[81806.805283],[81811.840304],[81817.021871],[81822.051277],[81827.132501],[81832.359539],[81837.379485],[81842.359757],[81847.341861],[81852.323721],[81857.304482],[81862.286525],[81867.266249],[81872.435913],[81877.612658],[81883.484652],[81890.09279],[81896.709167],[81903.318342],[81909.932766],[81916.633981],[81923.359184],[81930.088964],[81936.713215],[81943.38672],[81950.109115],[81956.747282],[81963.355786],[81970.051264],[81976.675515],[81983.349082],[81990.076054],[81996.683886],[82002.406772],[82007.406332],[82012.486092],[82017.563533],[82023.044292],[82028.076933],[82033.158463],[82038.240726],[82043.320486],[82048.397133],[82053.479395],[82058.810192],[82063.891051],[82068.97197],[82074.40439],[82079.434285],[82084.419074],[82089.750787],[82094.795757],[82099.775236],[82104.758011],[82109.739871],[82114.759146],[82119.786354],[82124.860682],[82129.911939],[82134.927612],[82139.939501],[82144.921422],[82149.903099],[82154.889719],[82159.881528],[82164.873763],[82169.870149],[82174.859089],[82179.879462],[82184.873773],[82189.882671],[82194.951262],[82199.936296],[82204.982181],[82210.059561],[82215.144753],[82220.223902],[82225.303968],[82230.384643],[82235.46129],[82240.539097],[82245.62081],[82250.699227],[82255.779414],[82260.827924],[82265.823639],[82270.815936],[82275.804876],[82280.805107],[82285.810588],[82290.758085],[82295.747391],[82300.741458],[82305.753713],[82310.783302],[82315.786036],[82320.826977],[82325.848571],[82330.894945],[82335.902073],[82341.105551],[82346.180855],[82351.253291],[82356.25456],[82361.261139],[82365.83382],[82370.271309],[82374.694332],[82379.13475],[82383.638645],[82388.064537],[82392.477307],[82396.059756],[82399.325617],[82402.333605],[82404.871379],[82406.926794],[82408.55966299999],[82409.654326],[82410.10513]],"dram":[[58004.438483],[58004.531439],[58004.631537],[58004.727972],[58004.823431],[58004.919805],[58005.016179],[58005.112553],[58005.208073],[58005.303532],[58005.399967],[58005.497257],[58005.590946],[58005.688236],[58005.783694],[58005.879092],[58005.975466],[58006.070925],[58006.163637],[58006.259096],[58006.351808],[58006.44452],[58006.539979],[58006.632691],[58006.725403],[58006.818176],[58006.910828],[58007.00354],[58007.096252],[58007.188964],[58007.284484],[58007.380797],[58007.500121],[58007.623106],[58007.746153],[58007.869199],[58007.992124],[58008.11517],[58008.238156],[58008.361202],[58008.484127],[58008.607173],[58008.730159],[58008.853144],[58008.97613],[58009.099115],[58009.222101],[58009.345087],[58009.468072],[58009.585625],[58009.687432],[58009.780144],[58009.872917],[58009.965568],[58010.065605],[58010.158378],[58010.251029],[58010.343741],[58010.436453],[58010.529166],[58010.621878],[58010.719167],[58010.81188],[58010.904531],[58011.003713],[58011.096364],[58011.189076],[58011.288197],[58011.38097],[58011.473987],[58011.566761],[58011.659473],[58011.752185],[58011.844897],[58011.937548],[58012.030321],[58012.123033],[58012.215685],[58012.308397],[58012.401109],[58012.493821],[58012.586533],[58012.679245],[58012.771958],[58012.864609],[58012.957382],[58013.050094],[58013.142745],[58013.235457],[58013.32817],[58013.420943],[58013.513716],[58013.606367],[58013.699079],[58013.791791],[58013.884504],[58013.977155],[58014.069928],[58014.162579],[58014.255352],[58014.348003],[58014.440716],[58014.533428],[58014.62614],[58014.718852],[58014.811503],[58014.904276],[58014.996012],[58015.088724],[58015.181436],[58015.274148],[58015.366861],[58015.459573],[58015.552224],[58015.644936],[58015.737648],[58015.83036],[58015.926796],[58016.019508],[58016.11222],[58016.204871],[58016.297583],[58016.38938],[58016.481177],[58016.572973],[58016.664831],[58016.756567],[58016.849279],[58016.941075],[58017.032872],[58017.124669],[58017.216404],[58017.308201],[58017.400974],[58017.492771],[58017.584567],[58017.631381]],"gpu":[],"package":[[19880.491647],[19885.531612],[19890.977643],[19896.262542],[19901.520524],[19906.86072],[19912.187916],[19917.538244],[19922.832969],[19928.122628],[19933.472163],[19938.872113],[19944.040312],[19949.383194],[19954.681459],[19959.977955],[19965.327611],[19970.579978],[19975.681284],[19980.928829],[19986.027509],[19991.172333],[19996.471208],[20001.55817],[20006.605032],[20011.65397],[20016.699367],[20021.746595],[20026.795044],[20031.841418],[20037.082127],[20042.328513],[20047.725044],[20054.42156],[20061.129002],[20067.826128],[20074.528504],[20081.308455],[20088.124416],[20094.940805],[20101.663749],[20108.419713],[20115.22359],[20121.958802],[20128.657149],[20135.430691],[20142.146434],[20148.902154],[20155.729834],[20162.426594],[20168.726688],[20173.841543],[20178.988014],[20184.131922],[20189.68452],[20194.786497],[20199.931198],[20205.079988],[20210.226032],[20215.372442],[20220.518303],[20225.919107],[20231.066433],[20236.214247],[20241.717834],[20246.814623],[20251.86533],[20257.268392],[20262.379524],[20267.426142],[20272.475751],[20277.524261],[20282.610124],[20287.703556],[20292.844534],[20297.962319],[20303.045008],[20308.12367],[20313.172302],[20318.220385],[20323.270726],[20328.329307],[20333.387765],[20338.453853],[20343.509504],[20348.596405],[20353.657367],[20358.732183],[20363.867607],[20368.9163],[20374.028591],[20379.17549],[20384.32428],[20389.469958],[20394.616551],[20399.763572],[20404.906625],[20410.054134],[20415.199384],[20420.347565],[20425.494341],[20430.606694],[20435.672232],[20440.730752],[20445.785915],[20450.849867],[20455.924744],[20460.932361],[20465.99088],[20471.051597],[20476.13032],[20481.226193],[20486.295272],[20491.40323],[20496.491107],[20501.603948],[20506.677666],[20511.950418],[20517.092007],[20522.231276],[20527.299012],[20532.371814],[20537.009253],[20541.508021],[20545.996535],[20550.494814],[20555.060049],[20559.593546],[20564.068327],[20567.715412],[20571.043041],[20574.112674],[20576.712399],[20578.833487],[20580.544725],[20581.704756],[20582.188886]],"socket":0,"sys":[],"uncore":[]}],"range":{"end":{"absolute_address":"0x4020e0","compilation_unit":null,"function_return":true},"start":{"address":"0x402300","compilation_unit":{"path":"/home/vlad/energy-profiler-evaluation/rng/rng.cpp"},"function_call":{"function":{"declared":{"column":32,"file":"/home/vlad/energy-profiler-evaluation/rng/rng.cpp","line":43},"static":true},"symbol":{"address":"0x402300","binding":"local","demangled_name":"(anonymous namespace)::generate(std::vector<std::mersenne_twister_engine<unsigned long, 64ul, 312ul, 156ul, 31ul, 13043109905998158313ul, 29ul, 6148914691236517205ul, 17ul, 8202884508482404352ul, 37ul, 18444473444759240704ul, 43ul, 6364136223846793005ul>, std::allocator<std::mersenne_twister_engine<unsigned long, 64ul, 312ul, 156ul, 31ul, 13043109905998158313ul, 29ul, 6148914691236517205ul, 17ul, 8202884508482404352ul, 37ul, 18444473444759240704ul, 43ul, 6364136223846793005ul> > >&, unsigned long, double, double)","local_entrypoint":"0x402300","mangled_name":"_ZN12_GLOBAL__N_18generateERSt6vectorISt23mersenne_twister_engineImLm64ELm312ELm156ELm31ELm13043109905998158313ELm29ELm6148914691236517205ELm17ELm8202884508482404352ELm37ELm18444473444759240704ELm43ELm6364136223846793005EESaIS2_EEmdd","size":"0x2e"}}}},