{"format":{"cpu":["energy"],"gpu":[]},"groups":[{"extra":null,"label":null,"sections":[{"executions":[{"cpu":[{"cores":[[71424.252517],[71424.375502],[71424.487868],[71424.580031],[71424.666334],[71424.753919],[71424.841871],[71424.922925],[71425.013379],[71425.098889],[71425.187329],[71425.274487],[71425.376232],[71425.460888],[71425.547374],[71425.631786],[71425.721629],[71425.807444],[71425.89857],[71425.985911],[71426.069895],[71426.171762],[71426.2577],[71426.351693],[71426.447885],[71426.537484],[71426.624764],[71426.707772],[71426.79084],[71426.873665],[71426.95655],[71427.043464],[71427.129829],[71427.227851],[71427.31037],[71427.391303],[71427.475958],[71427.561346],[71427.652105],[71427.736456],[71427.818059],[71427.905523],[71427.991033],[71428.073613],[71428.156437],[71428.241154],[71428.350712],[71428.435184],[71428.522953],[71428.607181],[71428.690005],[71428.780276],[71428.866763],[71428.955935],[71429.057253],[71429.152407],[71429.260194],[71429.364137],[71429.449647],[71429.533387],[71429.622193],[71429.717469],[71429.801025],[71429.888916],[71429.973938],[71430.059081],[71430.143981],[71430.249572],[71430.335509],[71430.424132],[71430.511473],[71430.611753],[71430.698057],[71430.783445],[71430.872068],[71430.979428],[71431.083493],[71431.167172],[71431.251949],[71431.355099],[71431.452022],[71431.541133],[71431.629878],[71431.744563],[71431.830134],[71431.930903],[71432.038385],[71432.121149],[71432.231317],[71432.333734],[71432.42376],[71432.510308],[71432.59667299999],[71432.705559],[71432.790764],[71432.893669],[71433.000602],[71433.085929],[71433.194205],[71433.297415],[71433.356925]],"dram":[[57394.35429],[57394.447186],[57394.539104],[57394.630901],[57394.723613],[57394.81541],[57394.907206],[57394.999919],[57395.091715],[57395.183512],[57395.276163],[57395.36796],[57395.460733],[57395.552529],[57395.644326],[57395.736123],[57395.828896],[57395.920693],[57396.012428],[57396.10514],[57396.196937],[57396.288734],[57396.381507],[57396.473242],[57396.565039],[57396.657751],[57396.749548],[57396.841283],[57396.93308],[57397.025792],[57397.117589],[57397.210301],[57397.302098],[57397.393833],[57397.485691],[57397.578342],[57397.670139],[57397.761935],[57397.854586],[57397.946444],[57398.03818],[57398.130892],[57398.222689],[57398.314485],[57398.407197],[57398.498994],[57398.590791],[57398.683442],[57398.775238],[57398.867035],[57398.959747],[57399.051483],[57399.143279],[57399.236053],[57399.327788],[57399.419585],[57399.512358],[57399.604094],[57399.695829],[57399.788542],[57399.880338],[57399.972135],[57400.064847],[57400.156644],[57400.248379],[57400.340176],[57400.432888],[57400.524685],[57400.616481],[57400.709193],[57400.80099],[57400.893702],[57400.98556],[57401.077357],[57401.170069],[57401.261804],[57401.353662],[57401.445398],[57401.53811],[57401.629845],[57401.721642],[57401.814415],[57401.906151],[57401.997947],[57402.09066],[57402.182456],[57402.274192],[57402.366965],[57402.458701],[57402.550497],[57402.642294],[57402.735006],[57402.826742],[57402.918538],[57403.011251],[57403.103047],[57403.194844],[57403.287556],[57403.379292],[57403.471088],[57403.534443]],"gpu":[],"package":[[9315.699235],[9315.900345],[9316.076553],[9316.232192],[9316.38655],[9316.540175],[9316.693068],[9316.840223],[9316.995435],[9317.14613],[9317.299695],[9317.451855],[9317.620006],[9317.772044],[9317.923899],[9318.073496],[9318.230173],[9318.381235],[9318.535043],[9318.691476],[9318.840462],[9319.007454],[9319.158454],[9319.317329],[9319.478827],[9319.634649],[9319.787725],[9319.936162],[9320.084538],[9320.234013],[9320.38068],[9320.53278],[9320.685611],[9320.849856],[9320.997012],[9321.145022],[9321.294313],[9321.444398],[9321.601991],[9321.752015],[9321.899048],[9322.053222],[9322.203796],[9322.351439],[9322.499144],[9322.648008],[9322.825376],[9322.976194],[9323.129147],[9323.276547],[9323.428036],[9323.583553],[9323.735164],[9323.88708],[9324.055964],[9324.217218],[9324.390741],[9324.561517],[9324.712212],[9324.860039],[9325.014641],[9325.174796],[9325.324149],[9325.47991],[9325.630362],[9325.780996],[9325.93218],[9326.102223],[9326.252369],[9326.406239],[9326.557544],[9326.72832],[9326.879504],[9327.028551],[9327.18358],[9327.35753],[9327.524278],[9327.673997],[9327.82518],[9327.995102],[9328.157089],[9328.312362],[9328.46678],[9328.647017],[9328.799055],[9328.96269],[9329.137616],[9329.285992],[9329.461834],[9329.630596],[9329.785502],[9329.9387],[9330.088236],[9330.260477],[9330.414346],[9330.583169],[9330.753884],[9330.905678],[9331.079628],[9331.247901],[9331.353492]],"socket":0,"sys":[],"uncore":[]}],"range":{"end":{"absolute_address":"0x401c25","compilation_unit":null,"function_return":true},"start":{"address":"0x401e10","compilation_unit":{"path":"/home/vlad/energy-profiler-evaluation/sleep/sleep.cpp"},"function_call":{"function":{"declared":{"column":32,"file":"/home/vlad/energy-profiler-evaluation/sleep/sleep.cpp","line":10},"static":true},"symbol":{"address":"0x401e10","binding":"local","demangled_name":"(anonymous namespace)::sleep(std::chrono::duration<long, std::ratio<1l, 1000l> > const&) [clone .isra.0]","local_entrypoint":"0x401e10","mangled_name":"_ZN12_GLOBAL__N_15sleepERKNSt6chrono8durationIlSt5ratioILl1ELl1000EEEE.isra.0","size":"0x71"}}}},"sample_times":[273065981312757,273066081649373,273066181980163,273066282308285,273066382635356,273066482957629,273066583288706,273066683624463,273066783963599,273066884291814,273066984618476,273067084951381,273067185276849,273067285609195,273067385938796,273067486268418,273067586598415,273067686920884,273067787175594,273067887505138,273067987832417,273068088015354,273068188346267,273068288671667,273068388990210,273068489306329,273068589633769,273068689968724,273068790299749,273068890622666,273068990944995,273069091266692,273069191602887,273069291933107,273069392255277,273069492576187,273069592907017,273069693229823,273069793552772,273069893883056,273069994215907,273070094539277,273070194874314,273070295204216,273070395534530,273070495866330,273070596137605,273070696458849,273070796790964,273070897081421,273070997414698,273071097737631,273071198023736,273071298348148,273071398672320,273071498986139,273071599318036,273071699644123,273071799976030,273071900303521,273072000635765,273072100962099,273072201295095,273072301629814,273072401954334,273072502288554,273072602619708,273072702945295,273072803281637,273072903606762,273073004064607,273073104387302,273073204714152,273073305005934,273073405328409,273073505665314,273073605906210,273073706236759,273073806554851,273073906887636,273074007091934,273074107421674,273074207740347,273074308080972,273074408414548,273074508732191,273074608969655,273074709306519,273074809629205,273074909863393,273075010185629,273075110516018,273075210849070,273075311181713,273075411510561,273075511839457,273075612074735,273075712402682,273075812720634,273075912956816,273075981485907]}],"extra":null,"label":null}]}],"idle":[],"units":{"energy":"J","power":"W","time":"ns"}}