{"format":{"cpu":["energy"],"gpu":[]},"groups":[{"extra":null,"label":null,"sections":[{"executions":[],"extra":null,"label":"dgemm_notrans"},{"executions":[{"cpu":[{"cores":[[19163.608777],[19169.764218],[19177.074807],[19184.400106],[19191.735537],[19199.045698],[19206.361964],[19213.667182],[19221.002612],[19228.382904],[19235.724254],[19243.049919],[19250.391087],[19257.738724],[19265.078733],[19272.444253],[19279.8019],[19287.162111],[19294.511396],[19301.865748],[19309.28736],[19316.629382],[19323.97885],[19331.348766],[19338.707878],[19346.069553],[19353.424393],[19360.792294],[19368.152199],[19375.509968],[19382.899842],[19390.272321],[19397.613244],[19404.953558],[19412.300096],[19419.640715],[19426.976267],[19434.321585],[19441.657992],[19449.01625],[19456.366024],[19463.786903],[19471.145405],[19478.502136],[19485.854229],[19493.195946],[19500.539372],[19507.890977],[19515.248807],[19522.588327],[19529.927969],[19537.261324],[19544.679457],[19552.027766],[19559.356788],[19566.726215],[19574.096435],[19581.466961],[19588.814354],[19596.165348],[19603.533555],[19610.880338],[19618.258737],[19625.644887],[19632.987642],[19640.347547],[19647.707086],[19655.061011],[19662.428484],[19669.278381],[19676.151289],[19683.520716],[19690.859137],[19698.204577],[19705.554473],[19712.889964],[19720.253165],[19727.591648],[19734.940079],[19742.286251],[19749.672646],[19757.03542],[19764.388734],[19771.756024],[19779.112634],[19786.481145],[19793.840501],[19801.16757],[19808.492014],[19815.829276],[19823.185275],[19830.560012],[19837.911739],[19845.289161],[19852.633259],[19859.981751],[19867.35014],[19874.697655],[19882.032658],[19889.347947],[19896.651334],[19904.021494],[19911.342459],[19918.678866],[19925.784561],[19926.620862]],"dram":[[217046.661033],[217046.993918],[217047.3962],[217047.795491],[217048.176532],[217048.556719],[217048.935136],[217049.31868],[217049.708023],[217050.094313],[217050.48335],[217050.878186],[217051.269054],[217051.659251],[217052.056344],[217052.439644],[217052.808967],[217053.181769],[217053.555913],[217053.93665],[217054.322574],[217054.709109],[217055.098817],[217055.49353],[217055.884215],[217056.279783],[217056.68414],[217057.072872],[217057.440425],[217057.809748],[217058.175652],[217058.546806],[217058.92504],[217059.300955],[217059.68224],[217060.071766],[217060.460192],[217060.850572],[217061.245591],[217061.637252],[217062.037581],[217062.430646],[217062.800274],[217063.167705],[217063.536906],[217063.903055],[217064.272316],[217064.64878],[217065.023413],[217065.40299],[217065.791233],[217066.178134],[217066.563998],[217066.957429],[217067.34787],[217067.738616],[217068.139311],[217068.532254],[217068.912075],[217069.279933],[217069.647486],[217070.014855],[217070.387596],[217070.757407],[217071.134359],[217071.516378],[217071.906391],[217072.294696],[217072.692705],[217073.112138],[217073.509536],[217073.895888],[217074.280042],[217074.654126],[217075.025524],[217075.398875],[217075.763559],[217076.12867],[217076.496956],[217076.862311],[217077.227361],[217077.594792],[217077.958927],[217078.322635],[217078.686464],[217079.054627],[217079.41803],[217079.782775],[217080.150267],[217080.515195],[217080.880672],[217081.248469],[217081.611933],[217081.977166],[217082.345512],[217082.710685],[217083.074026],[217083.442128],[217083.807667],[217084.175403],[217084.53966],[217084.906114],[217085.271958],[217085.637557],[217086.028303],[217086.083601]],"gpu":[],"package":[[20491.547883],[20497.802383],[20505.316585],[20512.785499],[20520.252216],[20527.768249],[20535.219097],[20542.653648],[20550.20441],[20557.719344],[20565.193019],[20572.735053],[20580.210986],[20587.694609],[20595.251902],[20602.74761],[20610.23691],[20617.798841],[20625.287287],[20632.77268],[20640.40529],[20647.886838],[20655.380227],[20662.88271],[20670.4516],[20677.955243],[20685.52932],[20693.033146],[20700.518722],[20708.008632],[20715.604194],[20723.097766],[20730.654632],[20738.115367],[20745.60607],[20753.152682],[20760.626723],[20768.110773],[20775.653967],[20783.146196],[20790.644346],[20798.27189],[20805.756429],[20813.252137],[20820.802289],[20828.275781],[20835.753117],[20843.306016],[20850.795132],[20858.271675],[20865.826527],[20873.293243],[20880.846691],[20888.328605],[20895.872226],[20903.380325],[20910.895747],[20918.471289],[20925.956011],[20933.435973],[20941.010477],[20948.491781],[20956.012209],[20963.591291],[20971.073694],[20978.566717],[20986.133958],[20993.628812],[21001.142953],[21008.219473],[21015.235568],[21022.735732],[21030.212886],[21037.764868],[21045.244769],[21052.71588],[21060.280802],[21067.74526],[21075.224306],[21082.776899],[21090.284326],[21097.783086],[21105.342088],[21112.846219],[21120.334664],[21127.901356],[21135.391571],[21142.848584],[21150.38012],[21157.839939],[21165.326676],[21172.827511],[21180.386207],[21187.892658],[21195.364807],[21202.921428],[21210.417075],[21217.894107],[21225.432845],[21232.88766],[21240.325141],[21247.890185],[21255.341887],[21262.813792],[21270.127066],[21270.95702]],"socket":0,"sys":[],"uncore":[]}],"range":{"end":{"absolute_address":"0x403f17","compilation_unit":null,"function_return":true},"start":{"address":"0x402df0","compilation_unit":{"path":"/home/vlad/energy-profiler-evaluation/cblas/cblas.cpp"},"function_call":{"function":{"declared":{"column":16,"file":"/home/vlad/energy-profiler-evaluation/cblas/cblas.cpp","line":41},"static":true},"symbol":{"address":"0x402df0","binding":"local","demangled_name":"void (anonymous namespace)::detail::gemm_compute<(anonymous namespace)::detail::transpose, double>(unsigned long, unsigned long, unsigned long, unsigned long, double const*, double const*, double*)","local_entrypoint":"0x402df0","mangled_name":"_ZN12_GLOBAL__N_16detail12gemm_computeINS0_9transposeEdEEvmmmmPKT0_S5_PS3_","size":"0xa4"}}}},"sample_times":[1654026688480906082,1654026688581183311,1654026688681524811,1654026688781865371,1654026688882193586,1654026688982527283,1654026689082859363,1654026689183205931,1654026689283533155,1654026689383864731,1654026689484210815,1654026689584542235,1654026689684883486,1654026689785242696,1654026689885580983,1654026689985906821,1654026690086225226,1654026690186559261,1654026690286875174,1654026690387203667,1654026690487521885,1654026690587722135,1654026690688056993,1654026690788381979,1654026690888713178,1654026690989063073,1654026691089384947,1654026691189713362,1654026691290040570,1654026691390372408,1654026691490753028,1654026691591108777,1654026691691439575,1654026691791771043,1654026691892112848,1654026691992437599,1654026692092763888,1654026692193100943,1654026692293452120,1654026692393778160,1654026692494109677,1654026692594451456,1654026692694777955,1654026692795102541,1654026692895440842,1654026692995773648,1654026693096101574,1654026693196434580,1654026693296767247,1654026693397076922,1654026693497393429,1654026693597709656,1654026693697981497,1654026693798322617,1654026693898659419,1654026693998997894,1654026694099344084,1654026694199675861,1654026694300014619,1654026694400337692,1654026694500666113,1654026694600871613,1654026694701250095,1654026694801598679,1654026694901807864,1654026695002139890,1654026695102463893,1654026695202795531,1654026695303127505,1654026695403371122,1654026695503681822,1654026695604017832,1654026695704346441,1654026695804659329,1654026695904979539,1654026696005312619,1654026696105635585,1654026696205962533,1654026696306280478,1654026696406607107,1654026696506935996,1654026696607250606,1654026696707572293,1654026696807763897,1654026696908066927,1654026697008392468,1654026697108713927,1654026697209050439,1654026697309375574,1654026697409698536,1654026697510006921,1654026697610331198,1654026697710654007,1654026697810977854,1654026697911303966,1654026698011629188,1654026698111933242,1654026698212268198,1654026698312604701,1654026698412781997,1654026698513100609,1654026698613432579,1654026698713786134,1654026698814104391,1654026698914450492,1654026698928011066]}],"extra":null,