{"format":{"cpu":["energy"],"gpu":[]},"groups":[{"extra":null,"label":null,"sections":[{"executions":[{"cpu":[{"cores":[[40156.74223],[40156.845989],[40156.943706],[40157.041973],[40157.126384],[40157.203288],[40157.303324],[40157.388041],[40157.466044],[40157.57255],[40157.652384],[40157.749795],[40157.844522],[40157.921792],[40158.024697],[40158.109414],[40158.205605],[40158.301308],[40158.385292],[40158.48246],[40158.570716],[40158.651893],[40158.741919],[40158.8375],[40158.918677],[40159.009375],[40159.095617],[40159.184057],[40159.288671],[40159.375585],[40159.468907],[40159.550572],[40159.631627],[40159.713352],[40159.805515],[40159.889866],[40159.975742],[40160.061557],[40160.143588],[40160.231295],[40160.3212],[40160.403841],[40160.488375],[40160.572969],[40160.669893],[40160.754304],[40160.839265],[40160.924958],[40161.008698],[40161.096406],[40161.206208],[40161.30014],[40161.397613],[40161.48117],[40161.56723],[40161.658172],[40161.744963],[40161.828948],[40161.916472],[40162.015104],[40162.101713],[40162.184049],[40162.269498],[40162.370511],[40162.46658],[40162.549405],[40162.6376],[40162.728298],[40162.813198],[40162.897915],[40162.981105],[40163.064967],[40163.156825],[40163.240016],[40163.332911],[40163.420313],[40163.502283],[40163.584925],[40163.668848],[40163.757776],[40163.851098],[40163.943566],[40164.036156],[40164.122033],[40164.206139],[40164.286034],[40164.375633],[40164.46157],[40164.544517],[40164.637595],[40164.722556],[40164.80239],[40164.888998],[40164.973105],[40165.06246],[40165.145834],[40165.232625],[40165.316427],[40165.402181],[40165.498372],[40165.558186]],"dram":[[145263.533825],[145263.626659],[145263.718578],[145263.810313],[145263.902171],[145263.994883],[145264.08668],[145264.178476],[145264.271188],[145264.363046],[145264.454843],[145264.547555],[145264.639352],[145264.731148],[145264.823921],[145264.915718],[145265.007454],[145265.100227],[145265.191962],[145265.283759],[145265.375617],[145265.468329],[145265.560065],[145265.651861],[145265.744512],[145265.836431],[145265.928228],[145266.02094],[145266.112675],[145266.204472],[145266.297184],[145266.388981],[145266.480777],[145266.573429],[145266.665225],[145266.757083],[145266.849734],[145266.941531],[145267.033266],[145267.12604],[145267.217836],[145267.309572],[145267.402284],[145267.494081],[145267.585877],[145267.678589],[145267.770386],[145267.862122],[145267.954895],[145268.046691],[145268.138488],[145268.230285],[145268.322997],[145268.414733],[145268.50659],[145268.599302],[145268.691038],[145268.782835],[145268.875547],[145268.967343],[145269.05914],[145269.151791],[145269.243588],[145269.335384],[145269.428036],[145269.519832],[145269.61169],[145269.704341],[145269.796138],[145269.887934],[145269.980585],[145270.072443],[145270.164179],[145270.256891],[145270.348688],[145270.440484],[145270.533196],[145270.624932],[145270.716729],[145270.808525],[145270.901237],[145270.993034],[145271.084831],[145271.177543],[145271.269278],[145271.361075],[145271.453787],[145271.545584],[145271.637381],[145271.730032],[145271.821889],[145271.913625],[145272.006337],[145272.098134],[145272.18993],[145272.282643],[145272.374378],[145272.466175],[145272.558887],[145272.650684],[145272.713061]],"gpu":[],"package":[[40214.689103],[40214.862259],[40215.028091],[40215.191665],[40215.341018],[40215.484755],[40215.650892],[40215.79994],[40215.945264],[40216.116834],[40216.261181],[40216.423718],[40216.585949],[40216.728526],[40216.89796],[40217.046519],[40217.208139],[40217.367258],[40217.519906],[40217.682503000004],[40217.8368],[40217.984321],[40218.139595],[40218.300666],[40218.448432],[40218.604193],[40218.756231],[40218.910283],[40219.0799],[40219.233403],[40219.392521],[40219.540165],[40219.686466],[40219.835025],[40219.990908],[40220.142214],[40220.294557],[40220.445924],[40220.593507],[40220.748108],[40220.903259],[40221.05133],[40221.201293],[40221.349486],[40221.511351],[40221.661436],[40221.815061],[40221.967282],[40222.116086],[40222.270443],[40222.44482],[40222.604122],[40222.76855],[40222.917414],[40223.069025],[40223.226373],[40223.377069],[40223.525811],[40223.679375],[40223.844414],[40223.998161],[40224.14611],[40224.297416],[40224.463675],[40224.626394],[40224.773611],[40224.925954],[40225.08318],[40225.233998],[40225.38512],[40225.534778],[40225.684375],[40225.839404],[40225.991442],[40226.146715],[40226.300401],[40226.45128],[40226.599046],[40226.746201],[40226.89946],[40227.061264],[40227.219222],[40227.377791],[40227.530379],[40227.679914],[40227.824323],[40227.97862],[40228.132001],[40228.280804],[40228.440227],[40228.59019],[40228.735637],[40228.888896],[40229.038553],[40229.192056],[40229.341714],[40229.495095],[40229.64396],[40229.79673],[40229.958046],[40230.058814]],"socket":0,"sys":[],"uncore":[]}],"range":{"end":{"absolute_address":"0x401c25","compilation_unit":null,"function_return":true},"start":{"address":"0x401e10","compilation_unit":{"path":"/home/vlad/energy-profiler-evaluation/sleep/sleep.cpp"},"function_call":{"function":{"declared":{"column":32,"file":"/home/vlad/energy-profiler-evaluation/sleep/sleep.cpp","line":10},"static":true},"symbol":{"address":"0x401e10","binding":"local","demangled_name":"(anonymous namespace)::sleep(std::chrono::duration<long, std::ratio<1l, 1000l> > const&) [clone .isra.0]","local_entrypoint":"0x401e10","mangled_name":"_ZN12_GLOBAL__N_15sleepERKNSt6chrono8durationIlSt5ratioILl1ELl1000EEEE.isra.0","size":"0x71"}}}},"sample_times":[1652832764928229560,1652832765028566451,1652832765128891872,1652832765229218749,1652832765329458211,1652832765429785201,1652832765530106726,1652832765630430335,1652832765730768669,1652832765831087095,1652832765931407033,1652832766031739445,1652832766131981445,1652832766232304550,1652832766332600881,1652832766432945469,1652832766533269126,1652832766633504764,1652832766733829287,1652832766834151960,1652832766934480227,1652832767034803930,1652832767135130273,1652832767235360664,1652832767335683926,1652832767436008396,1652832767536343037,1652832767636671964,1652832767737004191,1652832767837331105,1652832767937662117,1652832768037992038,1652832768138317146,1652832768238646164,1652832768338984249,1652832768439307043,1652832768539636487,1652832768639969222,1652832768740291786,1652832768840621155,1652832768940955921,1652832769041293721,1652832769141620338,1652832769241875133,1652832769342205763,1652832769442549303,1652832769542875824,1652832769643147786,1652832769743464708,1652832769843751065,1652832769944069258,1652832770044395094,1652832770144724276,1652832770245047091,1652832770345371510,1652832770445703631,1652832770546039595,1652832770646377340,1652832770746718538,1652832770847049485,1652832770947375982,1652832771047701788,1652832771148028702,1652832771248358975,1652832771348690773,1652832771449022494,1652832771549365830,1652832771649697852,1652832771750039639,1652832771850363888,1652832771950687774,1652832772051025125,1652832772151350246,1652832772251682309,1652832772351936507,1652832772452233250,1652832772552561424,1652832772652743326,1652832772753069493,1652832772853395779,1652832772953711935,1652832773054036265,1652832773154365336,1652832773254695835,1652832773355023295,1652832773455359580,1652832773555683477,1652832773656016511,1652832773756344529,1652832773856674494,1652832773957005484,1652832774057334579,1652832774157670098,1652832774258007246,1652832774358340457,1652832774458669915,1652832774559000697,1652832774659332468,1652832774759658941,1652832774859988556,1652832774928416983]}],"extra":null,"label":null}]}],"idle":[],"units":{"energy":"J","power":"W","time":"ns"}}